eid,gene,group,status,evidence_type,evidence_level,significance,disease,doid,molecular_profile,pancreatic
EID993,KRAS,panel,ACCEPTED,PREDICTIVE,A,RESISTANCE,Colorectal Cancer,9256,KRAS Exon 2 Mutation,0
EID2998,KRAS,panel,ACCEPTED,PREDICTIVE,A,RESISTANCE,Lung Non-small Cell Carcinoma,3908,KRAS Mutation,0
EID5345,KRAS,panel,ACCEPTED,PREDICTIVE,A,RESISTANCE,Colorectal Cancer,9256,KRAS Mutation,0
EID9431,KRAS,panel,ACCEPTED,PREDICTIVE,A,SENSITIVITYRESPONSE,Lung Non-small Cell Carcinoma,3908,KRAS G12C,0
EID11262,KRAS,panel,SUBMITTED,PREDICTIVE,A,SENSITIVITYRESPONSE,Colorectal Cancer,9256,KRAS Wildtype,0
EID11264,KRAS,panel,SUBMITTED,PREDICTIVE,A,SENSITIVITYRESPONSE,Colorectal Cancer,9256,KRAS Wildtype,0
EID12063,KRAS,panel,ACCEPTED,PREDICTIVE,A,SENSITIVITYRESPONSE,Colorectal Cancer,9256,KRAS G12C,0
EID12264,KRAS,panel,ACCEPTED,PREDICTIVE,A,SENSITIVITYRESPONSE,Colorectal Cancer,9256,KRAS G12C,0
EID12818,KRAS,panel,SUBMITTED,PREDICTIVE,A,SENSITIVITYRESPONSE,Ovary Serous Adenocarcinoma,5744,KRAS Mutation,0
EID2010,KRAS,panel,SUBMITTED,PREDICTIVE,B,RESISTANCE,Multiple Myeloma,9538,KRAS G12A,0
EID2011,KRAS,panel,SUBMITTED,PREDICTIVE,B,RESISTANCE,Multiple Myeloma,9538,KRAS G12A,0
EID2241,KRAS,panel,SUBMITTED,PREDICTIVE,B,RESISTANCE,Lung Cancer,1324,KRAS G12D,0
EID2243,KRAS,panel,SUBMITTED,PREDICTIVE,B,RESISTANCE,Lung Cancer,1324,KRAS G12D,0
EID2244,KRAS,panel,SUBMITTED,PREDICTIVE,B,RESISTANCE,Lung Cancer,1324,KRAS G12D,0
EID2245,KRAS,panel,SUBMITTED,PREDICTIVE,B,RESISTANCE,Lung Cancer,1324,KRAS G12D,0
EID2248,KRAS,panel,SUBMITTED,PREDICTIVE,B,RESISTANCE,Multiple Myeloma,9538,KRAS G12D,0
EID2249,KRAS,panel,SUBMITTED,PREDICTIVE,B,RESISTANCE,Multiple Myeloma,9538,KRAS G12D,0
EID2259,KRAS,panel,SUBMITTED,PREDICTIVE,B,RESISTANCE,Multiple Myeloma,9538,KRAS G12C,0
EID2260,KRAS,panel,SUBMITTED,PREDICTIVE,B,RESISTANCE,Multiple Myeloma,9538,KRAS G12C,0
EID2275,KRAS,panel,SUBMITTED,PREDICTIVE,B,RESISTANCE,Multiple Myeloma,9538,KRAS G12S,0
EID2276,KRAS,panel,SUBMITTED,PREDICTIVE,B,RESISTANCE,Multiple Myeloma,9538,KRAS G12S,0
EID2806,KRAS,panel,SUBMITTED,PREDICTIVE,B,RESISTANCE,Colorectal Cancer,9256,KRAS Q61P,0
EID2808,KRAS,panel,SUBMITTED,PREDICTIVE,B,RESISTANCE,Colorectal Cancer,9256,KRAS Q61E,0
EID3879,KRAS,panel,SUBMITTED,PREDICTIVE,B,RESISTANCE,Colorectal Cancer,9256,KRAS G13D,0
EID3882,KRAS,panel,ACCEPTED,PREDICTIVE,B,RESISTANCE,Colorectal Cancer,9256,KRAS G13D,0
EID3884,KRAS,panel,SUBMITTED,PREDICTIVE,B,RESISTANCE,Colorectal Cancer,9256,KRAS G13D,0
EID3916,KRAS,panel,SUBMITTED,PREDICTIVE,B,RESISTANCE,Colorectal Cancer,9256,KRAS G12V,0
EID3919,KRAS,panel,SUBMITTED,PREDICTIVE,B,RESISTANCE,Colorectal Cancer,9256,KRAS G12V,0
EID3938,KRAS,panel,SUBMITTED,PREDICTIVE,B,RESISTANCE,Colorectal Cancer,9256,KRAS G12D,0
EID3951,KRAS,panel,SUBMITTED,PREDICTIVE,B,RESISTANCE,Lung Cancer,1324,KRAS G12D,0
EID3952,KRAS,panel,SUBMITTED,PREDICTIVE,B,RESISTANCE,Lung Cancer,1324,KRAS G12D,0
EID3953,KRAS,panel,SUBMITTED,PREDICTIVE,B,RESISTANCE,Lung Cancer,1324,KRAS G12D,0
EID3954,KRAS,panel,SUBMITTED,PREDICTIVE,B,RESISTANCE,Lung Cancer,1324,KRAS G12D,0
EID4005,KRAS,panel,SUBMITTED,PREDICTIVE,B,RESISTANCE,Colorectal Cancer,9256,KRAS G12S,0
EID4508,KRAS,panel,SUBMITTED,PREDICTIVE,B,RESISTANCE,Colorectal Cancer,9256,KRAS G13V,0
EID8068,KRAS,panel,SUBMITTED,PREDICTIVE,B,SENSITIVITYRESPONSE,Cancer,162,KRAS G12C,0
EID306,KRAS,panel,ACCEPTED,PREDICTIVE,B,SENSITIVITYRESPONSE,Colorectal Cancer,9256,KRAS G13D,0
EID336,KRAS,panel,ACCEPTED,PROGNOSTIC,B,BETTER_OUTCOME,Colorectal Cancer,9256,KRAS G12,0
EID487,KRAS,panel,ACCEPTED,PROGNOSTIC,B,POOR_OUTCOME,Multiple Myeloma,9538,KRAS G12,0
EID488,KRAS,panel,ACCEPTED,PROGNOSTIC,B,POOR_OUTCOME,Multiple Myeloma,9538,KRAS G13,0
EID489,KRAS,panel,ACCEPTED,PROGNOSTIC,B,POOR_OUTCOME,Multiple Myeloma,9538,KRAS Q61,0
EID622,KRAS,panel,ACCEPTED,PREDICTIVE,B,RESISTANCE,Pancreatic Adenocarcinoma,4074,KRAS G12/G13,1
EID999,KRAS,panel,ACCEPTED,PREDICTIVE,B,SENSITIVITYRESPONSE,Lung Non-small Cell Carcinoma,3908,KRAS Mutation,0
EID1139,KRAS,panel,ACCEPTED,PREDICTIVE,B,RESISTANCE,Colorectal Cancer,9256,KRAS Mutation,0
EID1181,KRAS,panel,ACCEPTED,PREDICTIVE,B,RESISTANCE,Colorectal Cancer,9256,KRAS G13D,0
EID1219,KRAS,panel,ACCEPTED,PREDICTIVE,B,RESISTANCE,Pancreatic Cancer,1793,KRAS Exon 2 Mutation,1
EID1298,KRAS,panel,ACCEPTED,PROGNOSTIC,B,POOR_OUTCOME,Pancreatic Cancer,1793,KRAS G12R,1
EID1300,KRAS,panel,ACCEPTED,PROGNOSTIC,B,POOR_OUTCOME,Pancreatic Cancer,1793,KRAS G12D,1
EID1700,KRAS,panel,ACCEPTED,PROGNOSTIC,B,POOR_OUTCOME,Lung Adenocarcinoma,3910,KRAS Mutation,0
EID3704,KRAS,panel,ACCEPTED,PREDICTIVE,B,RESISTANCE,Colorectal Cancer,9256,KRAS Mutation,0
EID3917,KRAS,panel,ACCEPTED,PREDICTIVE,B,RESISTANCE,Colorectal Cancer,9256,KRAS Q61,0
EID4867,KRAS,panel,ACCEPTED,PREDICTIVE,B,SENSITIVITYRESPONSE,Lung Non-small Cell Carcinoma,3908,KRAS Mutation,0
EID4868,KRAS,panel,ACCEPTED,PREDICTIVE,B,SENSITIVITYRESPONSE,Lung Non-small Cell Carcinoma,3908,KRAS Mutation,0
EID4996,KRAS,panel,ACCEPTED,PREDICTIVE,B,SENSITIVITYRESPONSE,Lung Non-small Cell Carcinoma,3908,KRAS Mutation,0
EID4997,KRAS,panel,ACCEPTED,PREDICTIVE,B,SENSITIVITYRESPONSE,Lung Non-small Cell Carcinoma,3908,KRAS Mutation,0
EID6974,KRAS,panel,SUBMITTED,PREDICTIVE,B,SENSITIVITYRESPONSE,Colon Cancer,219,KRAS G13D,0
EID8031,KRAS,panel,SUBMITTED,DIAGNOSTIC,B,POSITIVE,Colorectal Cancer,9256,KRAS G12D,0
EID8301,KRAS,panel,SUBMITTED,PREDICTIVE,B,SENSITIVITYRESPONSE,Colorectal Cancer,9256,KRAS Mutation,0
EID9598,KRAS,panel,SUBMITTED,PROGNOSTIC,B,POOR_OUTCOME,Colorectal Cancer,9256,KRAS KRAS4A underexpression,0
EID9599,KRAS,panel,SUBMITTED,PROGNOSTIC,B,POOR_OUTCOME,Colorectal Cancer,9256,KRAS KRAS4A underexpression,0
EID9600,KRAS,panel,SUBMITTED,PROGNOSTIC,B,POOR_OUTCOME,Lung Adenocarcinoma,3910,KRAS KRAS4A underexpression,0
EID11055,KRAS,panel,SUBMITTED,PREDICTIVE,B,SENSITIVITYRESPONSE,Colorectal Adenocarcinoma,0050861,KRAS G12 OR KRAS G13 OR KRAS Q61,0
EID11061,KRAS,panel,SUBMITTED,PROGNOSTIC,B,POOR_OUTCOME,Colorectal Adenocarcinoma,0050861,NRAS Mutation OR KRAS Mutation OR BRAF Mutation,0
EID11328,KRAS,panel,SUBMITTED,PREDICTIVE,B,SENSITIVITYRESPONSE,Erdheim-Chester Disease,4329,NRAS Mutation OR KRAS Mutation OR RAF1 Mutation OR MAP2K1 Mutation OR MAP2K2 Mutation,0
EID11329,KRAS,panel,SUBMITTED,PREDICTIVE,B,SENSITIVITYRESPONSE,Langerhans-cell Histiocytosis,2571,NRAS Mutation OR KRAS Mutation OR RAF1 Mutation OR MAP2K1 Mutation OR MAP2K2 Mutation,0
EID11652,KRAS,panel,ACCEPTED,PREDICTIVE,B,SENSITIVITYRESPONSE,Lung Non-small Cell Carcinoma,3908,KRAS G12C,0
EID13009,KRAS,panel,SUBMITTED,PREDICTIVE,B,SENSITIVITYRESPONSE,Lung Non-small Cell Carcinoma,3908,KRAS G12C,0
EID13126,KRAS,panel,SUBMITTED,PREDICTIVE,B,SENSITIVITYRESPONSE,Low-grade Serous Ovarian Carcinoma,,KRAS Mutation,0
EID8,KRAS,panel,ACCEPTED,DIAGNOSTIC,B,POSITIVE,Acute Leukemia,12603,KRAS G12,0
EID35,KRAS,panel,ACCEPTED,PREDICTIVE,B,RESISTANCE,Lung Non-small Cell Carcinoma,3908,KRAS G12/G13,0
EID134,KRAS,panel,ACCEPTED,PREDICTIVE,B,RESISTANCE,Colorectal Cancer,9256,KRAS G12/G13,0
EID215,KRAS,panel,ACCEPTED,DIAGNOSTIC,B,POSITIVE,Lung Non-small Cell Carcinoma,3908,KRAS G12,0
EID228,KRAS,panel,ACCEPTED,DIAGNOSTIC,B,POSITIVE,Lung Cancer,1324,KRAS G12D,0
EID250,KRAS,panel,ACCEPTED,PREDICTIVE,B,RESISTANCE,Colorectal Cancer,9256,KRAS Exon 2 Mutation,0
EID251,KRAS,panel,ACCEPTED,PREDICTIVE,B,RESISTANCE,Lung Adenocarcinoma,3910,KRAS G12A,0
EID337,KRAS,panel,ACCEPTED,PROGNOSTIC,B,NA,Lung Non-small Cell Carcinoma,3908,KRAS G12,0
EID377,KRAS,panel,ACCEPTED,PROGNOSTIC,B,POOR_OUTCOME,Multiple Myeloma,9538,KRAS G12,0
EID378,KRAS,panel,ACCEPTED,PROGNOSTIC,B,POOR_OUTCOME,Lung Non-small Cell Carcinoma,3908,KRAS G12,0
EID664,KRAS,panel,ACCEPTED,PREDICTIVE,B,RESISTANCE,Epithelial Ovarian Cancer,2152,KRAS RS61764370,0
EID872,KRAS,panel,ACCEPTED,PREDICTIVE,B,RESISTANCE,Head And Neck Squamous Cell Carcinoma,5520,KRAS RS61764370,0
EID916,KRAS,panel,ACCEPTED,PREDICTIVE,B,RESISTANCE,Pancreatic Carcinoma,4905,KRAS Exon 2 Mutation,1
EID917,KRAS,panel,ACCEPTED,PROGNOSTIC,B,POOR_OUTCOME,Pancreatic Carcinoma,4905,KRAS Exon 2 Mutation,1
EID987,KRAS,panel,ACCEPTED,PROGNOSTIC,B,POOR_OUTCOME,Lung Non-small Cell Carcinoma,3908,KRAS G12V,0
EID990,KRAS,panel,ACCEPTED,PREDICTIVE,B,SENSITIVITYRESPONSE,Pancreatic Adenocarcinoma,4074,KRAS G12/G13,1
EID997,KRAS,panel,ACCEPTED,PREDICTIVE,B,RESISTANCE,Lung Non-small Cell Carcinoma,3908,KRAS Mutation,0
EID1180,KRAS,panel,ACCEPTED,PREDICTIVE,B,RESISTANCE,Colorectal Cancer,9256,KRAS G13D,0
EID1208,KRAS,panel,ACCEPTED,PREDICTIVE,B,RESISTANCE,Colorectal Cancer,9256,KRAS Exon 2 Mutation,0
EID1215,KRAS,panel,ACCEPTED,PROGNOSTIC,B,BETTER_OUTCOME,Colorectal Cancer,9256,KRAS G12D,0
EID1216,KRAS,panel,ACCEPTED,PREDICTIVE,B,RESISTANCE,Colorectal Cancer,9256,KRAS G12C,0
EID1217,KRAS,panel,ACCEPTED,PROGNOSTIC,B,POOR_OUTCOME,Lung Non-small Cell Carcinoma,3908,KRAS G12C,0
EID1218,KRAS,panel,ACCEPTED,PREDICTIVE,B,SENSITIVITYRESPONSE,Lung Adenocarcinoma,3910,KRAS Mutation,0
EID1311,KRAS,panel,ACCEPTED,PROGNOSTIC,B,POOR_OUTCOME,Malignant Exocrine Pancreas Neoplasm,1795,KRAS G12D,1
EID1596,KRAS,panel,ACCEPTED,PROGNOSTIC,B,POOR_OUTCOME,Pseudomyxoma Peritonei,3559,KRAS Mutation,0
EID1732,KRAS,panel,ACCEPTED,PROGNOSTIC,B,POOR_OUTCOME,Pancreatic Ductal Carcinoma,3587,KRAS G12D,1
EID2004,KRAS,panel,ACCEPTED,PREDICTIVE,B,RESISTANCE,Colorectal Cancer,9256,KRAS G12/G13,0
EID2207,KRAS,panel,ACCEPTED,PREDICTIVE,B,RESISTANCE,Colorectal Cancer,9256,KRAS G12D,0
EID2219,KRAS,panel,ACCEPTED,PREDICTIVE,B,RESISTANCE,Colorectal Cancer,9256,KRAS G12V,0
EID2226,KRAS,panel,SUBMITTED,PREDICTIVE,B,RESISTANCE,Colorectal Cancer,9256,KRAS A146T,0
EID2227,KRAS,panel,SUBMITTED,PREDICTIVE,B,RESISTANCE,Colorectal Cancer,9256,KRAS Q61H,0
EID2228,KRAS,panel,SUBMITTED,PREDICTIVE,B,RESISTANCE,Colorectal Cancer,9256,KRAS Q61L,0
EID2229,KRAS,panel,SUBMITTED,PREDICTIVE,B,RESISTANCE,Colorectal Cancer,9256,KRAS Q61R,0
EID2230,KRAS,panel,SUBMITTED,PREDICTIVE,B,RESISTANCE,Colorectal Cancer,9256,KRAS Q61K,0
EID2231,KRAS,panel,ACCEPTED,PROGNOSTIC,B,POOR_OUTCOME,Colorectal Cancer,9256,KRAS G12/G13,0
EID2361,KRAS,panel,ACCEPTED,PROGNOSTIC,B,POOR_OUTCOME,Colorectal Cancer,9256,KRAS Exon 2 Mutation,0
EID2385,KRAS,panel,ACCEPTED,PREDICTIVE,B,RESISTANCE,Lung Non-small Cell Carcinoma,3908,KRAS Mutation,0
EID2805,KRAS,panel,SUBMITTED,PREDICTIVE,B,RESISTANCE,Colorectal Cancer,9256,KRAS Q61P,0
EID2807,KRAS,panel,SUBMITTED,PREDICTIVE,B,RESISTANCE,Colorectal Cancer,9256,KRAS Q61E,0
EID2809,KRAS,panel,SUBMITTED,PREDICTIVE,B,RESISTANCE,Colorectal Cancer,9256,KRAS Q61FS,0
EID2810,KRAS,panel,SUBMITTED,PROGNOSTIC,B,BETTER_OUTCOME,Colorectal Cancer,9256,KRAS Q61FS,0
EID2928,KRAS,panel,SUBMITTED,PREDICTIVE,B,RESISTANCE,Colorectal Cancer,9256,KRAS Amplification,0
EID3715,KRAS,panel,ACCEPTED,PROGNOSTIC,B,POOR_OUTCOME,Lung Non-small Cell Carcinoma,3908,KRAS Mutation,0
EID3858,KRAS,panel,ACCEPTED,PREDICTIVE,B,RESISTANCE,Colorectal Cancer,9256,KRAS A146T,0
EID3881,KRAS,panel,ACCEPTED,PREDICTIVE,B,RESISTANCE,Colorectal Cancer,9256,KRAS G13D,0
EID3895,KRAS,panel,ACCEPTED,PREDICTIVE,B,RESISTANCE,Lung Non-small Cell Carcinoma,3908,KRAS Mutation,0
EID3939,KRAS,panel,ACCEPTED,PREDICTIVE,B,RESISTANCE,Colorectal Cancer,9256,KRAS A146,0
EID3967,KRAS,panel,ACCEPTED,PREDICTIVE,B,RESISTANCE,Colorectal Cancer,9256,KRAS G12C,0
EID4006,KRAS,panel,ACCEPTED,PREDICTIVE,B,RESISTANCE,Colorectal Cancer,9256,KRAS G12S,0
EID4429,KRAS,panel,ACCEPTED,PREDICTIVE,B,RESISTANCE,Colorectal Cancer,9256,KRAS G12A,0
EID4842,KRAS,panel,ACCEPTED,PREDICTIVE,B,SENSITIVITYRESPONSE,Lung Non-small Cell Carcinoma,3908,KRAS Mutation,0
EID4862,KRAS,panel,ACCEPTED,PREDICTIVE,B,SENSITIVITYRESPONSE,Lung Non-small Cell Carcinoma,3908,KRAS Mutation,0
EID4863,KRAS,panel,ACCEPTED,PREDICTIVE,B,SENSITIVITYRESPONSE,Lung Non-small Cell Carcinoma,3908,KRAS Mutation,0
EID4866,KRAS,panel,ACCEPTED,PREDICTIVE,B,SENSITIVITYRESPONSE,Colorectal Cancer,9256,KRAS Mutation,0
EID5836,KRAS,panel,ACCEPTED,PROGNOSTIC,B,POOR_OUTCOME,Endometrial Cancer,1380,KRAS Amplification,0
EID6292,KRAS,panel,ACCEPTED,PROGNOSTIC,B,POOR_OUTCOME,Colorectal Cancer,9256,KRAS G12 OR KRAS G13D,0
EID6293,KRAS,panel,ACCEPTED,PREDICTIVE,B,RESISTANCE,Colorectal Cancer,9256,KRAS G12/G13,0
EID6294,KRAS,panel,ACCEPTED,PREDICTIVE,B,RESISTANCE,Colorectal Cancer,9256,KRAS G12/G13,0
EID6295,KRAS,panel,ACCEPTED,PREDICTIVE,B,RESISTANCE,Colorectal Cancer,9256,KRAS G12/G13,0
EID6296,KRAS,panel,ACCEPTED,PREDICTIVE,B,RESISTANCE,Colorectal Cancer,9256,KRAS G12 OR KRAS G13,0
EID6363,KRAS,panel,ACCEPTED,PREDICTIVE,B,RESISTANCE,Colorectal Cancer,9256,KRAS G12/G13,0
EID6464,KRAS,panel,SUBMITTED,PREDICTIVE,B,RESISTANCE,Colorectal Cancer,9256,KRAS Mutation,0
EID7105,KRAS,panel,SUBMITTED,PREDICTIVE,B,RESISTANCE,Colorectal Cancer,9256,KRAS Amplification,0
EID7160,KRAS,panel,SUBMITTED,FUNCTIONAL,B,GAIN_OF_FUNCTION,,,KRAS Q61P,0
EID7168,KRAS,panel,SUBMITTED,DIAGNOSTIC,B,POSITIVE,Colorectal Cancer,9256,KRAS G12S,0
EID7180,KRAS,panel,SUBMITTED,PREDICTIVE,B,SENSITIVITYRESPONSE,Pancreatic Cancer,1793,KRAS Activating Mutation,1
EID7387,KRAS,panel,SUBMITTED,PREDICTIVE,B,SENSITIVITYRESPONSE,Lung Non-small Cell Carcinoma,3908,KRAS G12C,0
EID7455,KRAS,panel,SUBMITTED,PREDICTIVE,B,SENSITIVITYRESPONSE,Lung Non-small Cell Carcinoma,3908,KRAS G12C,0
EID8773,KRAS,panel,ACCEPTED,PREDICTIVE,B,SENSITIVITYRESPONSE,Ovary Serous Adenocarcinoma,5744,KRAS Mutation,0
EID10110,KRAS,panel,SUBMITTED,PREDICTIVE,B,SENSITIVITYRESPONSE,"Solid Tumors, Advanced",,KRAS G12C,0
EID11053,KRAS,panel,SUBMITTED,PROGNOSTIC,B,NA,Colorectal Cancer,9256,KRAS EXON 2 Mutations,0
EID11054,KRAS,panel,SUBMITTED,PREDICTIVE,B,SENSITIVITYRESPONSE,Colorectal Adenocarcinoma,0050861,KRAS G13D,0
EID11056,KRAS,panel,SUBMITTED,PROGNOSTIC,B,POOR_OUTCOME,Colorectal Adenocarcinoma,0050861,KRAS G12 OR KRAS G13 OR KRAS Q61,0
EID11057,KRAS,panel,SUBMITTED,PREDICTIVE,B,SENSITIVITYRESPONSE,Colorectal Adenocarcinoma,0050861,KRAS Wildtype,0
EID11058,KRAS,panel,SUBMITTED,PROGNOSTIC,B,POOR_OUTCOME,Colorectal Adenocarcinoma,0050861,EGFR Overexpression AND NOT KRAS Mutation,0
EID11059,KRAS,panel,SUBMITTED,PREDICTIVE,B,ADVERSE_RESPONSE,Colorectal Adenocarcinoma,0050861,EGFR Overexpression AND KRAS Mutation,0
EID11060,KRAS,panel,SUBMITTED,PREDICTIVE,B,SENSITIVITYRESPONSE,Colorectal Adenocarcinoma,0050861,NOT KRAS Mutation AND ( BRAF V600E OR BRAF D594G ),0
EID11062,KRAS,panel,SUBMITTED,PREDICTIVE,B,SENSITIVITYRESPONSE,Colorectal Adenocarcinoma,0050861,EGFR Overexpression AND NOT KRAS Mutation,0
EID11655,KRAS,panel,SUBMITTED,PREDICTIVE,B,SENSITIVITYRESPONSE,Breast Cancer,1612,KRAS Wildtype,0
EID11659,KRAS,panel,SUBMITTED,PREDICTIVE,B,SENSITIVITYRESPONSE,Lung Non-small Cell Carcinoma,3908,KRAS Wildtype,0
EID11661,KRAS,panel,SUBMITTED,PREDICTIVE,B,SENSITIVITYRESPONSE,Ovarian Cancer,2394,KRAS Wildtype,0
EID11680,KRAS,panel,SUBMITTED,PREDICTIVE,B,SENSITIVITYRESPONSE,Pancreatic Cancer,1793,KRAS G12C,1
EID11681,KRAS,panel,ACCEPTED,PREDICTIVE,B,SENSITIVITYRESPONSE,Cancer,162,BRAF V600E OR NRAS Mutation OR HRAS Mutation OR KRAS Mutation OR NF1 Mutation,0
EID11696,KRAS,panel,ACCEPTED,PREDICTIVE,B,SENSITIVITYRESPONSE,Cancer,162,BRAF V600E OR NRAS Mutation OR HRAS Mutation OR KRAS Mutation OR NF1 Inactivating Mutation,0
EID12073,KRAS,panel,SUBMITTED,PROGNOSTIC,B,POOR_OUTCOME,Colon Carcinoma,1520,KRAS Exon 2 Mutation AND MSI Low,0
EID12137,KRAS,panel,SUBMITTED,PREDICTIVE,B,SENSITIVITYRESPONSE,Lung Non-small Cell Carcinoma,3908,KRAS G12D,0
EID12700,KRAS,panel,SUBMITTED,PREDICTIVE,B,SENSITIVITYRESPONSE,"Solid Tumors, Advanced",,KRAS G12C OR KRAS G12D OR KRAS G13D OR RET M918T OR KRAS G12A OR KRAS G12V OR KRAS G12R OR KRAS Amplification OR KRAS G12S OR KRAS G13R OR KRAS G12P,0
EID12937,KRAS,panel,SUBMITTED,PREDICTIVE,B,SENSITIVITYRESPONSE,Lung Non-small Cell Carcinoma,3908,KRAS G12D,0
EID12938,KRAS,panel,SUBMITTED,PREDICTIVE,B,SENSITIVITYRESPONSE,Pancreatic Ductal Adenocarcinoma,3498,KRAS G12D,1
EID13020,KRAS,panel,SUBMITTED,ONCOGENIC,B,ONCOGENICITY,Colorectal Cancer,9256,KRAS A146P,0
EID13021,KRAS,panel,SUBMITTED,PREDICTIVE,B,RESISTANCE,Colorectal Cancer,9256,KRAS A146P,0
EID13294,KRAS,panel,SUBMITTED,PREDICTIVE,B,SENSITIVITYRESPONSE,Pancreatic Ductal Adenocarcinoma,3498,KRAS G12D,1
EID227,KRAS,panel,ACCEPTED,DIAGNOSTIC,B,POSITIVE,Lung Cancer,1324,KRAS G12C,0
EID806,KRAS,panel,ACCEPTED,PREDICTIVE,B,RESISTANCE,Colorectal Cancer,9256,KRAS G13D,0
EID894,KRAS,panel,ACCEPTED,PREDICTIVE,B,SENSITIVITYRESPONSE,Endometrial Cancer,1380,KRAS Mutation,0
EID998,KRAS,panel,ACCEPTED,PREDICTIVE,B,SENSITIVITYRESPONSE,Colorectal Cancer,9256,KRAS Mutation,0
EID1142,KRAS,panel,ACCEPTED,PREDICTIVE,B,SENSITIVITYRESPONSE,Lung Non-small Cell Carcinoma,3908,KRAS G12C,0
EID1220,KRAS,panel,ACCEPTED,PREDICTIVE,B,SENSITIVITYRESPONSE,Lung Non-small Cell Carcinoma,3908,KRAS Mutation,0
EID1497,KRAS,panel,ACCEPTED,PREDICTIVE,B,SENSITIVITYRESPONSE,Skin Melanoma,8923,KRAS Amplification,0
EID1642,KRAS,panel,ACCEPTED,PREDICTIVE,B,SENSITIVITYRESPONSE,Hepatocellular Carcinoma,684,KRAS Mutation,0
EID2008,KRAS,panel,ACCEPTED,PREDICTIVE,B,RESISTANCE,Lung Cancer,1324,KRAS G12A,0
EID2009,KRAS,panel,ACCEPTED,PREDICTIVE,B,RESISTANCE,Multiple Myeloma,9538,KRAS G12A,0
EID2240,KRAS,panel,ACCEPTED,PREDICTIVE,B,RESISTANCE,Lung Cancer,1324,KRAS G12D,0
EID2242,KRAS,panel,ACCEPTED,PREDICTIVE,B,RESISTANCE,Lung Non-small Cell Carcinoma,3908,KRAS Mutation,0
EID2257,KRAS,panel,ACCEPTED,PREDICTIVE,B,RESISTANCE,Lung Cancer,1324,KRAS G12C,0
EID2273,KRAS,panel,ACCEPTED,PREDICTIVE,B,RESISTANCE,Lung Cancer,1324,KRAS G12S,0
EID2938,KRAS,panel,SUBMITTED,PREDICTIVE,B,RESISTANCE,Lung Cancer,1324,KRAS G12,0
EID3713,KRAS,panel,ACCEPTED,PREDICTIVE,B,SENSITIVITYRESPONSE,Lung Non-small Cell Carcinoma,3908,KRAS Mutation,0
EID4052,KRAS,panel,ACCEPTED,PROGNOSTIC,B,POOR_OUTCOME,Rectum Cancer,1993,KRAS Exon 2 Mutation,0
EID6264,KRAS,panel,ACCEPTED,PREDICTIVE,B,RESISTANCE,Melanoma,1909,BRAF V600E AND KRAS Mutation,0
EID10656,KRAS,panel,SUBMITTED,PROGNOSTIC,B,POOR_OUTCOME,Colorectal Cancer,9256,KRAS A146,0
EID12641,KRAS,panel,SUBMITTED,PREDICTIVE,B,SENSITIVITYRESPONSE,Solid Tumor,,NRAS Mutation OR KRAS Mutation OR BRAF Mutation,0
EID13022,KRAS,panel,SUBMITTED,PREDICTIVE,B,RESISTANCE,Colorectal Cancer,9256,KRAS A146P,0
EID87,KRAS,panel,ACCEPTED,PREDICTIVE,B,SENSITIVITYRESPONSE,Colorectal Cancer,9256,KRAS Exon 2 Mutation,0
EID1143,KRAS,panel,ACCEPTED,PREDICTIVE,B,SENSITIVITYRESPONSE,Lung Non-small Cell Carcinoma,3908,KRAS G12V,0
EID1326,KRAS,panel,ACCEPTED,PREDICTIVE,B,SENSITIVITYRESPONSE,Colorectal Cancer,9256,KRAS Exon 2 Mutation,0
EID2232,KRAS,panel,ACCEPTED,PREDICTIVE,C,RESISTANCE,Colorectal Cancer,9256,KRAS G12V,0
EID2233,KRAS,panel,SUBMITTED,PREDICTIVE,C,RESISTANCE,Colorectal Cancer,9256,KRAS G12V,0
EID2234,KRAS,panel,SUBMITTED,PREDICTIVE,C,RESISTANCE,Colorectal Cancer,9256,KRAS G12V,0
EID2235,KRAS,panel,SUBMITTED,PREDICTIVE,C,RESISTANCE,Colorectal Cancer,9256,KRAS G12V,0
EID2236,KRAS,panel,ACCEPTED,PREDICTIVE,C,RESISTANCE,Colorectal Cancer,9256,KRAS G12D,0
EID2237,KRAS,panel,SUBMITTED,PREDICTIVE,C,RESISTANCE,Colorectal Cancer,9256,KRAS G12D,0
EID2238,KRAS,panel,SUBMITTED,PREDICTIVE,C,RESISTANCE,Colorectal Cancer,9256,KRAS G12D,0
EID2239,KRAS,panel,SUBMITTED,PREDICTIVE,C,RESISTANCE,Colorectal Cancer,9256,KRAS G12D,0
EID2254,KRAS,panel,SUBMITTED,PREDICTIVE,C,RESISTANCE,Colorectal Cancer,9256,KRAS G12C,0
EID2255,KRAS,panel,SUBMITTED,PREDICTIVE,C,RESISTANCE,Colorectal Cancer,9256,KRAS G12C,0
EID2256,KRAS,panel,SUBMITTED,PREDICTIVE,C,RESISTANCE,Colorectal Cancer,9256,KRAS G12C,0
EID2264,KRAS,panel,ACCEPTED,PREDICTIVE,C,RESISTANCE,Colorectal Cancer,9256,KRAS G12R,0
EID2265,KRAS,panel,SUBMITTED,PREDICTIVE,C,RESISTANCE,Colorectal Cancer,9256,KRAS G12R,0
EID2266,KRAS,panel,SUBMITTED,PREDICTIVE,C,RESISTANCE,Colorectal Cancer,9256,KRAS G12R,0
EID2267,KRAS,panel,SUBMITTED,PREDICTIVE,C,RESISTANCE,Colorectal Cancer,9256,KRAS G12R,0
EID2269,KRAS,panel,ACCEPTED,PREDICTIVE,C,RESISTANCE,Colorectal Cancer,9256,KRAS G12S,0
EID3699,KRAS,panel,SUBMITTED,PREDICTIVE,C,RESISTANCE,Colorectal Cancer,9256,KRAS G12A,0
EID3700,KRAS,panel,SUBMITTED,PREDICTIVE,C,RESISTANCE,Colorectal Cancer,9256,KRAS G12A,0
EID3702,KRAS,panel,SUBMITTED,PREDICTIVE,C,RESISTANCE,Colorectal Cancer,9256,KRAS G12A,0
EID3703,KRAS,panel,SUBMITTED,PREDICTIVE,C,RESISTANCE,Colorectal Cancer,9256,KRAS G12A,0
EID3705,KRAS,panel,SUBMITTED,PREDICTIVE,C,RESISTANCE,Colorectal Cancer,9256,KRAS G12A,0
EID3706,KRAS,panel,SUBMITTED,PREDICTIVE,C,RESISTANCE,Colorectal Cancer,9256,KRAS G12A,0
EID3707,KRAS,panel,SUBMITTED,PREDICTIVE,C,RESISTANCE,Colorectal Cancer,9256,KRAS G12A,0
EID3708,KRAS,panel,SUBMITTED,PREDICTIVE,C,RESISTANCE,Colorectal Cancer,9256,KRAS G12A,0
EID3709,KRAS,panel,SUBMITTED,PREDICTIVE,C,RESISTANCE,Colorectal Cancer,9256,KRAS G12A,0
EID3712,KRAS,panel,SUBMITTED,PREDICTIVE,C,RESISTANCE,Lung Cancer,1324,KRAS G12A,0
EID3714,KRAS,panel,SUBMITTED,PREDICTIVE,C,RESISTANCE,Lung Non-small Cell Carcinoma,3908,KRAS G12A,0
EID3716,KRAS,panel,SUBMITTED,PREDICTIVE,C,SENSITIVITYRESPONSE,Lung Non-small Cell Carcinoma,3908,KRAS G12A,0
EID3717,KRAS,panel,SUBMITTED,PREDICTIVE,C,RESISTANCE,Colon Cancer,219,KRAS G12A,0
EID3856,KRAS,panel,SUBMITTED,PREDICTIVE,C,RESISTANCE,Colorectal Cancer,9256,KRAS A146P,0
EID3857,KRAS,panel,SUBMITTED,PREDICTIVE,C,RESISTANCE,Colorectal Cancer,9256,KRAS A146T,0
EID3860,KRAS,panel,SUBMITTED,PREDICTIVE,C,RESISTANCE,Colorectal Cancer,9256,KRAS Q61H,0
EID3862,KRAS,panel,ACCEPTED,PREDICTIVE,C,RESISTANCE,Colorectal Cancer,9256,KRAS Q61H,0
EID3863,KRAS,panel,SUBMITTED,PREDICTIVE,C,RESISTANCE,Colorectal Cancer,9256,KRAS Q61H,0
EID3866,KRAS,panel,SUBMITTED,PREDICTIVE,C,RESISTANCE,Colorectal Cancer,9256,KRAS Q61L,0
EID3868,KRAS,panel,SUBMITTED,PREDICTIVE,C,RESISTANCE,Colorectal Cancer,9256,KRAS Q61L,0
EID3869,KRAS,panel,SUBMITTED,PREDICTIVE,C,RESISTANCE,Colorectal Cancer,9256,KRAS Q61R,0
EID3871,KRAS,panel,SUBMITTED,PREDICTIVE,C,RESISTANCE,Colorectal Cancer,9256,KRAS Q61K,0
EID3873,KRAS,panel,SUBMITTED,PREDICTIVE,C,RESISTANCE,Colorectal Cancer,9256,KRAS G13D,0
EID3874,KRAS,panel,SUBMITTED,PREDICTIVE,C,RESISTANCE,Colorectal Cancer,9256,KRAS G13D,0
EID3875,KRAS,panel,SUBMITTED,PREDICTIVE,C,RESISTANCE,Colorectal Cancer,9256,KRAS G13D,0
EID3876,KRAS,panel,SUBMITTED,PREDICTIVE,C,RESISTANCE,Colorectal Cancer,9256,KRAS G13D,0
EID3880,KRAS,panel,SUBMITTED,PREDICTIVE,C,RESISTANCE,Colorectal Cancer,9256,KRAS G13D,0
EID3883,KRAS,panel,SUBMITTED,PREDICTIVE,C,RESISTANCE,Colorectal Cancer,9256,KRAS G13D,0
EID3885,KRAS,panel,SUBMITTED,PREDICTIVE,C,RESISTANCE,Colorectal Cancer,9256,KRAS G13D,0
EID3886,KRAS,panel,SUBMITTED,PREDICTIVE,C,RESISTANCE,Colorectal Cancer,9256,KRAS G13D,0
EID3887,KRAS,panel,SUBMITTED,PREDICTIVE,C,RESISTANCE,Colorectal Cancer,9256,KRAS G13D,0
EID3888,KRAS,panel,SUBMITTED,PREDICTIVE,C,RESISTANCE,Colorectal Cancer,9256,KRAS G13D,0
EID3892,KRAS,panel,SUBMITTED,PREDICTIVE,C,RESISTANCE,Lung Non-small Cell Carcinoma,3908,KRAS G13D,0
EID3893,KRAS,panel,SUBMITTED,PREDICTIVE,C,RESISTANCE,Lung Non-small Cell Carcinoma,3908,KRAS G13D,0
EID3896,KRAS,panel,SUBMITTED,PREDICTIVE,C,RESISTANCE,Colon Cancer,219,KRAS G13D,0
EID3899,KRAS,panel,SUBMITTED,PREDICTIVE,C,RESISTANCE,Colorectal Cancer,9256,KRAS G13C,0
EID3900,KRAS,panel,SUBMITTED,PREDICTIVE,C,RESISTANCE,Colorectal Cancer,9256,KRAS G13C,0
EID3901,KRAS,panel,SUBMITTED,PREDICTIVE,C,RESISTANCE,Lung Non-small Cell Carcinoma,3908,KRAS G13C,0
EID3902,KRAS,panel,SUBMITTED,PREDICTIVE,C,RESISTANCE,Lung Non-small Cell Carcinoma,3908,KRAS G13C,0
EID3906,KRAS,panel,SUBMITTED,PREDICTIVE,C,RESISTANCE,Colorectal Cancer,9256,KRAS G13R,0
EID3907,KRAS,panel,SUBMITTED,PREDICTIVE,C,RESISTANCE,Colorectal Cancer,9256,KRAS G13R,0
EID3909,KRAS,panel,SUBMITTED,PREDICTIVE,C,RESISTANCE,Colorectal Cancer,9256,KRAS G13S,0
EID3910,KRAS,panel,SUBMITTED,PREDICTIVE,C,RESISTANCE,Colorectal Cancer,9256,KRAS G13S,0
EID3911,KRAS,panel,SUBMITTED,PREDICTIVE,C,RESISTANCE,Colorectal Cancer,9256,KRAS G12V,0
EID3912,KRAS,panel,SUBMITTED,PREDICTIVE,C,RESISTANCE,Colorectal Cancer,9256,KRAS G12V,0
EID3913,KRAS,panel,SUBMITTED,PREDICTIVE,C,RESISTANCE,Colorectal Cancer,9256,KRAS G12V,0
EID3915,KRAS,panel,SUBMITTED,PREDICTIVE,C,RESISTANCE,Colorectal Cancer,9256,KRAS G12V,0
EID3918,KRAS,panel,SUBMITTED,PREDICTIVE,C,RESISTANCE,Colorectal Cancer,9256,KRAS G12V,0
EID3920,KRAS,panel,SUBMITTED,PREDICTIVE,C,RESISTANCE,Colorectal Cancer,9256,KRAS G12V,0
EID3921,KRAS,panel,SUBMITTED,PREDICTIVE,C,RESISTANCE,Colorectal Cancer,9256,KRAS G12V,0
EID3922,KRAS,panel,SUBMITTED,PREDICTIVE,C,RESISTANCE,Colorectal Cancer,9256,KRAS G12V,0
EID3923,KRAS,panel,SUBMITTED,PREDICTIVE,C,RESISTANCE,Colorectal Cancer,9256,KRAS G12V,0
EID3927,KRAS,panel,SUBMITTED,PREDICTIVE,C,RESISTANCE,Lung Non-small Cell Carcinoma,3908,KRAS G12V,0
EID3928,KRAS,panel,SUBMITTED,PREDICTIVE,C,RESISTANCE,Lung Non-small Cell Carcinoma,3908,KRAS G12V,0
EID3931,KRAS,panel,SUBMITTED,PREDICTIVE,C,RESISTANCE,Colon Cancer,219,KRAS G12V,0
EID3933,KRAS,panel,SUBMITTED,PREDICTIVE,C,RESISTANCE,Colorectal Cancer,9256,KRAS G12D,0
EID3934,KRAS,panel,SUBMITTED,PREDICTIVE,C,RESISTANCE,Colorectal Cancer,9256,KRAS G12D,0
EID3936,KRAS,panel,SUBMITTED,PREDICTIVE,C,RESISTANCE,Colorectal Cancer,9256,KRAS G12D,0
EID3937,KRAS,panel,SUBMITTED,PREDICTIVE,C,RESISTANCE,Colorectal Cancer,9256,KRAS G12D,0
EID3940,KRAS,panel,SUBMITTED,PREDICTIVE,C,RESISTANCE,Colorectal Cancer,9256,KRAS G12D,0
EID3941,KRAS,panel,SUBMITTED,PREDICTIVE,C,RESISTANCE,Colorectal Cancer,9256,KRAS G12D,0
EID3942,KRAS,panel,SUBMITTED,PREDICTIVE,C,RESISTANCE,Colorectal Cancer,9256,KRAS G12D,0
EID3943,KRAS,panel,SUBMITTED,PREDICTIVE,C,RESISTANCE,Colorectal Cancer,9256,KRAS G12D,0
EID3944,KRAS,panel,SUBMITTED,PREDICTIVE,C,RESISTANCE,Colorectal Cancer,9256,KRAS G12D,0
EID3945,KRAS,panel,SUBMITTED,PREDICTIVE,C,RESISTANCE,Colorectal Cancer,9256,KRAS G12D,0
EID3947,KRAS,panel,SUBMITTED,PREDICTIVE,C,RESISTANCE,Colorectal Cancer,9256,KRAS G12D,0
EID3949,KRAS,panel,SUBMITTED,PREDICTIVE,C,RESISTANCE,Lung Cancer,1324,KRAS G12D,0
EID3955,KRAS,panel,SUBMITTED,PREDICTIVE,C,RESISTANCE,Lung Non-small Cell Carcinoma,3908,KRAS G12D,0
EID3960,KRAS,panel,SUBMITTED,PREDICTIVE,C,RESISTANCE,Colon Cancer,219,KRAS G12D,0
EID3961,KRAS,panel,SUBMITTED,PREDICTIVE,C,RESISTANCE,Skin Squamous Cell Carcinoma,3151,KRAS G12D,0
EID3962,KRAS,panel,SUBMITTED,PREDICTIVE,C,RESISTANCE,Colorectal Cancer,9256,KRAS G12C,0
EID3963,KRAS,panel,SUBMITTED,PREDICTIVE,C,RESISTANCE,Colorectal Cancer,9256,KRAS G12C,0
EID3965,KRAS,panel,SUBMITTED,PREDICTIVE,C,RESISTANCE,Colorectal Cancer,9256,KRAS G12C,0
EID3966,KRAS,panel,SUBMITTED,PREDICTIVE,C,RESISTANCE,Colorectal Cancer,9256,KRAS G12C,0
EID3968,KRAS,panel,SUBMITTED,PREDICTIVE,C,RESISTANCE,Colorectal Cancer,9256,KRAS G12C,0
EID3969,KRAS,panel,SUBMITTED,PREDICTIVE,C,RESISTANCE,Colorectal Cancer,9256,KRAS G12C,0
EID3970,KRAS,panel,SUBMITTED,PREDICTIVE,C,RESISTANCE,Colorectal Cancer,9256,KRAS G12C,0
EID3971,KRAS,panel,SUBMITTED,PREDICTIVE,C,RESISTANCE,Colorectal Cancer,9256,KRAS G12C,0
EID3972,KRAS,panel,SUBMITTED,PREDICTIVE,C,RESISTANCE,Colorectal Cancer,9256,KRAS G12C,0
EID3976,KRAS,panel,SUBMITTED,PREDICTIVE,C,RESISTANCE,Lung Non-small Cell Carcinoma,3908,KRAS G12C,0
EID3977,KRAS,panel,SUBMITTED,PREDICTIVE,C,RESISTANCE,Lung Non-small Cell Carcinoma,3908,KRAS G12C,0
EID3980,KRAS,panel,SUBMITTED,PREDICTIVE,C,RESISTANCE,Lung Non-small Cell Carcinoma,3908,KRAS G12C,0
EID3981,KRAS,panel,SUBMITTED,PREDICTIVE,C,RESISTANCE,Colon Cancer,219,KRAS G12C,0
EID3982,KRAS,panel,SUBMITTED,PREDICTIVE,C,RESISTANCE,Skin Squamous Cell Carcinoma,3151,KRAS G12C,0
EID3983,KRAS,panel,SUBMITTED,PREDICTIVE,C,RESISTANCE,Lung Adenocarcinoma,3910,KRAS G12C,0
EID3985,KRAS,panel,SUBMITTED,PREDICTIVE,C,RESISTANCE,Colorectal Cancer,9256,KRAS G12R,0
EID3986,KRAS,panel,SUBMITTED,PREDICTIVE,C,RESISTANCE,Colorectal Cancer,9256,KRAS G12R,0
EID3988,KRAS,panel,SUBMITTED,PREDICTIVE,C,RESISTANCE,Colorectal Cancer,9256,KRAS G12R,0
EID3990,KRAS,panel,SUBMITTED,PREDICTIVE,C,RESISTANCE,Colorectal Cancer,9256,KRAS G12R,0
EID3993,KRAS,panel,SUBMITTED,PREDICTIVE,C,RESISTANCE,Lung Non-small Cell Carcinoma,3908,KRAS G12R,0
EID3995,KRAS,panel,SUBMITTED,PREDICTIVE,C,RESISTANCE,Lung Non-small Cell Carcinoma,3908,KRAS G12R,0
EID3998,KRAS,panel,SUBMITTED,PREDICTIVE,C,RESISTANCE,Colon Cancer,219,KRAS G12R,0
EID4000,KRAS,panel,SUBMITTED,PREDICTIVE,C,RESISTANCE,Colorectal Cancer,9256,KRAS G12S,0
EID4001,KRAS,panel,SUBMITTED,PREDICTIVE,C,RESISTANCE,Colorectal Cancer,9256,KRAS G12S,0
EID4003,KRAS,panel,SUBMITTED,PREDICTIVE,C,RESISTANCE,Colorectal Cancer,9256,KRAS G12S,0
EID4004,KRAS,panel,SUBMITTED,PREDICTIVE,C,RESISTANCE,Colorectal Cancer,9256,KRAS G12S,0
EID4007,KRAS,panel,SUBMITTED,PREDICTIVE,C,RESISTANCE,Colorectal Cancer,9256,KRAS G12S,0
EID4008,KRAS,panel,SUBMITTED,PREDICTIVE,C,RESISTANCE,Colorectal Cancer,9256,KRAS G12S,0
EID4009,KRAS,panel,SUBMITTED,PREDICTIVE,C,RESISTANCE,Colorectal Cancer,9256,KRAS G12S,0
EID4010,KRAS,panel,SUBMITTED,PREDICTIVE,C,RESISTANCE,Colorectal Cancer,9256,KRAS G12S,0
EID4011,KRAS,panel,SUBMITTED,PREDICTIVE,C,RESISTANCE,Colorectal Cancer,9256,KRAS G12S,0
EID4013,KRAS,panel,SUBMITTED,PREDICTIVE,C,RESISTANCE,Lung Non-small Cell Carcinoma,3908,KRAS G12S,0
EID4017,KRAS,panel,SUBMITTED,PREDICTIVE,C,RESISTANCE,Lung Non-small Cell Carcinoma,3908,KRAS G12S,0
EID4421,KRAS,panel,SUBMITTED,PREDICTIVE,C,RESISTANCE,Colorectal Cancer,9256,KRAS Q61P,0
EID4422,KRAS,panel,SUBMITTED,PREDICTIVE,C,RESISTANCE,Colorectal Cancer,9256,KRAS Q61E,0
EID4423,KRAS,panel,SUBMITTED,PREDICTIVE,C,RESISTANCE,Colorectal Cancer,9256,KRAS Q61FS,0
EID9959,KRAS,panel,SUBMITTED,PREDICTIVE,C,SENSITIVITYRESPONSE,Lung Non-small Cell Carcinoma,3908,KRAS G12C,0
EID1898,KRAS,panel,ACCEPTED,PREDICTIVE,C,SENSITIVITYRESPONSE,Colorectal Cancer,9256,KRAS G12D,0
EID1971,KRAS,panel,ACCEPTED,PREDICTIVE,C,RESISTANCE,Colorectal Cancer,9256,MET Amplification AND NOT KRAS Mutation,0
EID2178,KRAS,panel,ACCEPTED,PREDICTIVE,C,RESISTANCE,Colorectal Cancer,9256,KRAS G13D,0
EID2193,KRAS,panel,ACCEPTED,PREDICTIVE,C,RESISTANCE,Colorectal Cancer,9256,KRAS G12D,0
EID2225,KRAS,panel,ACCEPTED,PREDICTIVE,C,RESISTANCE,Colorectal Cancer,9256,KRAS A146P,0
EID2253,KRAS,panel,ACCEPTED,PREDICTIVE,C,RESISTANCE,Colorectal Cancer,9256,KRAS G12C,0
EID2970,KRAS,panel,SUBMITTED,PREDICTIVE,C,RESISTANCE,Colorectal Cancer,9256,KRAS Q61H,0
EID3824,KRAS,panel,ACCEPTED,PREDICTIVE,C,RESISTANCE,Colorectal Cancer,9256,KRAS G12V,0
EID3859,KRAS,panel,SUBMITTED,PREDICTIVE,C,RESISTANCE,Colorectal Cancer,9256,KRAS A146T,0
EID3861,KRAS,panel,ACCEPTED,PREDICTIVE,C,RESISTANCE,Colorectal Cancer,9256,KRAS Q61H,0
EID3867,KRAS,panel,ACCEPTED,PREDICTIVE,C,RESISTANCE,Colorectal Cancer,9256,KRAS Q61L,0
EID3870,KRAS,panel,ACCEPTED,PREDICTIVE,C,RESISTANCE,Colorectal Cancer,9256,KRAS Q61R,0
EID3872,KRAS,panel,ACCEPTED,PREDICTIVE,C,RESISTANCE,Colorectal Cancer,9256,KRAS Q61K,0
EID3987,KRAS,panel,ACCEPTED,PREDICTIVE,C,RESISTANCE,Colorectal Cancer,9256,KRAS G12R,0
EID7150,KRAS,panel,SUBMITTED,DIAGNOSTIC,C,POSITIVE,Pilocytic Astrocytoma,4851,KRAS Mutation,0
EID7492,KRAS,panel,ACCEPTED,PREDICTIVE,C,SENSITIVITYRESPONSE,Pancreatic Ductal Adenocarcinoma,3498,ATP1B1::NRG1 Fusion AND KRAS Wildtype,1
EID7493,KRAS,panel,ACCEPTED,PREDICTIVE,C,SENSITIVITYRESPONSE,Pancreatic Ductal Adenocarcinoma,3498,APP::NRG1 Fusion AND KRAS Wildtype,1
EID8891,KRAS,panel,SUBMITTED,PREDICTIVE,C,RESISTANCE,Lung Non-small Cell Carcinoma,3908,KRAS G12V,0
EID8932,KRAS,panel,SUBMITTED,PREDICTIVE,C,SENSITIVITYRESPONSE,Ovary Serous Adenocarcinoma,5744,KRAS Mutation,0
EID11710,KRAS,panel,SUBMITTED,PREDICTIVE,C,SENSITIVITYRESPONSE,Pancreatic Cancer,1793,KRAS G12D AND KRAS G12R AND CDKN2A Loss AND CDKN2B Loss AND TP53 R267W,1
EID11711,KRAS,panel,SUBMITTED,PREDICTIVE,C,SENSITIVITYRESPONSE,Pancreatic Cancer,1793,KRAS G12D AND KRAS G12R AND CDKN2A Loss AND CDKN2B Loss AND SMAD4 Deletion AND TP53 R267W,1
EID11713,KRAS,panel,SUBMITTED,PREDICTIVE,C,SENSITIVITYRESPONSE,Pancreatic Cancer,1793,KRAS G12D AND CDKN2A p16 R80*,1
EID11714,KRAS,panel,SUBMITTED,PREDICTIVE,C,SENSITIVITYRESPONSE,Pancreatic Cancer,1793,KRAS G12D AND GNAS R201C AND NF1 D1976fs,1
EID13019,KRAS,panel,SUBMITTED,ONCOGENIC,C,ONCOGENICITY,Colorectal Cancer,9256,KRAS A146P,0
EID91,KRAS,panel,ACCEPTED,PREDICTIVE,C,RESISTANCE,Lung Adenocarcinoma,3910,KRAS G12D,0
EID794,KRAS,panel,ACCEPTED,PREDICTIVE,C,SENSITIVITYRESPONSE,Lung Non-small Cell Carcinoma,3908,KRAS A146V,0
EID937,KRAS,panel,ACCEPTED,PREDICTIVE,C,SENSITIVITYRESPONSE,Pancreatic Carcinoma,4905,KRAS G12D,1
EID1001,KRAS,panel,ACCEPTED,PREDICTIVE,C,SENSITIVITYRESPONSE,Colorectal Cancer,9256,KRAS Mutation,0
EID1131,KRAS,panel,ACCEPTED,PREDICTIVE,C,RESISTANCE,Colon Mucinous Adenocarcinoma,3029,KRAS Q22*,0
EID1580,KRAS,panel,ACCEPTED,PREDICTIVE,C,RESISTANCE,Hairy Cell Leukemia,285,KRAS G12D,0
EID1715,KRAS,panel,ACCEPTED,PREDICTIVE,C,RESISTANCE,Cancer,162,KRAS G12V,0
EID2268,KRAS,panel,ACCEPTED,PREDICTIVE,C,RESISTANCE,Lung Cancer,1324,KRAS G12V,0
EID6312,KRAS,panel,ACCEPTED,PREDICTIVE,C,RESISTANCE,Colorectal Cancer,9256,KRAS G13V,0
EID6313,KRAS,panel,SUBMITTED,PREDICTIVE,C,RESISTANCE,Colorectal Cancer,9256,KRAS G12V,0
EID6314,KRAS,panel,ACCEPTED,PREDICTIVE,C,RESISTANCE,Colorectal Cancer,9256,KRAS G12S,0
EID6316,KRAS,panel,ACCEPTED,PREDICTIVE,C,RESISTANCE,Colorectal Cancer,9256,KRAS G12D,0
EID6319,KRAS,panel,ACCEPTED,PREDICTIVE,C,RESISTANCE,Colorectal Cancer,9256,KRAS G12A,0
EID6320,KRAS,panel,ACCEPTED,PREDICTIVE,C,RESISTANCE,Colorectal Cancer,9256,KRAS G13D,0
EID6322,KRAS,panel,ACCEPTED,PREDICTIVE,C,RESISTANCE,Colorectal Cancer,9256,KRAS G13D,0
EID6323,KRAS,panel,ACCEPTED,PREDICTIVE,C,RESISTANCE,Colorectal Cancer,9256,KRAS G12V,0
EID6325,KRAS,panel,SUBMITTED,PREDICTIVE,C,RESISTANCE,Colorectal Cancer,9256,KRAS G12A,0
EID7310,KRAS,panel,SUBMITTED,PREDICTIVE,C,SENSITIVITYRESPONSE,Histiocytosis-Lymphadenopathy Plus Syndrome,0111278,KRAS G12R,0
EID9116,KRAS,panel,SUBMITTED,PREDICTIVE,C,RESISTANCE,Lung Non-small Cell Carcinoma,3908,KRAS Amplification,0
EID10797,KRAS,panel,SUBMITTED,PREDICTIVE,C,SENSITIVITYRESPONSE,Colorectal Cancer,9256,KRAS G12D,0
EID11330,KRAS,panel,SUBMITTED,PREDICTIVE,C,SENSITIVITYRESPONSE,Histiocytosis-Lymphadenopathy Plus Syndrome,0111278,KRAS G12R AND GATA3 Mutation AND GNAS Mutation,0
EID11461,KRAS,panel,SUBMITTED,PREDICTIVE,C,RESISTANCE,Lung Adenocarcinoma,3910,KRAS G12D AND MET Splice Site (c.2888_3028del),0
EID12180,KRAS,panel,SUBMITTED,PREDICTIVE,C,SENSITIVITYRESPONSE,"Solid Tumors, Advanced",,KRAS G12V,0
EID13017,KRAS,panel,SUBMITTED,PREDICTIVE,C,RESISTANCE,Colorectal Cancer,9256,KRAS A146P,0
EID13023,KRAS,panel,SUBMITTED,PREDICTIVE,C,RESISTANCE,Colorectal Cancer,9256,KRAS A146P,0
EID6321,KRAS,panel,SUBMITTED,PREDICTIVE,C,SENSITIVITYRESPONSE,Colorectal Cancer,9256,KRAS G13V,0
EID2251,KRAS,panel,ACCEPTED,PREDICTIVE,D,RESISTANCE,Multiple Myeloma,9538,KRAS G12D,0
EID2262,KRAS,panel,ACCEPTED,PREDICTIVE,D,RESISTANCE,Multiple Myeloma,9538,KRAS G12C,0
EID3711,KRAS,panel,SUBMITTED,PREDICTIVE,D,RESISTANCE,Colorectal Cancer,9256,KRAS G12A,0
EID3865,KRAS,panel,SUBMITTED,PREDICTIVE,D,RESISTANCE,Lung Non-small Cell Carcinoma,3908,KRAS Q61H,0
EID3878,KRAS,panel,ACCEPTED,PREDICTIVE,D,RESISTANCE,Colorectal Cancer,9256,KRAS G13D,0
EID3890,KRAS,panel,SUBMITTED,PREDICTIVE,D,RESISTANCE,Colorectal Cancer,9256,KRAS G13D,0
EID3891,KRAS,panel,SUBMITTED,PREDICTIVE,D,SENSITIVITYRESPONSE,Colorectal Cancer,9256,KRAS G13D,0
EID3897,KRAS,panel,SUBMITTED,PREDICTIVE,D,SENSITIVITYRESPONSE,Colon Cancer,219,KRAS G13D,0
EID3925,KRAS,panel,SUBMITTED,PREDICTIVE,D,RESISTANCE,Colorectal Cancer,9256,KRAS G12V,0
EID3926,KRAS,panel,SUBMITTED,PREDICTIVE,D,SENSITIVITYRESPONSE,Colorectal Cancer,9256,KRAS G12V,0
EID3932,KRAS,panel,SUBMITTED,PREDICTIVE,D,SENSITIVITYRESPONSE,Colon Cancer,219,KRAS G12V,0
EID3948,KRAS,panel,SUBMITTED,PREDICTIVE,D,RESISTANCE,Colorectal Cancer,9256,KRAS G12D,0
EID3959,KRAS,panel,SUBMITTED,PREDICTIVE,D,RESISTANCE,Pancreatic Cancer,1793,KRAS G12D,1
EID3974,KRAS,panel,SUBMITTED,PREDICTIVE,D,RESISTANCE,Colorectal Cancer,9256,KRAS G12C,0
EID3975,KRAS,panel,SUBMITTED,PREDICTIVE,D,SENSITIVITYRESPONSE,Colorectal Cancer,9256,KRAS G12C,0
EID3992,KRAS,panel,SUBMITTED,PREDICTIVE,D,RESISTANCE,Colorectal Cancer,9256,KRAS G12R,0
EID3997,KRAS,panel,SUBMITTED,PREDICTIVE,D,SENSITIVITYRESPONSE,Thyroid Cancer,1781,KRAS G12R,0
EID3999,KRAS,panel,SUBMITTED,PREDICTIVE,D,RESISTANCE,Thyroid Gland Carcinoma,3963,KRAS G12R,0
EID4014,KRAS,panel,SUBMITTED,PREDICTIVE,D,RESISTANCE,Colorectal Cancer,9256,KRAS G12S,0
EID4018,KRAS,panel,SUBMITTED,PREDICTIVE,D,RESISTANCE,Lung Non-small Cell Carcinoma,3908,KRAS G12S,0
EID4019,KRAS,panel,SUBMITTED,PREDICTIVE,D,RESISTANCE,Lung Non-small Cell Carcinoma,3908,KRAS G12S,0
EID4020,KRAS,panel,SUBMITTED,PREDICTIVE,D,RESISTANCE,Lung Squamous Cell Carcinoma,3907,KRAS G12S,0
EID4425,KRAS,panel,SUBMITTED,PREDICTIVE,D,RESISTANCE,Clear Cell Sarcoma,4233,KRAS K117N,0
EID9958,KRAS,panel,SUBMITTED,PREDICTIVE,D,SENSITIVITYRESPONSE,Lung Non-small Cell Carcinoma,3908,KRAS G12C,0
EID12973,KRAS,panel,SUBMITTED,FUNCTIONAL,D,GAIN_OF_FUNCTION,,,KRAS G12A,0
EID12974,KRAS,panel,SUBMITTED,FUNCTIONAL,D,GAIN_OF_FUNCTION,,,KRAS G12A,0
EID12975,KRAS,panel,SUBMITTED,FUNCTIONAL,D,GAIN_OF_FUNCTION,,,KRAS Q61K,0
EID12976,KRAS,panel,SUBMITTED,ONCOGENIC,D,ONCOGENICITY,Cancer,162,KRAS Q61K,0
EID136,KRAS,panel,ACCEPTED,PREDICTIVE,D,RESISTANCE,Colorectal Cancer,9256,KRAS G12V,0
EID145,KRAS,panel,ACCEPTED,PREDICTIVE,D,SENSITIVITYRESPONSE,Colorectal Cancer,9256,KRAS G13D,0
EID305,KRAS,panel,ACCEPTED,PREDICTIVE,D,SENSITIVITYRESPONSE,Lung Adenocarcinoma,3910,KRAS G12D,0
EID935,KRAS,panel,ACCEPTED,PREDICTIVE,D,SENSITIVITYRESPONSE,Cancer,162,KRAS Mutation,0
EID988,KRAS,panel,ACCEPTED,PREDICTIVE,D,SENSITIVITYRESPONSE,Colorectal Cancer,9256,KRAS Mutation,0
EID991,KRAS,panel,ACCEPTED,PREDICTIVE,D,SENSITIVITYRESPONSE,Colorectal Cancer,9256,KRAS Mutation,0
EID1003,KRAS,panel,ACCEPTED,PREDICTIVE,D,SENSITIVITYRESPONSE,Pancreatic Adenocarcinoma,4074,KRAS Mutation,1
EID2041,KRAS,panel,ACCEPTED,PREDICTIVE,D,RESISTANCE,Breast Cancer,1612,KRAS G13D,0
EID3989,KRAS,panel,ACCEPTED,PREDICTIVE,D,RESISTANCE,Colorectal Cancer,9256,KRAS G12R,0
EID4869,KRAS,panel,ACCEPTED,PREDICTIVE,D,SENSITIVITYRESPONSE,Colorectal Cancer,9256,KRAS Mutation,0
EID5927,KRAS,panel,SUBMITTED,PREDICTIVE,D,SENSITIVITYRESPONSE,Lung Non-small Cell Carcinoma,3908,KRAS G12C,0
EID7165,KRAS,panel,SUBMITTED,PREDISPOSING,D,PATHOGENIC,Lymphoma,0060058,KRAS A146T,0
EID7171,KRAS,panel,SUBMITTED,PROGNOSTIC,D,POOR_OUTCOME,Pancreatic Cancer,1793,KRAS G12D,1
EID7178,KRAS,panel,SUBMITTED,PREDICTIVE,D,RESISTANCE,Lung Non-small Cell Carcinoma,3908,KRAS G12S,0
EID9086,KRAS,panel,SUBMITTED,PREDICTIVE,D,RESISTANCE,Lung Non-small Cell Carcinoma,3908,KRAS Amplification,0
EID9330,KRAS,panel,ACCEPTED,ONCOGENIC,D,ONCOGENICITY,Colorectal Cancer,9256,KRAS G10_A11insG,0
EID9331,KRAS,panel,ACCEPTED,ONCOGENIC,D,ONCOGENICITY,Colon Adenocarcinoma,234,KRAS A11_G12insGA,0
EID9602,KRAS,panel,SUBMITTED,PREDICTIVE,D,RESISTANCE,Pancreatic Cancer,1793,KRAS KRAS4A underexpression,1
EID9963,KRAS,panel,SUBMITTED,PREDICTIVE,D,SENSITIVITYRESPONSE,Lung Non-small Cell Carcinoma,3908,KRAS G12C,0
EID12136,KRAS,panel,SUBMITTED,PREDICTIVE,D,SENSITIVITYRESPONSE,Pancreatic Cancer,1793,KRAS G12D,1
EID12947,KRAS,panel,ACCEPTED,ONCOGENIC,D,ONCOGENICITY,Cancer,162,KRAS A146T,0
EID13018,KRAS,panel,SUBMITTED,ONCOGENIC,D,ONCOGENICITY,Cancer,162,KRAS A146P,0
EID13157,KRAS,panel,SUBMITTED,PREDICTIVE,D,SENSITIVITYRESPONSE,Colon Cancer,219,KRAS G13D,0
EID13158,KRAS,panel,SUBMITTED,PREDICTIVE,D,SENSITIVITYRESPONSE,Lung Non-small Cell Carcinoma,3908,KRAS G12C,0
EID135,KRAS,panel,ACCEPTED,PREDICTIVE,D,RESISTANCE,Colorectal Cancer,9256,KRAS G12/G13,0
EID154,KRAS,panel,ACCEPTED,PREDICTIVE,D,SENSITIVITYRESPONSE,Lung Adenocarcinoma,3910,KRAS G12D AND TSC1 Loss-of-function,0
EID194,KRAS,panel,ACCEPTED,PROGNOSTIC,D,POOR_OUTCOME,Colorectal Cancer,9256,KRAS G12/G13,0
EID820,KRAS,panel,ACCEPTED,PREDICTIVE,D,SENSITIVITYRESPONSE,Ovarian Cancer,2394,KRAS Mutation,0
EID947,KRAS,panel,ACCEPTED,PREDICTIVE,D,SENSITIVITYRESPONSE,Colorectal Cancer,9256,KRAS Mutation,0
EID1004,KRAS,panel,ACCEPTED,PREDICTIVE,D,SENSITIVITYRESPONSE,Colorectal Cancer,9256,KRAS Mutation,0
EID1140,KRAS,panel,ACCEPTED,PREDICTIVE,D,SENSITIVITYRESPONSE,Cancer,162,KRAS Mutation,0
EID1173,KRAS,panel,ACCEPTED,PREDICTIVE,D,SENSITIVITYRESPONSE,Cancer,162,KRAS G12C,0
EID1183,KRAS,panel,ACCEPTED,PREDICTIVE,D,SENSITIVITYRESPONSE,Cancer,162,KRAS Mutation,0
EID1702,KRAS,panel,ACCEPTED,PREDICTIVE,D,RESISTANCE,Colorectal Cancer,9256,KRAS Mutation,0
EID1979,KRAS,panel,ACCEPTED,PREDICTIVE,D,SENSITIVITYRESPONSE,Colorectal Cancer,9256,MET Amplification AND NOT KRAS Mutation,0
EID2001,KRAS,panel,ACCEPTED,PREDICTIVE,D,SENSITIVITYRESPONSE,Colorectal Cancer,9256,KRAS G12V,0
EID2206,KRAS,panel,ACCEPTED,PREDICTIVE,D,SENSITIVITYRESPONSE,Colorectal Cancer,9256,KRAS A146T,0
EID2209,KRAS,panel,ACCEPTED,PREDICTIVE,D,SENSITIVITYRESPONSE,Colorectal Cancer,9256,KRAS A146V,0
EID2218,KRAS,panel,ACCEPTED,PREDICTIVE,D,SENSITIVITYRESPONSE,Colorectal Cancer,9256,KRAS G12D,0
EID2943,KRAS,panel,ACCEPTED,PREDICTIVE,D,RESISTANCE,Colorectal Cancer,9256,KRAS A146T,0
EID2944,KRAS,panel,SUBMITTED,PREDICTIVE,D,SENSITIVITYRESPONSE,Colorectal Cancer,9256,KRAS A146T,0
EID3958,KRAS,panel,ACCEPTED,PREDICTIVE,D,RESISTANCE,Ovarian Cancer,2394,KRAS G12D,0
EID4865,KRAS,panel,SUBMITTED,PREDICTIVE,D,SENSITIVITYRESPONSE,Lung Non-small Cell Carcinoma,3908,KRAS Mutation,0
EID6962,KRAS,panel,SUBMITTED,PROGNOSTIC,D,BETTER_OUTCOME,Thyroid Gland Carcinoma,3963,KRAS G12D,0
EID7076,KRAS,panel,SUBMITTED,PREDICTIVE,D,RESISTANCE,Colorectal Cancer,9256,KRAS G13D,0
EID7166,KRAS,panel,SUBMITTED,PREDISPOSING,D,LIKELY_PATHOGENIC,Chronic Myelomonocytic Leukemia,0080188,KRAS Mutation,0
EID7176,KRAS,panel,SUBMITTED,PREDICTIVE,D,RESISTANCE,Colorectal Cancer,9256,KRAS A146T,0
EID7177,KRAS,panel,SUBMITTED,PREDICTIVE,D,RESISTANCE,Colorectal Cancer,9256,KRAS Q61P,0
EID7572,KRAS,panel,ACCEPTED,PREDICTIVE,D,SENSITIVITYRESPONSE,Solid Tumor,,KRAS G12C,0
EID7935,KRAS,panel,ACCEPTED,ONCOGENIC,D,ONCOGENICITY,Cancer,162,KRAS R164Q (exon 5b),0
EID7936,KRAS,panel,ACCEPTED,ONCOGENIC,D,ONCOGENICITY,Cancer,162,KRAS Q61H,0
EID8039,KRAS,panel,SUBMITTED,PREDICTIVE,D,NA,Cancer,162,KRAS G12C,0
EID8367,KRAS,panel,ACCEPTED,PREDICTIVE,D,SENSITIVITYRESPONSE,Colorectal Cancer,9256,KRAS Exon 2 Mutation,0
EID9068,KRAS,panel,SUBMITTED,FUNCTIONAL,D,GAIN_OF_FUNCTION,,,KRAS P34R,0
EID9146,KRAS,panel,SUBMITTED,PREDICTIVE,D,SENSITIVITYRESPONSE,Lung Non-small Cell Carcinoma,3908,KRAS G12C,0
EID9960,KRAS,panel,SUBMITTED,PREDICTIVE,D,SENSITIVITYRESPONSE,Lung Non-small Cell Carcinoma,3908,KRAS G12C,0
EID9962,KRAS,panel,SUBMITTED,PREDICTIVE,D,SENSITIVITYRESPONSE,Lung Non-small Cell Carcinoma,3908,KRAS G12C,0
EID9964,KRAS,panel,SUBMITTED,PREDICTIVE,D,SENSITIVITYRESPONSE,Lung Non-small Cell Carcinoma,3908,KRAS G12C,0
EID9965,KRAS,panel,SUBMITTED,PREDICTIVE,D,SENSITIVITYRESPONSE,Lung Non-small Cell Carcinoma,3908,KRAS G12C,0
EID10154,KRAS,panel,SUBMITTED,PREDICTIVE,D,SENSITIVITYRESPONSE,Gastrointestinal Carcinoma,0050922,KRAS Overexpression,0
EID11521,KRAS,panel,SUBMITTED,PREDICTIVE,D,SENSITIVITYRESPONSE,Lung Non-small Cell Carcinoma,3908,KRAS G12C,0
EID11548,KRAS,panel,SUBMITTED,ONCOGENIC,D,ONCOGENICITY,Pancreatic Ductal Adenocarcinoma,3498,KRAS G12D AND ERBB2 S310F,1
EID11550,KRAS,panel,SUBMITTED,ONCOGENIC,D,ONCOGENICITY,Pancreatic Ductal Adenocarcinoma,3498,KRAS G12D AND ERBB2 S423R,1
EID11552,KRAS,panel,SUBMITTED,ONCOGENIC,D,ONCOGENICITY,Pancreatic Ductal Adenocarcinoma,3498,ERBB2 R678Q AND KRAS G12D,1
EID11554,KRAS,panel,SUBMITTED,ONCOGENIC,D,ONCOGENICITY,Pancreatic Ductal Adenocarcinoma,3498,KRAS G12D AND ERBB2 Q679L,1
EID11556,KRAS,panel,SUBMITTED,ONCOGENIC,D,ONCOGENICITY,Pancreatic Ductal Adenocarcinoma,3498,KRAS G12D AND ERBB2 E717D,1
EID11558,KRAS,panel,SUBMITTED,ONCOGENIC,D,ONCOGENICITY,Pancreatic Ductal Adenocarcinoma,3498,ERBB2 L755S AND KRAS G12D,1
EID11560,KRAS,panel,SUBMITTED,ONCOGENIC,D,ONCOGENICITY,Pancreatic Ductal Adenocarcinoma,3498,ERBB2 V777L AND KRAS G12D,1
EID11562,KRAS,panel,SUBMITTED,ONCOGENIC,D,ONCOGENICITY,Pancreatic Ductal Adenocarcinoma,3498,ERBB2 V842I AND KRAS G12D,1
EID11572,KRAS,panel,SUBMITTED,PREDICTIVE,D,SENSITIVITYRESPONSE,Pancreatic Ductal Adenocarcinoma,3498,ERBB2 V777L AND KRAS G12C,1
EID11573,KRAS,panel,SUBMITTED,PREDICTIVE,D,SENSITIVITYRESPONSE,Pancreatic Ductal Adenocarcinoma,3498,KRAS G12C AND ERBB2 V842I ,1
EID12068,KRAS,panel,SUBMITTED,PREDICTIVE,D,SENSITIVITYRESPONSE,Colorectal Cancer,9256,KRAS A146P,0
EID12069,KRAS,panel,SUBMITTED,PREDICTIVE,D,RESISTANCE,Colorectal Cancer,9256,KRAS A146V,0
EID12070,KRAS,panel,SUBMITTED,PREDICTIVE,D,RESISTANCE,Colorectal Cancer,9256,KRAS A146T,0
EID12168,KRAS,panel,SUBMITTED,ONCOGENIC,D,ONCOGENICITY,Cancer,162,KRAS A146P,0
EID12455,KRAS,panel,SUBMITTED,PREDICTIVE,D,SENSITIVITYRESPONSE,Cancer,162,KRAS Q61K OR KRAS G12S,0
EID13114,KRAS,panel,SUBMITTED,PREDICTIVE,D,SENSITIVITYRESPONSE,Cancer,162,KRAS G12V,0
EID13300,KRAS,panel,SUBMITTED,PREDICTIVE,D,SENSITIVITYRESPONSE,Colorectal Cancer,9256,KRAS G12C,0
EID943,KRAS,panel,ACCEPTED,PREDICTIVE,D,SENSITIVITYRESPONSE,Colorectal Cancer,9256,KRAS Mutation,0
EID989,KRAS,panel,ACCEPTED,PREDICTIVE,D,SENSITIVITYRESPONSE,Lung Non-small Cell Carcinoma,3908,KRAS Mutation,0
EID992,KRAS,panel,ACCEPTED,PREDICTIVE,D,SENSITIVITYRESPONSE,Lung Non-small Cell Carcinoma,3908,KRAS Mutation,0
EID2012,KRAS,panel,ACCEPTED,PREDICTIVE,D,RESISTANCE,Multiple Myeloma,9538,KRAS G12A,0
EID2013,KRAS,panel,ACCEPTED,PREDICTIVE,D,RESISTANCE,Multiple Myeloma,9538,KRAS G12A,0
EID2014,KRAS,panel,ACCEPTED,PREDICTIVE,D,RESISTANCE,Multiple Myeloma,9538,KRAS G12A,0
EID2183,KRAS,panel,ACCEPTED,PREDICTIVE,D,SENSITIVITYRESPONSE,Colorectal Cancer,9256,KRAS G13D,0
EID2212,KRAS,panel,ACCEPTED,PREDICTIVE,D,SENSITIVITYRESPONSE,Colorectal Cancer,9256,KRAS G12C,0
EID2250,KRAS,panel,ACCEPTED,PREDICTIVE,D,RESISTANCE,Multiple Myeloma,9538,KRAS G12D,0
EID2252,KRAS,panel,ACCEPTED,PREDICTIVE,D,RESISTANCE,Multiple Myeloma,9538,KRAS G12D,0
EID2261,KRAS,panel,ACCEPTED,PREDICTIVE,D,RESISTANCE,Multiple Myeloma,9538,KRAS G12C,0
EID2263,KRAS,panel,ACCEPTED,PREDICTIVE,D,RESISTANCE,Multiple Myeloma,9538,KRAS G12C,0
EID2277,KRAS,panel,ACCEPTED,PREDICTIVE,D,RESISTANCE,Multiple Myeloma,9538,KRAS G12S,0
EID2278,KRAS,panel,ACCEPTED,PREDICTIVE,D,RESISTANCE,Multiple Myeloma,9538,KRAS G12S,0
EID2279,KRAS,panel,ACCEPTED,PREDICTIVE,D,RESISTANCE,Multiple Myeloma,9538,KRAS G12S,0
EID3710,KRAS,panel,ACCEPTED,PREDICTIVE,D,RESISTANCE,Colorectal Cancer,9256,KRAS G12A,0
EID3924,KRAS,panel,ACCEPTED,PREDICTIVE,D,RESISTANCE,Colorectal Cancer,9256,KRAS G12V,0
EID3957,KRAS,panel,ACCEPTED,PREDICTIVE,D,RESISTANCE,Melanoma,1909,BRAF V600E AND KRAS G12D,0
EID3973,KRAS,panel,ACCEPTED,PREDICTIVE,D,RESISTANCE,Colorectal Cancer,9256,KRAS G12C,0
EID4012,KRAS,panel,ACCEPTED,PREDICTIVE,D,RESISTANCE,Colorectal Cancer,9256,KRAS G12S,0
EID6317,KRAS,panel,ACCEPTED,PREDICTIVE,D,RESISTANCE,Melanoma,1909,KRAS Amplification,0
EID7050,KRAS,panel,SUBMITTED,PREDICTIVE,D,SENSITIVITYRESPONSE,Lung Non-small Cell Carcinoma,3908,KRAS G12S,0
EID7181,KRAS,panel,SUBMITTED,PREDICTIVE,D,SENSITIVITYRESPONSE,Pancreatic Cancer,1793,KRAS G12D,1
EID7182,KRAS,panel,SUBMITTED,PREDICTIVE,D,SENSITIVITYRESPONSE,Pancreatic Cancer,1793,KRAS Activating Mutation,1
EID7183,KRAS,panel,SUBMITTED,PREDICTIVE,D,RESISTANCE,Pancreatic Cancer,1793,KRAS G12,1
EID8041,KRAS,panel,SUBMITTED,PREDISPOSING,D,NA,Pancreatic Cancer,1793,KRAS V14I,1
EID8840,KRAS,panel,ACCEPTED,PREDICTIVE,D,RESISTANCE,Colorectal Cancer,9256,KRAS Wildtype,0
EID9961,KRAS,panel,SUBMITTED,PREDICTIVE,D,SENSITIVITYRESPONSE,Lung Non-small Cell Carcinoma,3908,KRAS G12C,0
EID12553,KRAS,panel,SUBMITTED,PREDICTIVE,D,SENSITIVITYRESPONSE,Acute Lymphoblastic Leukemia,9952,FLT3 ITD OR FLT3 TKD MUTATION OR NRAS EXON 2-3 MUTATION OR PTPN11 Mutation OR KRAS Exon 2-3 Mutation,0
EID795,KRAS,panel,ACCEPTED,PREDICTIVE,D,SENSITIVITYRESPONSE,Lung Non-small Cell Carcinoma,3908,KRAS G12V,0
EID1182,KRAS,panel,ACCEPTED,PREDICTIVE,D,RESISTANCE,Colorectal Cancer,9256,KRAS Mutation,0
EID3889,KRAS,panel,ACCEPTED,PREDICTIVE,D,RESISTANCE,Colorectal Cancer,9256,KRAS G13D,0
EID3946,KRAS,panel,ACCEPTED,PREDICTIVE,D,RESISTANCE,Colorectal Cancer,9256,KRAS G12D,0
EID3991,KRAS,panel,ACCEPTED,PREDICTIVE,D,RESISTANCE,Colorectal Cancer,9256,KRAS G12R,0
EID7167,KRAS,panel,SUBMITTED,ONCOGENIC,D,ONCOGENICITY,Colorectal Cancer,9256,KRAS A146T,0
EID7184,KRAS,panel,SUBMITTED,PREDICTIVE,D,SENSITIVITYRESPONSE,Pancreatic Cancer,1793,KRAS Activating Mutation,1
EID11960,KRAS,panel,SUBMITTED,ONCOGENIC,E,ONCOGENICITY,Diffuse Large B-cell Lymphoma,0050745,KRAS Mutation,0
EID4864,KRAS,panel,ACCEPTED,PREDICTIVE,E,SENSITIVITYRESPONSE,Lung Non-small Cell Carcinoma,3908,KRAS Mutation,0
EID1507,TP53,panel,ACCEPTED,PROGNOSTIC,A,POOR_OUTCOME,Chronic Lymphocytic Leukemia,1040,TP53 Mutation,0
EID1452,TP53,panel,ACCEPTED,PROGNOSTIC,B,POOR_OUTCOME,Chronic Lymphocytic Leukemia,1040,TP53 Mutation,0
EID1485,TP53,panel,ACCEPTED,PROGNOSTIC,B,POOR_OUTCOME,Chronic Lymphocytic Leukemia,1040,TP53 Mutation,0
EID2999,TP53,panel,ACCEPTED,PROGNOSTIC,B,NA,Lung Non-small Cell Carcinoma,3908,TP53 Mutation,0
EID8346,TP53,panel,SUBMITTED,PREDISPOSING,B,PREDISPOSITION,Medulloblastoma SHH Activated And TP53 Mutant,0080704,TP53 Mutation,0
EID8347,TP53,panel,ACCEPTED,PROGNOSTIC,B,POOR_OUTCOME,Medulloblastoma SHH Activated,0080703,TP53 Mutation,0
EID9247,TP53,panel,SUBMITTED,DIAGNOSTIC,B,POSITIVE,Osteosarcoma,3347,TP53 Rearrangement,0
EID519,TP53,panel,ACCEPTED,PROGNOSTIC,B,POOR_OUTCOME,Esophagus Squamous Cell Carcinoma,3748,TP53 Mutation,0
EID520,TP53,panel,ACCEPTED,PROGNOSTIC,B,POOR_OUTCOME,B-lymphoblastic Leukemia/lymphoma,0080630,TP53 Mutation,0
EID521,TP53,panel,ACCEPTED,PROGNOSTIC,B,POOR_OUTCOME,Myelodysplastic Syndrome,0050908,TP53 Mutation,0
EID522,TP53,panel,ACCEPTED,PROGNOSTIC,B,POOR_OUTCOME,Myeloid Neoplasm,0070004,TP53 Mutation,0
EID523,TP53,panel,ACCEPTED,PROGNOSTIC,B,POOR_OUTCOME,Head And Neck Squamous Cell Carcinoma,5520,TP53 Mutation,0
EID524,TP53,panel,ACCEPTED,PROGNOSTIC,B,POOR_OUTCOME,Head And Neck Squamous Cell Carcinoma,5520,TP53 Mutation,0
EID525,TP53,panel,ACCEPTED,PROGNOSTIC,B,POOR_OUTCOME,Head And Neck Squamous Cell Carcinoma,5520,TP53 Truncating Mutation,0
EID526,TP53,panel,ACCEPTED,PROGNOSTIC,B,POOR_OUTCOME,Head And Neck Squamous Cell Carcinoma,5520,TP53 Truncating Mutation,0
EID640,TP53,panel,ACCEPTED,PROGNOSTIC,B,POOR_OUTCOME,B-lymphoblastic Leukemia/lymphoma,0080630,TP53 Mutation,0
EID641,TP53,panel,ACCEPTED,PROGNOSTIC,B,POOR_OUTCOME,Oral Squamous Cell Carcinoma,0050866,TP53 DNA Binding Domain Mutation,0
EID1018,TP53,panel,ACCEPTED,PROGNOSTIC,B,POOR_OUTCOME,Acute Myeloid Leukemia,9119,TP53 Mutation,0
EID1147,TP53,panel,ACCEPTED,PROGNOSTIC,B,POOR_OUTCOME,Lung Non-small Cell Carcinoma,3908,TP53 Deleterious Mutation,0
EID1302,TP53,panel,ACCEPTED,PREDISPOSING,B,PREDISPOSITION,Breast Cancer,1612,TP53 R72P,0
EID1451,TP53,panel,ACCEPTED,PROGNOSTIC,B,POOR_OUTCOME,Chronic Lymphocytic Leukemia,1040,TP53 Mutation,0
EID2771,TP53,panel,ACCEPTED,PREDICTIVE,B,RESISTANCE,Ovarian Cancer,2394,TP53 ALTERATION,0
EID2799,TP53,panel,ACCEPTED,PREDICTIVE,B,SENSITIVITYRESPONSE,Stomach Cancer,10534,TP53 Overexpression,0
EID3014,TP53,panel,ACCEPTED,PROGNOSTIC,B,POOR_OUTCOME,Ovarian Cancer,2394,TP53 ALTERATION,0
EID6943,TP53,panel,SUBMITTED,PROGNOSTIC,B,POOR_OUTCOME,Myelodysplastic Syndrome,0050908,TP53 Mutation,0
EID7963,TP53,panel,SUBMITTED,PROGNOSTIC,B,POOR_OUTCOME,Medulloblastoma,0050902,TP53 Mutation,0
EID7964,TP53,panel,SUBMITTED,PROGNOSTIC,B,POOR_OUTCOME,Medulloblastoma,0050902,TP53 Mutation,0
EID8345,TP53,panel,SUBMITTED,DIAGNOSTIC,B,POSITIVE,Medulloblastoma SHH Activated And TP53 Mutant,0080704,TP53 Mutation,0
EID9248,TP53,panel,SUBMITTED,DIAGNOSTIC,B,POSITIVE,Osteosarcoma,3347,TP53 Rearrangement,0
EID9594,TP53,panel,ACCEPTED,PROGNOSTIC,B,POOR_OUTCOME,Rhabdomyosarcoma,3247,TP53 ALTERATION,0
EID12029,TP53,panel,ACCEPTED,PREDICTIVE,B,SENSITIVITYRESPONSE,Myelodysplastic Syndrome,0050908,TP53 Mutation,0
EID389,TP53,panel,ACCEPTED,PROGNOSTIC,B,POOR_OUTCOME,Breast Cancer,1612,TP53 R175H,0
EID390,TP53,panel,ACCEPTED,PROGNOSTIC,B,POOR_OUTCOME,Breast Cancer,1612,TP53 R248Q,0
EID391,TP53,panel,ACCEPTED,PROGNOSTIC,B,POOR_OUTCOME,Breast Cancer,1612,TP53 R248Q,0
EID392,TP53,panel,ACCEPTED,PROGNOSTIC,B,POOR_OUTCOME,Breast Cancer,1612,TP53 R248W,0
EID393,TP53,panel,ACCEPTED,PROGNOSTIC,B,POOR_OUTCOME,Breast Cancer,1612,TP53 Mutation,0
EID395,TP53,panel,ACCEPTED,PROGNOSTIC,B,POOR_OUTCOME,Breast Cancer,1612,TP53 R273C,0
EID396,TP53,panel,ACCEPTED,PROGNOSTIC,B,POOR_OUTCOME,Breast Cancer,1612,TP53 R273C,0
EID397,TP53,panel,ACCEPTED,PROGNOSTIC,B,POOR_OUTCOME,Breast Cancer,1612,TP53 R273H,0
EID398,TP53,panel,ACCEPTED,PROGNOSTIC,B,POOR_OUTCOME,Breast Cancer,1612,TP53 R273H,0
EID399,TP53,panel,ACCEPTED,PREDICTIVE,B,SENSITIVITYRESPONSE,Breast Cancer,1612,TP53 R249,0
EID517,TP53,panel,ACCEPTED,PROGNOSTIC,B,POOR_OUTCOME,Head And Neck Squamous Cell Carcinoma,5520,TP53 Deleterious Mutation,0
EID518,TP53,panel,ACCEPTED,PROGNOSTIC,B,POOR_OUTCOME,Head And Neck Squamous Cell Carcinoma,5520,TP53 Mutation,0
EID850,TP53,panel,ACCEPTED,PREDICTIVE,B,SENSITIVITYRESPONSE,Gastric Adenocarcinoma,3717,TP53 Mutation,0
EID875,TP53,panel,ACCEPTED,PREDICTIVE,B,SENSITIVITYRESPONSE,Colorectal Cancer,9256,TP53 Wildtype,0
EID906,TP53,panel,ACCEPTED,PREDICTIVE,B,SENSITIVITYRESPONSE,Esophageal Carcinoma,1107,TP53 Wildtype,0
EID1149,TP53,panel,ACCEPTED,PREDICTIVE,B,SENSITIVITYRESPONSE,Lung Non-small Cell Carcinoma,3908,TP53 Wildtype,0
EID1303,TP53,panel,ACCEPTED,PROGNOSTIC,B,POOR_OUTCOME,Lung Carcinoma,3905,TP53 P72R,0
EID1450,TP53,panel,ACCEPTED,PROGNOSTIC,B,POOR_OUTCOME,Chronic Lymphocytic Leukemia,1040,TP53 Mutation,0
EID1478,TP53,panel,ACCEPTED,PROGNOSTIC,B,POOR_OUTCOME,Chronic Lymphocytic Leukemia,1040,TP53 Mutation,0
EID2697,TP53,panel,ACCEPTED,PROGNOSTIC,B,POOR_OUTCOME,Ovarian Cancer,2394,TP53 Overexpression,0
EID2783,TP53,panel,ACCEPTED,PREDICTIVE,B,RESISTANCE,Breast Cancer,1612,TP53 DNA Binding Domain Mutation,0
EID2965,TP53,panel,ACCEPTED,PREDICTIVE,B,SENSITIVITYRESPONSE,Leukemia,1240,TP53 Wildtype,0
EID2966,TP53,panel,ACCEPTED,PREDICTIVE,B,RESISTANCE,Leukemia,1240,TP53 Deleterious Mutation,0
EID2993,TP53,panel,ACCEPTED,PROGNOSTIC,B,POOR_OUTCOME,Ovarian Cancer,2394,TP53 CONSERVED DOMAIN MUT,0
EID3013,TP53,panel,ACCEPTED,PREDICTIVE,B,RESISTANCE,Ovarian Cancer,2394,TP53 Overexpression,0
EID3036,TP53,panel,SUBMITTED,PREDICTIVE,B,RESISTANCE,Breast Cancer,1612,TP53 L3 Domain Mutation,0
EID3041,TP53,panel,SUBMITTED,PROGNOSTIC,B,POOR_OUTCOME,Colorectal Cancer,9256,TP53 L3 Domain Mutation,0
EID6031,TP53,panel,SUBMITTED,PROGNOSTIC,B,POOR_OUTCOME,Lung Adenocarcinoma,3910,TP53 Mutation,0
EID6032,TP53,panel,SUBMITTED,PROGNOSTIC,B,POOR_OUTCOME,Lung Adenocarcinoma,3910,TP53 Mutation,0
EID7976,TP53,panel,SUBMITTED,PROGNOSTIC,B,POOR_OUTCOME,Glioblastoma,3068,TP53 Mutation,0
EID7978,TP53,panel,SUBMITTED,PREDICTIVE,B,RESISTANCE,Glioblastoma,3068,TP53 Mutation,0
EID8945,TP53,panel,ACCEPTED,PROGNOSTIC,B,POOR_OUTCOME,Renal Wilms' Tumor,5176,TP53 Overexpression,0
EID11709,TP53,panel,ACCEPTED,PREDICTIVE,B,SENSITIVITYRESPONSE,Cancer,162,TP53 Mutation,0
EID11727,TP53,panel,SUBMITTED,FUNCTIONAL,B,NEOMORPHIC,,,TP53 Mutation AND VEGFA Overexpression,0
EID12033,TP53,panel,SUBMITTED,PREDICTIVE,B,SENSITIVITYRESPONSE,Cancer,162,TP53 Mutation,0
EID12835,TP53,panel,SUBMITTED,PROGNOSTIC,B,POOR_OUTCOME,Renal Wilms' Tumor,5176,TP53 Mutation OR 17p Deletion,0
EID1028,TP53,panel,ACCEPTED,PROGNOSTIC,B,POOR_OUTCOME,Adrenocortical Carcinoma,3948,TP53 Mutation,0
EID1148,TP53,panel,ACCEPTED,PREDICTIVE,B,SENSITIVITYRESPONSE,Lung Non-small Cell Carcinoma,3908,TP53 Deleterious Mutation,0
EID1170,TP53,panel,ACCEPTED,PREDICTIVE,B,SENSITIVITYRESPONSE,Sarcoma,1115,TP53 Deleterious Mutation,0
EID1304,TP53,panel,ACCEPTED,PROGNOSTIC,B,POOR_OUTCOME,Cervical Cancer,4362,TP53 P72R,0
EID1481,TP53,panel,ACCEPTED,PREDICTIVE,B,SENSITIVITYRESPONSE,Chronic Lymphocytic Leukemia,1040,TP53 Mutation,0
EID6074,TP53,panel,SUBMITTED,PREDICTIVE,B,RESISTANCE,Chronic Lymphocytic Leukemia/small Lymphocytic Lymphoma,6354,TP53 Mutation,0
EID6932,TP53,panel,SUBMITTED,PROGNOSTIC,B,POOR_OUTCOME,Oligodendroglioma,3181,TP53 P72R,0
EID8282,TP53,panel,SUBMITTED,PREDICTIVE,B,SENSITIVITYRESPONSE,Pancreatic Cancer,1793,TP53 Mutation,1
EID2286,TP53,panel,ACCEPTED,PREDICTIVE,C,RESISTANCE,Ovarian Cancer,2394,TP53 R273L,0
EID2289,TP53,panel,SUBMITTED,PREDICTIVE,C,RESISTANCE,Breast Cancer,1612,TP53 R273H,0
EID2310,TP53,panel,ACCEPTED,PREDICTIVE,C,SENSITIVITYRESPONSE,Stomach Carcinoma,5517,TP53 R175H,0
EID2745,TP53,panel,ACCEPTED,PREDICTIVE,C,RESISTANCE,Ovarian Cancer,2394,TP53 Y234C,0
EID2818,TP53,panel,ACCEPTED,PREDICTIVE,C,SENSITIVITYRESPONSE,Stomach Carcinoma,5517,TP53 R282L,0
EID2819,TP53,panel,ACCEPTED,PREDICTIVE,C,SENSITIVITYRESPONSE,Stomach Carcinoma,5517,TP53 R213P,0
EID4419,TP53,panel,SUBMITTED,PREDICTIVE,C,RESISTANCE,Skin Squamous Cell Carcinoma,3151,TP53 P278S,0
EID8064,TP53,panel,SUBMITTED,PREDICTIVE,C,NA,Glioblastoma,3068,TP53 M237I,0
EID2292,TP53,panel,ACCEPTED,PREDICTIVE,C,SENSITIVITYRESPONSE,Stomach Carcinoma,5517,TP53 R273C,0
EID2306,TP53,panel,ACCEPTED,PREDICTIVE,C,SENSITIVITYRESPONSE,Stomach Carcinoma,5517,TP53 Y220C,0
EID6172,TP53,panel,SUBMITTED,PREDICTIVE,C,SENSITIVITYRESPONSE,Breast Cancer,1612,TP53 Y220C,0
EID7336,TP53,panel,SUBMITTED,PREDISPOSING,C,PREDISPOSITION,Li Fraumeni Syndrome 1,0111503,TP53 G244S,0
EID8348,TP53,panel,SUBMITTED,PREDICTIVE,C,SENSITIVITYRESPONSE,Medulloblastoma SHH Activated And TP53 Mutant,0080704,TP53 Mutation,0
EID11710,TP53,panel,SUBMITTED,PREDICTIVE,C,SENSITIVITYRESPONSE,Pancreatic Cancer,1793,KRAS G12D AND KRAS G12R AND CDKN2A Loss AND CDKN2B Loss AND TP53 R267W,1
EID11711,TP53,panel,SUBMITTED,PREDICTIVE,C,SENSITIVITYRESPONSE,Pancreatic Cancer,1793,KRAS G12D AND KRAS G12R AND CDKN2A Loss AND CDKN2B Loss AND SMAD4 Deletion AND TP53 R267W,1
EID11712,TP53,panel,SUBMITTED,PREDICTIVE,C,SENSITIVITYRESPONSE,Pancreatic Cancer,1793,BRAF V600E AND ERBB2 Amplification AND SMAD4 LOSS AND TP53 V218E,1
EID12297,TP53,panel,SUBMITTED,PREDICTIVE,C,SENSITIVITYRESPONSE,Cancer,162,TP53 Y220C,0
EID2890,TP53,panel,SUBMITTED,DIAGNOSTIC,C,NA,Colorectal Cancer,9256,TP53 V143A,0
EID2891,TP53,panel,SUBMITTED,DIAGNOSTIC,C,NA,Lymphoplasmacytic Lymphoma,0060901,TP53 V143A,0
EID7540,TP53,panel,ACCEPTED,PREDICTIVE,C,SENSITIVITYRESPONSE,Sarcoma,1115,TP53 R175H OR TP53 H193R,0
EID11319,TP53,panel,SUBMITTED,PREDICTIVE,C,SENSITIVITYRESPONSE,Uterine Leiomyosarcoma,,PTEN Deletion AND BRCA2 Deletion AND TP53 Deletion,0
EID12732,TP53,panel,ACCEPTED,PREDICTIVE,C,SENSITIVITYRESPONSE,Colorectal Cancer,9256,TP53 R273C OR TP53 G245S OR TP53 R213*,0
EID2784,TP53,panel,ACCEPTED,PREDICTIVE,C,RESISTANCE,Breast Cancer,1612,TP53 Mutation,0
EID2820,TP53,panel,ACCEPTED,PREDICTIVE,C,SENSITIVITYRESPONSE,Stomach Carcinoma,5517,TP53 Mutation,0
EID9846,TP53,panel,SUBMITTED,PREDISPOSING,C,PREDISPOSITION,Esophagus Squamous Cell Carcinoma,3748,TP53 V197E,0
EID9285,TP53,panel,ACCEPTED,FUNCTIONAL,D,GAIN_OF_FUNCTION,,,TP53 P250L,0
EID851,TP53,panel,ACCEPTED,PREDICTIVE,D,SENSITIVITYRESPONSE,Breast Cancer,1612,TP53 Mutation,0
EID2963,TP53,panel,ACCEPTED,PREDICTIVE,D,SENSITIVITYRESPONSE,Cancer,162,TP53 Wildtype,0
EID2964,TP53,panel,ACCEPTED,PREDICTIVE,D,SENSITIVITYRESPONSE,Cancer,162,TP53 Wildtype,0
EID2967,TP53,panel,ACCEPTED,PREDICTIVE,D,RESISTANCE,Cancer,162,TP53 Deleterious Mutation,0
EID2968,TP53,panel,ACCEPTED,PREDICTIVE,D,RESISTANCE,Cancer,162,TP53 Deleterious Mutation,0
EID3042,TP53,panel,ACCEPTED,PREDICTIVE,D,RESISTANCE,Cancer,162,TP53 R248Q,0
EID4879,TP53,panel,ACCEPTED,PREDICTIVE,D,RESISTANCE,Cancer,162,TP53 R248W,0
EID4881,TP53,panel,ACCEPTED,PREDICTIVE,D,RESISTANCE,Cancer,162,TP53 R273C,0
EID4882,TP53,panel,ACCEPTED,PREDICTIVE,D,RESISTANCE,Cancer,162,TP53 R273H,0
EID4883,TP53,panel,ACCEPTED,PREDICTIVE,D,RESISTANCE,Cancer,162,TP53 G245S,0
EID4884,TP53,panel,ACCEPTED,PREDICTIVE,D,RESISTANCE,Cancer,162,TP53 Y220C,0
EID4887,TP53,panel,ACCEPTED,PREDICTIVE,D,RESISTANCE,Cancer,162,TP53 V157F,0
EID4888,TP53,panel,ACCEPTED,PREDICTIVE,D,RESISTANCE,Cancer,162,TP53 R249S,0
EID4889,TP53,panel,ACCEPTED,PREDICTIVE,D,RESISTANCE,Cancer,162,TP53 R280K,0
EID4890,TP53,panel,ACCEPTED,PREDICTIVE,D,RESISTANCE,Cancer,162,TP53 R280T,0
EID7119,TP53,panel,SUBMITTED,ONCOGENIC,D,ONCOGENICITY,Cancer,162,TP53 R175H,0
EID7121,TP53,panel,SUBMITTED,ONCOGENIC,D,ONCOGENICITY,Cancer,162,TP53 R273H,0
EID7161,TP53,panel,ACCEPTED,PREDISPOSING,D,PREDISPOSITION,Lymphoma,0060058,TP53 R248Q,0
EID7175,TP53,panel,SUBMITTED,PREDICTIVE,D,RESISTANCE,Ovarian Cancer,2394,TP53 R248Q,0
EID7338,TP53,panel,SUBMITTED,FUNCTIONAL,D,LOSS_OF_FUNCTION,,,TP53 Y205,0
EID7339,TP53,panel,SUBMITTED,FUNCTIONAL,D,LOSS_OF_FUNCTION,,,TP53 G245,0
EID7340,TP53,panel,SUBMITTED,FUNCTIONAL,D,LOSS_OF_FUNCTION,,,TP53 R249,0
EID7341,TP53,panel,SUBMITTED,FUNCTIONAL,D,LOSS_OF_FUNCTION,,,TP53 K132,0
EID7348,TP53,panel,SUBMITTED,FUNCTIONAL,D,UNALTERED_FUNCTION,,,TP53 A129,0
EID7350,TP53,panel,SUBMITTED,FUNCTIONAL,D,UNALTERED_FUNCTION,,,TP53 L114,0
EID7351,TP53,panel,SUBMITTED,FUNCTIONAL,D,UNALTERED_FUNCTION,,,TP53 P153,0
EID7352,TP53,panel,SUBMITTED,FUNCTIONAL,D,UNALTERED_FUNCTION,,,TP53 T170,0
EID7353,TP53,panel,SUBMITTED,FUNCTIONAL,D,UNALTERED_FUNCTION,,,TP53 D184,0
EID7354,TP53,panel,SUBMITTED,FUNCTIONAL,D,UNALTERED_FUNCTION,,,TP53 L206,0
EID7432,TP53,panel,SUBMITTED,FUNCTIONAL,D,GAIN_OF_FUNCTION,,,TP53 R175H,0
EID7433,TP53,panel,SUBMITTED,FUNCTIONAL,D,GAIN_OF_FUNCTION,,,TP53 R273H,0
EID7525,TP53,panel,ACCEPTED,FUNCTIONAL,D,DOMINANT_NEGATIVE,,,TP53 R248Q,0
EID7526,TP53,panel,SUBMITTED,FUNCTIONAL,D,NEOMORPHIC,,,TP53 R175H,0
EID7527,TP53,panel,ACCEPTED,FUNCTIONAL,D,NEOMORPHIC,,,TP53 Y220C,0
EID7528,TP53,panel,ACCEPTED,FUNCTIONAL,D,NEOMORPHIC,,,TP53 M237I,0
EID7529,TP53,panel,ACCEPTED,FUNCTIONAL,D,NEOMORPHIC,,,TP53 R248Q,0
EID7530,TP53,panel,ACCEPTED,FUNCTIONAL,D,NEOMORPHIC,,,TP53 R273H,0
EID9133,TP53,panel,SUBMITTED,FUNCTIONAL,D,GAIN_OF_FUNCTION,,,TP53 R110L,0
EID9580,TP53,panel,SUBMITTED,FUNCTIONAL,D,DOMINANT_NEGATIVE,,,TP53 E285V,0
EID10059,TP53,panel,ACCEPTED,FUNCTIONAL,D,LOSS_OF_FUNCTION,,,TP53 T125T,0
EID12010,TP53,panel,SUBMITTED,PREDICTIVE,D,SENSITIVITYRESPONSE,Ovarian Cancer,2394,TP53 Mutation,0
EID12011,TP53,panel,SUBMITTED,PREDICTIVE,D,SENSITIVITYRESPONSE,Ovarian Cancer,2394,TP53 Mutation,0
EID319,TP53,panel,ACCEPTED,PREDICTIVE,D,SENSITIVITYRESPONSE,Breast Cancer,1612,TP53 R175H,0
EID1145,TP53,panel,ACCEPTED,PREDICTIVE,D,SENSITIVITYRESPONSE,Lung Non-small Cell Carcinoma,3908,TP53 Mutation,0
EID1146,TP53,panel,ACCEPTED,PREDICTIVE,D,RESISTANCE,Lung Non-small Cell Carcinoma,3908,TP53 Loss,0
EID4880,TP53,panel,ACCEPTED,PREDICTIVE,D,RESISTANCE,Cancer,162,TP53 R175H,0
EID4885,TP53,panel,ACCEPTED,PREDICTIVE,D,RESISTANCE,Cancer,162,TP53 M237I,0
EID4886,TP53,panel,ACCEPTED,PREDICTIVE,D,RESISTANCE,Cancer,162,TP53 R158H,0
EID4891,TP53,panel,ACCEPTED,PREDICTIVE,D,RESISTANCE,Cancer,162,TP53 R158L,0
EID7106,TP53,panel,SUBMITTED,FUNCTIONAL,D,LOSS_OF_FUNCTION,,,TP53 R175H,0
EID7107,TP53,panel,ACCEPTED,FUNCTIONAL,D,LOSS_OF_FUNCTION,,,TP53 Y220C,0
EID7108,TP53,panel,SUBMITTED,FUNCTIONAL,D,LOSS_OF_FUNCTION,,,TP53 G245S,0
EID7109,TP53,panel,SUBMITTED,FUNCTIONAL,D,LOSS_OF_FUNCTION,,,TP53 R248Q,0
EID7110,TP53,panel,SUBMITTED,FUNCTIONAL,D,LOSS_OF_FUNCTION,,,TP53 R249S,0
EID7111,TP53,panel,SUBMITTED,FUNCTIONAL,D,LOSS_OF_FUNCTION,,,TP53 R273H,0
EID7112,TP53,panel,SUBMITTED,FUNCTIONAL,D,DOMINANT_NEGATIVE,,,TP53 R175H,0
EID7113,TP53,panel,SUBMITTED,FUNCTIONAL,D,DOMINANT_NEGATIVE,,,TP53 Y220C,0
EID7114,TP53,panel,ACCEPTED,FUNCTIONAL,D,DOMINANT_NEGATIVE,,,TP53 G245S,0
EID7115,TP53,panel,ACCEPTED,FUNCTIONAL,D,DOMINANT_NEGATIVE,,,TP53 R248Q,0
EID7116,TP53,panel,ACCEPTED,FUNCTIONAL,D,DOMINANT_NEGATIVE,,,TP53 R249S,0
EID7117,TP53,panel,SUBMITTED,FUNCTIONAL,D,DOMINANT_NEGATIVE,,,TP53 R273H,0
EID7118,TP53,panel,SUBMITTED,ONCOGENIC,D,ONCOGENICITY,Cancer,162,TP53 V143A,0
EID7120,TP53,panel,SUBMITTED,ONCOGENIC,D,ONCOGENICITY,Cancer,162,TP53 R248W,0
EID7122,TP53,panel,SUBMITTED,ONCOGENIC,D,ONCOGENICITY,Cancer,162,TP53 D281G,0
EID7123,TP53,panel,SUBMITTED,FUNCTIONAL,D,LOSS_OF_FUNCTION,,,TP53 V135A,0
EID7162,TP53,panel,SUBMITTED,ONCOGENIC,D,ONCOGENICITY,Lung Cancer,1324,TP53 R248Q,0
EID7342,TP53,panel,SUBMITTED,FUNCTIONAL,D,LOSS_OF_FUNCTION,,,TP53 R248,0
EID7343,TP53,panel,SUBMITTED,FUNCTIONAL,D,LOSS_OF_FUNCTION,,,TP53 G266,0
EID7344,TP53,panel,SUBMITTED,FUNCTIONAL,D,LOSS_OF_FUNCTION,,,TP53 R273,0
EID7345,TP53,panel,SUBMITTED,FUNCTIONAL,D,LOSS_OF_FUNCTION,,,TP53 P278,0
EID7347,TP53,panel,SUBMITTED,FUNCTIONAL,D,UNALTERED_FUNCTION,,,TP53 W146,0
EID7349,TP53,panel,SUBMITTED,FUNCTIONAL,D,UNALTERED_FUNCTION,,,TP53 E204,0
EID7430,TP53,panel,ACCEPTED,PREDICTIVE,D,RESISTANCE,Osteosarcoma,3347,TP53 R273H,0
EID7442,TP53,panel,SUBMITTED,FUNCTIONAL,D,GAIN_OF_FUNCTION,,,TP53 R248Q,0
EID7443,TP53,panel,SUBMITTED,FUNCTIONAL,D,GAIN_OF_FUNCTION,,,TP53 R273C,0
EID7531,TP53,panel,ACCEPTED,FUNCTIONAL,D,NEOMORPHIC,,,TP53 R282W,0
EID7979,TP53,panel,SUBMITTED,PREDICTIVE,D,RESISTANCE,Glioblastoma,3068,TP53 M237I,0
EID7980,TP53,panel,SUBMITTED,PREDICTIVE,D,RESISTANCE,Glioblastoma,3068,TP53 R273H,0
EID8082,TP53,panel,SUBMITTED,FUNCTIONAL,D,LOSS_OF_FUNCTION,,,TP53 P278A,0
EID8083,TP53,panel,SUBMITTED,FUNCTIONAL,D,DOMINANT_NEGATIVE,,,TP53 P278A,0
EID9286,TP53,panel,ACCEPTED,FUNCTIONAL,D,LOSS_OF_FUNCTION,,,TP53 A161T,0
EID9544,TP53,panel,SUBMITTED,FUNCTIONAL,D,LOSS_OF_FUNCTION,,,TP53 R337L,0
EID9784,TP53,panel,SUBMITTED,ONCOGENIC,D,ONCOGENICITY,Cancer,162,TP53 V157D,0
EID9805,TP53,panel,ACCEPTED,FUNCTIONAL,D,LOSS_OF_FUNCTION,,,TP53 R342P,0
EID9806,TP53,panel,ACCEPTED,FUNCTIONAL,D,LOSS_OF_FUNCTION,,,TP53 L330P,0
EID9807,TP53,panel,ACCEPTED,FUNCTIONAL,D,LOSS_OF_FUNCTION,,,TP53 L330R,0
EID9808,TP53,panel,ACCEPTED,FUNCTIONAL,D,LOSS_OF_FUNCTION,,,TP53 R337P,0
EID9809,TP53,panel,ACCEPTED,FUNCTIONAL,D,LOSS_OF_FUNCTION,,,TP53 L344P,0
EID9810,TP53,panel,SUBMITTED,FUNCTIONAL,D,LOSS_OF_FUNCTION,,,TP53 K120E,0
EID9811,TP53,panel,SUBMITTED,FUNCTIONAL,D,LOSS_OF_FUNCTION,,,TP53 E180K,0
EID9847,TP53,panel,SUBMITTED,FUNCTIONAL,D,GAIN_OF_FUNCTION,,,TP53 K120R,0
EID10063,TP53,panel,SUBMITTED,PREDICTIVE,D,RESISTANCE,Cancer,162,TP53 H193R,0
EID10065,TP53,panel,SUBMITTED,PREDICTIVE,D,RESISTANCE,Cancer,162,TP53 K132Q,0
EID10072,TP53,panel,SUBMITTED,PREDICTIVE,D,RESISTANCE,Cancer,162,TP53 G244R,0
EID10073,TP53,panel,SUBMITTED,PREDICTIVE,D,RESISTANCE,Cancer,162,TP53 C135fs,0
EID10074,TP53,panel,ACCEPTED,PREDICTIVE,D,RESISTANCE,Cancer,162,TP53 R175H,0
EID10075,TP53,panel,SUBMITTED,PREDICTIVE,D,RESISTANCE,Cancer,162,TP53 I251T,0
EID10076,TP53,panel,SUBMITTED,PREDICTIVE,D,RESISTANCE,Cancer,162,TP53 C135F,0
EID10215,TP53,panel,ACCEPTED,FUNCTIONAL,D,DOMINANT_NEGATIVE,,,TP53 P98S,0
EID10216,TP53,panel,ACCEPTED,FUNCTIONAL,D,DOMINANT_NEGATIVE,,,TP53 P98L,0
EID10217,TP53,panel,ACCEPTED,FUNCTIONAL,D,DOMINANT_NEGATIVE,,,TP53 Y126D,0
EID10218,TP53,panel,ACCEPTED,FUNCTIONAL,D,DOMINANT_NEGATIVE,,,TP53 Y126S,0
EID10219,TP53,panel,ACCEPTED,FUNCTIONAL,D,DOMINANT_NEGATIVE,,,TP53 K139E,0
EID10220,TP53,panel,ACCEPTED,FUNCTIONAL,D,DOMINANT_NEGATIVE,,,TP53 P151S,0
EID10222,TP53,panel,ACCEPTED,FUNCTIONAL,D,DOMINANT_NEGATIVE,,,TP53 P151H,0
EID10223,TP53,panel,ACCEPTED,FUNCTIONAL,D,DOMINANT_NEGATIVE,,,TP53 P152L,0
EID10224,TP53,panel,ACCEPTED,FUNCTIONAL,D,DOMINANT_NEGATIVE,,,TP53 I162F,0
EID10225,TP53,panel,ACCEPTED,FUNCTIONAL,D,DOMINANT_NEGATIVE,,,TP53 Y163H,0
EID10226,TP53,panel,ACCEPTED,FUNCTIONAL,D,DOMINANT_NEGATIVE,,,TP53 Y236S,0
EID10227,TP53,panel,ACCEPTED,FUNCTIONAL,D,DOMINANT_NEGATIVE,,,TP53 L252F,0
EID10228,TP53,panel,ACCEPTED,FUNCTIONAL,D,DOMINANT_NEGATIVE,,,TP53 E258K,0
EID10229,TP53,panel,ACCEPTED,FUNCTIONAL,D,DOMINANT_NEGATIVE,,,TP53 G262D,0
EID10230,TP53,panel,ACCEPTED,FUNCTIONAL,D,DOMINANT_NEGATIVE,,,TP53 G266R,0
EID10231,TP53,panel,ACCEPTED,FUNCTIONAL,D,DOMINANT_NEGATIVE,,,TP53 G266E,0
EID10232,TP53,panel,ACCEPTED,FUNCTIONAL,D,DOMINANT_NEGATIVE,,,TP53 A276V,0
EID10233,TP53,panel,ACCEPTED,FUNCTIONAL,D,DOMINANT_NEGATIVE,,,TP53 P278S,0
EID10234,TP53,panel,ACCEPTED,FUNCTIONAL,D,DOMINANT_NEGATIVE,,,TP53 L308M,0
EID10235,TP53,panel,ACCEPTED,FUNCTIONAL,D,DOMINANT_NEGATIVE,,,TP53 L323P,0
EID10236,TP53,panel,ACCEPTED,FUNCTIONAL,D,DOMINANT_NEGATIVE,,,TP53 Q144P,0
EID10237,TP53,panel,ACCEPTED,FUNCTIONAL,D,DOMINANT_NEGATIVE,,,TP53 R158H,0
EID10238,TP53,panel,ACCEPTED,FUNCTIONAL,D,DOMINANT_NEGATIVE,,,TP53 P219H,0
EID10239,TP53,panel,ACCEPTED,FUNCTIONAL,D,DOMINANT_NEGATIVE,,,TP53 Y220H,0
EID10240,TP53,panel,ACCEPTED,FUNCTIONAL,D,DOMINANT_NEGATIVE,,,TP53 E224K,0
EID10241,TP53,panel,ACCEPTED,FUNCTIONAL,D,DOMINANT_NEGATIVE,,,TP53 Y234H,0
EID10242,TP53,panel,ACCEPTED,FUNCTIONAL,D,DOMINANT_NEGATIVE,,,TP53 T230S,0
EID10243,TP53,panel,ACCEPTED,FUNCTIONAL,D,DOMINANT_NEGATIVE,,,TP53 H168Y,0
EID10244,TP53,panel,ACCEPTED,FUNCTIONAL,D,DOMINANT_NEGATIVE,,,TP53 P177S,0
EID10245,TP53,panel,ACCEPTED,FUNCTIONAL,D,DOMINANT_NEGATIVE,,,TP53 P177F,0
EID10246,TP53,panel,ACCEPTED,FUNCTIONAL,D,DOMINANT_NEGATIVE,,,TP53 P177H,0
EID10247,TP53,panel,ACCEPTED,FUNCTIONAL,D,DOMINANT_NEGATIVE,,,TP53 H179Y,0
EID10248,TP53,panel,ACCEPTED,FUNCTIONAL,D,DOMINANT_NEGATIVE,,,TP53 N239S,0
EID10249,TP53,panel,ACCEPTED,FUNCTIONAL,D,DOMINANT_NEGATIVE,,,TP53 S241T,0
EID10250,TP53,panel,ACCEPTED,FUNCTIONAL,D,DOMINANT_NEGATIVE,,,TP53 S241F,0
EID10251,TP53,panel,ACCEPTED,FUNCTIONAL,D,DOMINANT_NEGATIVE,,,TP53 C242Y,0
EID10252,TP53,panel,ACCEPTED,FUNCTIONAL,D,DOMINANT_NEGATIVE,,,TP53 G244S,0
EID10253,TP53,panel,ACCEPTED,FUNCTIONAL,D,DOMINANT_NEGATIVE,,,TP53 G245S,0
EID10254,TP53,panel,ACCEPTED,FUNCTIONAL,D,DOMINANT_NEGATIVE,,,TP53 G245D,0
EID10255,TP53,panel,ACCEPTED,FUNCTIONAL,D,DOMINANT_NEGATIVE,,,TP53 M246L,0
EID10256,TP53,panel,ACCEPTED,FUNCTIONAL,D,DOMINANT_NEGATIVE,,,TP53 R273C,0
EID10257,TP53,panel,ACCEPTED,FUNCTIONAL,D,DOMINANT_NEGATIVE,,,TP53 V274F,0
EID10258,TP53,panel,ACCEPTED,FUNCTIONAL,D,DOMINANT_NEGATIVE,,,TP53 G279E,0
EID10259,TP53,panel,ACCEPTED,FUNCTIONAL,D,DOMINANT_NEGATIVE,,,TP53 D281N,0
EID10260,TP53,panel,ACCEPTED,FUNCTIONAL,D,DOMINANT_NEGATIVE,,,TP53 D281E,0
EID10261,TP53,panel,ACCEPTED,FUNCTIONAL,D,DOMINANT_NEGATIVE,,,TP53 R248W,0
EID10527,TP53,panel,ACCEPTED,FUNCTIONAL,D,DOMINANT_NEGATIVE,,,TP53 R175H,0
EID10528,TP53,panel,ACCEPTED,FUNCTIONAL,D,DOMINANT_NEGATIVE,,,TP53 R156H,0
EID10529,TP53,panel,ACCEPTED,FUNCTIONAL,D,DOMINANT_NEGATIVE,,,TP53 H178P,0
EID10530,TP53,panel,ACCEPTED,FUNCTIONAL,D,DOMINANT_NEGATIVE,,,TP53 H179R,0
EID10531,TP53,panel,ACCEPTED,FUNCTIONAL,D,DOMINANT_NEGATIVE,,,TP53 R181P,0
EID10532,TP53,panel,ACCEPTED,FUNCTIONAL,D,DOMINANT_NEGATIVE,,,TP53 G245S,0
EID10533,TP53,panel,SUBMITTED,FUNCTIONAL,D,DOMINANT_NEGATIVE,,,TP53 G245D,0
EID10534,TP53,panel,SUBMITTED,FUNCTIONAL,D,DOMINANT_NEGATIVE,,,TP53 M246R,0
EID10535,TP53,panel,SUBMITTED,FUNCTIONAL,D,DOMINANT_NEGATIVE,,,TP53 R248Q,0
EID10536,TP53,panel,SUBMITTED,FUNCTIONAL,D,DOMINANT_NEGATIVE,,,TP53 R273H,0
EID10537,TP53,panel,SUBMITTED,FUNCTIONAL,D,DOMINANT_NEGATIVE,,,TP53 R273C,0
EID10538,TP53,panel,SUBMITTED,FUNCTIONAL,D,DOMINANT_NEGATIVE,,,TP53 R273L,0
EID10539,TP53,panel,SUBMITTED,FUNCTIONAL,D,DOMINANT_NEGATIVE,,,TP53 P177S,0
EID10540,TP53,panel,ACCEPTED,FUNCTIONAL,D,DOMINANT_NEGATIVE,,,TP53 R249S,0
EID10541,TP53,panel,ACCEPTED,FUNCTIONAL,D,DOMINANT_NEGATIVE,,,TP53 E68G,0
EID10554,TP53,panel,ACCEPTED,FUNCTIONAL,D,DOMINANT_NEGATIVE,,,TP53 L111R,0
EID10555,TP53,panel,ACCEPTED,FUNCTIONAL,D,DOMINANT_NEGATIVE,,,TP53 H115Y,0
EID10556,TP53,panel,ACCEPTED,FUNCTIONAL,D,DOMINANT_NEGATIVE,,,TP53 C124R,0
EID10557,TP53,panel,ACCEPTED,FUNCTIONAL,D,DOMINANT_NEGATIVE,,,TP53 C135W,0
EID10558,TP53,panel,ACCEPTED,FUNCTIONAL,D,DOMINANT_NEGATIVE,,,TP53 L139N,0
EID10559,TP53,panel,ACCEPTED,FUNCTIONAL,D,DOMINANT_NEGATIVE,,,TP53 P152L,0
EID10560,TP53,panel,ACCEPTED,FUNCTIONAL,D,DOMINANT_NEGATIVE,,,TP53 R158G,0
EID10561,TP53,panel,ACCEPTED,FUNCTIONAL,D,DOMINANT_NEGATIVE,,,TP53 R158H,0
EID10562,TP53,panel,SUBMITTED,FUNCTIONAL,D,DOMINANT_NEGATIVE,,,TP53 A161G,0
EID10563,TP53,panel,SUBMITTED,FUNCTIONAL,D,DOMINANT_NEGATIVE,,,TP53 Y163C,0
EID10564,TP53,panel,SUBMITTED,FUNCTIONAL,D,DOMINANT_NEGATIVE,,,TP53 V173G,0
EID10565,TP53,panel,SUBMITTED,FUNCTIONAL,D,DOMINANT_NEGATIVE,,,TP53 C176S,0
EID10566,TP53,panel,SUBMITTED,FUNCTIONAL,D,DOMINANT_NEGATIVE,,,TP53 C176Y,0
EID10567,TP53,panel,SUBMITTED,FUNCTIONAL,D,DOMINANT_NEGATIVE,,,TP53 C176F,0
EID10568,TP53,panel,SUBMITTED,FUNCTIONAL,D,DOMINANT_NEGATIVE,,,TP53 H193L,0
EID10569,TP53,panel,SUBMITTED,FUNCTIONAL,D,DOMINANT_NEGATIVE,,,TP53 V197L,0
EID10570,TP53,panel,SUBMITTED,FUNCTIONAL,D,DOMINANT_NEGATIVE,,,TP53 R213Q,0
EID10571,TP53,panel,SUBMITTED,FUNCTIONAL,D,DOMINANT_NEGATIVE,,,TP53 Y220C,0
EID10572,TP53,panel,SUBMITTED,FUNCTIONAL,D,DOMINANT_NEGATIVE,,,TP53 Y220H,0
EID10573,TP53,panel,SUBMITTED,FUNCTIONAL,D,DOMINANT_NEGATIVE,,,TP53 G266R,0
EID10574,TP53,panel,ACCEPTED,FUNCTIONAL,D,DOMINANT_NEGATIVE,,,TP53 G266V,0
EID10575,TP53,panel,ACCEPTED,FUNCTIONAL,D,DOMINANT_NEGATIVE,,,TP53 G266E,0
EID10576,TP53,panel,ACCEPTED,FUNCTIONAL,D,DOMINANT_NEGATIVE,,,TP53 F270S,0
EID10577,TP53,panel,ACCEPTED,FUNCTIONAL,D,DOMINANT_NEGATIVE,,,TP53 V272G,0
EID10578,TP53,panel,SUBMITTED,FUNCTIONAL,D,DOMINANT_NEGATIVE,,,TP53 C275Y,0
EID10579,TP53,panel,SUBMITTED,FUNCTIONAL,D,DOMINANT_NEGATIVE,,,TP53 C275F,0
EID10580,TP53,panel,SUBMITTED,FUNCTIONAL,D,DOMINANT_NEGATIVE,,,TP53 R282W,0
EID10581,TP53,panel,SUBMITTED,FUNCTIONAL,D,DOMINANT_NEGATIVE,,,TP53 L305M,0
EID10582,TP53,panel,SUBMITTED,FUNCTIONAL,D,DOMINANT_NEGATIVE,,,TP53 R337P,0
EID10583,TP53,panel,SUBMITTED,FUNCTIONAL,D,DOMINANT_NEGATIVE,,,TP53 A347G,0
EID10584,TP53,panel,SUBMITTED,FUNCTIONAL,D,DOMINANT_NEGATIVE,,,TP53 A83E,0
EID10585,TP53,panel,SUBMITTED,FUNCTIONAL,D,DOMINANT_NEGATIVE,,,TP53 A86T,0
EID10586,TP53,panel,SUBMITTED,FUNCTIONAL,D,DOMINANT_NEGATIVE,,,TP53 A86E,0
EID10587,TP53,panel,SUBMITTED,FUNCTIONAL,D,DOMINANT_NEGATIVE,,,TP53 S127Y,0
EID10588,TP53,panel,SUBMITTED,FUNCTIONAL,D,DOMINANT_NEGATIVE,,,TP53 C135F,0
EID10589,TP53,panel,SUBMITTED,FUNCTIONAL,D,DOMINANT_NEGATIVE,,,TP53 A138K,0
EID10590,TP53,panel,SUBMITTED,FUNCTIONAL,D,DOMINANT_NEGATIVE,,,TP53 Q144Q,0
EID10591,TP53,panel,SUBMITTED,FUNCTIONAL,D,DOMINANT_NEGATIVE,,,TP53 R158C,0
EID10592,TP53,panel,SUBMITTED,FUNCTIONAL,D,DOMINANT_NEGATIVE,,,TP53 A161D,0
EID10593,TP53,panel,SUBMITTED,FUNCTIONAL,D,DOMINANT_NEGATIVE,,,TP53 Q167R,0
EID10594,TP53,panel,SUBMITTED,FUNCTIONAL,D,DOMINANT_NEGATIVE,,,TP53 A161V,0
EID10595,TP53,panel,SUBMITTED,FUNCTIONAL,D,DOMINANT_NEGATIVE,,,TP53 H168R,0
EID10596,TP53,panel,SUBMITTED,FUNCTIONAL,D,DOMINANT_NEGATIVE,,,TP53 H168Q,0
EID10597,TP53,panel,SUBMITTED,FUNCTIONAL,D,DOMINANT_NEGATIVE,,,TP53 V173M,0
EID10598,TP53,panel,SUBMITTED,FUNCTIONAL,D,DOMINANT_NEGATIVE,,,TP53 R181L,0
EID10599,TP53,panel,SUBMITTED,FUNCTIONAL,D,DOMINANT_NEGATIVE,,,TP53 P190H,0
EID10601,TP53,panel,SUBMITTED,FUNCTIONAL,D,DOMINANT_NEGATIVE,,,TP53 R196Q,0
EID10603,TP53,panel,SUBMITTED,FUNCTIONAL,D,DOMINANT_NEGATIVE,,,TP53 S227C,0
EID10604,TP53,panel,SUBMITTED,FUNCTIONAL,D,DOMINANT_NEGATIVE,,,TP53 G262C,0
EID10606,TP53,panel,SUBMITTED,FUNCTIONAL,D,DOMINANT_NEGATIVE,,,TP53 C277Y,0
EID10607,TP53,panel,SUBMITTED,FUNCTIONAL,D,DOMINANT_NEGATIVE,,,TP53 D281Y,0
EID10608,TP53,panel,SUBMITTED,FUNCTIONAL,D,DOMINANT_NEGATIVE,,,TP53 K305N,0
EID10609,TP53,panel,SUBMITTED,FUNCTIONAL,D,DOMINANT_NEGATIVE,,,TP53 R306E,0
EID10610,TP53,panel,SUBMITTED,FUNCTIONAL,D,DOMINANT_NEGATIVE,,,TP53 R337S,0
EID12296,TP53,panel,SUBMITTED,PREDICTIVE,D,SENSITIVITYRESPONSE,Cancer,162,TP53 Y220C,0
EID12721,TP53,panel,SUBMITTED,PREDICTIVE,D,SENSITIVITYRESPONSE,Sarcoma,1115,ATM Mutation OR TP53 Mutation OR PIK3R1 Mutation OR PIK3CB Mutation OR NTRK1 Mutation OR CSF2RB Mutation,0
EID13189,TP53,panel,SUBMITTED,FUNCTIONAL,D,LOSS_OF_FUNCTION,,,TP53 Y205C,0
EID13190,TP53,panel,SUBMITTED,FUNCTIONAL,D,LOSS_OF_FUNCTION,,,TP53 R273L,0
EID13191,TP53,panel,SUBMITTED,FUNCTIONAL,D,LOSS_OF_FUNCTION,,,TP53 C242F,0
EID13192,TP53,panel,SUBMITTED,FUNCTIONAL,D,LOSS_OF_FUNCTION,,,TP53 R267P,0
EID13193,TP53,panel,SUBMITTED,FUNCTIONAL,D,LOSS_OF_FUNCTION,,,TP53 R249S,0
EID13194,TP53,panel,SUBMITTED,FUNCTIONAL,D,UNALTERED_FUNCTION,,,TP53 G105C,0
EID13195,TP53,panel,SUBMITTED,FUNCTIONAL,D,LOSS_OF_FUNCTION,,,TP53 G105C,0
EID13259,TP53,panel,ACCEPTED,FUNCTIONAL,D,LOSS_OF_FUNCTION,,,TP53 Y126C,0
EID13260,TP53,panel,ACCEPTED,FUNCTIONAL,D,DOMINANT_NEGATIVE,,,TP53 Y126C,0
EID7215,TP53,panel,ACCEPTED,FUNCTIONAL,D,DOMINANT_NEGATIVE,,,TP53 C238Y,0
EID7429,TP53,panel,SUBMITTED,ONCOGENIC,D,ONCOGENICITY,Endometrial Cancer,1380,TP53 R175H,0
EID7431,TP53,panel,SUBMITTED,FUNCTIONAL,D,LOSS_OF_FUNCTION,,,TP53 V274S,0
EID9439,TP53,panel,SUBMITTED,FUNCTIONAL,D,LOSS_OF_FUNCTION,,,TP53 S241C,0
EID9440,TP53,panel,SUBMITTED,FUNCTIONAL,D,LOSS_OF_FUNCTION,,,TP53 C135F,0
EID9441,TP53,panel,SUBMITTED,FUNCTIONAL,D,LOSS_OF_FUNCTION,,,TP53 C135Y,0
EID9442,TP53,panel,SUBMITTED,FUNCTIONAL,D,LOSS_OF_FUNCTION,,,TP53 V173L,0
EID9443,TP53,panel,SUBMITTED,FUNCTIONAL,D,LOSS_OF_FUNCTION,,,TP53 C176F,0
EID9444,TP53,panel,SUBMITTED,FUNCTIONAL,D,LOSS_OF_FUNCTION,,,TP53 H179R,0
EID9445,TP53,panel,SUBMITTED,FUNCTIONAL,D,LOSS_OF_FUNCTION,,,TP53 R181P,0
EID9446,TP53,panel,SUBMITTED,FUNCTIONAL,D,LOSS_OF_FUNCTION,,,TP53 S183L,0
EID9447,TP53,panel,SUBMITTED,FUNCTIONAL,D,LOSS_OF_FUNCTION,,,TP53 L194R,0
EID9448,TP53,panel,SUBMITTED,FUNCTIONAL,D,LOSS_OF_FUNCTION,,,TP53 C238F,0
EID9449,TP53,panel,SUBMITTED,FUNCTIONAL,D,LOSS_OF_FUNCTION,,,TP53 N239D,0
EID9450,TP53,panel,SUBMITTED,FUNCTIONAL,D,LOSS_OF_FUNCTION,,,TP53 N239T,0
EID9451,TP53,panel,ACCEPTED,FUNCTIONAL,D,LOSS_OF_FUNCTION,,,TP53 C242F,0
EID9452,TP53,panel,ACCEPTED,FUNCTIONAL,D,LOSS_OF_FUNCTION,,,TP53 C242S,0
EID9453,TP53,panel,ACCEPTED,FUNCTIONAL,D,LOSS_OF_FUNCTION,,,TP53 C242Y,0
EID9454,TP53,panel,SUBMITTED,FUNCTIONAL,D,LOSS_OF_FUNCTION,,,TP53 M243T,0
EID9455,TP53,panel,SUBMITTED,FUNCTIONAL,D,LOSS_OF_FUNCTION,,,TP53 G244V,0
EID9456,TP53,panel,SUBMITTED,FUNCTIONAL,D,LOSS_OF_FUNCTION,,,TP53 G245S,0
EID9457,TP53,panel,SUBMITTED,FUNCTIONAL,D,LOSS_OF_FUNCTION,,,TP53 M246A,0
EID9458,TP53,panel,SUBMITTED,FUNCTIONAL,D,LOSS_OF_FUNCTION,,,TP53 M246T,0
EID9459,TP53,panel,SUBMITTED,FUNCTIONAL,D,LOSS_OF_FUNCTION,,,TP53 R248L,0
EID9460,TP53,panel,SUBMITTED,FUNCTIONAL,D,LOSS_OF_FUNCTION,,,TP53 R249G,0
EID9461,TP53,panel,SUBMITTED,FUNCTIONAL,D,LOSS_OF_FUNCTION,,,TP53 R249S,0
EID9462,TP53,panel,SUBMITTED,FUNCTIONAL,D,LOSS_OF_FUNCTION,,,TP53 D259V,0
EID9463,TP53,panel,SUBMITTED,FUNCTIONAL,D,LOSS_OF_FUNCTION,,,TP53 G266R,0
EID9464,TP53,panel,SUBMITTED,FUNCTIONAL,D,LOSS_OF_FUNCTION,,,TP53 R273C,0
EID9465,TP53,panel,SUBMITTED,FUNCTIONAL,D,LOSS_OF_FUNCTION,,,TP53 R273H,0
EID9466,TP53,panel,SUBMITTED,FUNCTIONAL,D,LOSS_OF_FUNCTION,,,TP53 D281E,0
EID9467,TP53,panel,SUBMITTED,FUNCTIONAL,D,LOSS_OF_FUNCTION,,,TP53 K305M,0
EID9492,TP53,panel,SUBMITTED,FUNCTIONAL,D,UNALTERED_FUNCTION,,,TP53 A138V,0
EID9493,TP53,panel,SUBMITTED,FUNCTIONAL,D,UNALTERED_FUNCTION,,,TP53 P151H,0
EID9494,TP53,panel,SUBMITTED,FUNCTIONAL,D,UNALTERED_FUNCTION,,,TP53 R174W,0
EID9495,TP53,panel,SUBMITTED,FUNCTIONAL,D,UNALTERED_FUNCTION,,,TP53 V272L,0
EID9496,TP53,panel,ACCEPTED,FUNCTIONAL,D,UNALTERED_FUNCTION,,,TP53 E285K,0
EID9498,TP53,panel,SUBMITTED,FUNCTIONAL,D,LOSS_OF_FUNCTION,,,TP53 T125R,0
EID9499,TP53,panel,SUBMITTED,FUNCTIONAL,D,LOSS_OF_FUNCTION,,,TP53 L130V,0
EID9500,TP53,panel,SUBMITTED,FUNCTIONAL,D,LOSS_OF_FUNCTION,,,TP53 C141W,0
EID9501,TP53,panel,SUBMITTED,FUNCTIONAL,D,LOSS_OF_FUNCTION,,,TP53 P151A,0
EID9502,TP53,panel,ACCEPTED,FUNCTIONAL,D,LOSS_OF_FUNCTION,,,TP53 G154S,0
EID9503,TP53,panel,SUBMITTED,FUNCTIONAL,D,LOSS_OF_FUNCTION,,,TP53 R174K,0
EID9504,TP53,panel,SUBMITTED,FUNCTIONAL,D,LOSS_OF_FUNCTION,,,TP53 P190L,0
EID9505,TP53,panel,SUBMITTED,FUNCTIONAL,D,LOSS_OF_FUNCTION,,,TP53 L194P,0
EID9506,TP53,panel,SUBMITTED,FUNCTIONAL,D,LOSS_OF_FUNCTION,,,TP53 Y220C,0
EID9507,TP53,panel,SUBMITTED,FUNCTIONAL,D,LOSS_OF_FUNCTION,,,TP53 M237I,0
EID9508,TP53,panel,SUBMITTED,FUNCTIONAL,D,LOSS_OF_FUNCTION,,,TP53 R267Q,0
EID9509,TP53,panel,SUBMITTED,FUNCTIONAL,D,LOSS_OF_FUNCTION,,,TP53 P278A,0
EID9510,TP53,panel,SUBMITTED,FUNCTIONAL,D,LOSS_OF_FUNCTION,,,TP53 R283P,0
EID9511,TP53,panel,SUBMITTED,FUNCTIONAL,D,LOSS_OF_FUNCTION,,,TP53 R337C,0
EID9512,TP53,panel,SUBMITTED,FUNCTIONAL,D,LOSS_OF_FUNCTION,,,TP53 R337H,0
EID10263,TP53,panel,SUBMITTED,FUNCTIONAL,D,DOMINANT_NEGATIVE,,,TP53 G177E,0
EID10264,TP53,panel,ACCEPTED,FUNCTIONAL,D,DOMINANT_NEGATIVE,,,TP53 P152T,0
EID10265,TP53,panel,ACCEPTED,FUNCTIONAL,D,DOMINANT_NEGATIVE,,,TP53 R156P,0
EID10266,TP53,panel,ACCEPTED,FUNCTIONAL,D,DOMINANT_NEGATIVE,,,TP53 R181C,0
EID10267,TP53,panel,ACCEPTED,FUNCTIONAL,D,DOMINANT_NEGATIVE,,,TP53 R181G,0
EID10268,TP53,panel,ACCEPTED,FUNCTIONAL,D,DOMINANT_NEGATIVE,,,TP53 R181H,0
EID10269,TP53,panel,ACCEPTED,FUNCTIONAL,D,DOMINANT_NEGATIVE,,,TP53 D259V,0
EID10270,TP53,panel,ACCEPTED,FUNCTIONAL,D,DOMINANT_NEGATIVE,,,TP53 E286K,0
EID10271,TP53,panel,ACCEPTED,FUNCTIONAL,D,DOMINANT_NEGATIVE,,,TP53 R283H,0
EID10272,TP53,panel,ACCEPTED,FUNCTIONAL,D,DOMINANT_NEGATIVE,,,TP53 Y163N,0
EID10273,TP53,panel,ACCEPTED,FUNCTIONAL,D,DOMINANT_NEGATIVE,,,TP53 L257P,0
EID13188,TP53,panel,SUBMITTED,FUNCTIONAL,D,LOSS_OF_FUNCTION,,,TP53 G105C,0
EID11082,TP53,panel,SUBMITTED,FUNCTIONAL,D,LOSS_OF_FUNCTION,,,TP53 H214R,0
EID7501,TP53,panel,SUBMITTED,FUNCTIONAL,E,LOSS_OF_FUNCTION,,,TP53 S241F,0
EID11825,TP53,panel,SUBMITTED,ONCOGENIC,E,ONCOGENICITY,Burkitt Lymphoma,8584,TP53 Mutation,0
EID11894,TP53,panel,SUBMITTED,PROGNOSTIC,E,POOR_OUTCOME,Mantle Cell Lymphoma,0050746,TP53 Mutation,0
EID11913,TP53,panel,SUBMITTED,ONCOGENIC,E,ONCOGENICITY,Diffuse Large B-cell Lymphoma,0050745,TP53 Mutation,0
EID7173,TP53,panel,ACCEPTED,PROGNOSTIC,E,POOR_OUTCOME,Breast Cancer,1612,TP53 C238Y,0
EID7321,TP53,panel,SUBMITTED,PREDISPOSING,E,PATHOGENIC,Salivary Gland Mucinous Adenocarcinoma,0080800,TP53 R213*,0
EID7334,TP53,panel,SUBMITTED,FUNCTIONAL,E,LOSS_OF_FUNCTION,,,TP53 C135F,0
EID7335,TP53,panel,SUBMITTED,FUNCTIONAL,E,LOSS_OF_FUNCTION,,,TP53 C135F,0
EID11893,TP53,panel,SUBMITTED,ONCOGENIC,E,ONCOGENICITY,Mantle Cell Lymphoma,0050746,TP53 Mutation,0
EID1209,TP53,panel,ACCEPTED,PREDICTIVE,E,RESISTANCE,Cancer,162,TP53 P47S,0
EID8046,TP53,panel,SUBMITTED,PREDISPOSING,E,NA,Lung Cancer,1324,TP53BP1 D353E,0
EID13196,TP53,panel,SUBMITTED,FUNCTIONAL,E,LOSS_OF_FUNCTION,,,TP53 G105C,0
EID13197,TP53,panel,SUBMITTED,FUNCTIONAL,E,LOSS_OF_FUNCTION,,,TP53 R280G,0
EID13198,TP53,panel,SUBMITTED,FUNCTIONAL,E,LOSS_OF_FUNCTION,,,TP53 G266E,0
EID13199,TP53,panel,SUBMITTED,FUNCTIONAL,E,LOSS_OF_FUNCTION,,,TP53 Q136P,0
EID13200,TP53,panel,SUBMITTED,FUNCTIONAL,E,LOSS_OF_FUNCTION,,,TP53 Q136H,0
EID758,CDKN2A,panel,ACCEPTED,PROGNOSTIC,A,BETTER_OUTCOME,Oropharynx Cancer,8557,CDKN2A p16 Expression,0
EID7786,CDKN2A,panel,SUBMITTED,PROGNOSTIC,B,POOR_OUTCOME,B-lymphoblastic Leukemia/lymphoma,0080630,IKZF1 Deletion AND NOT ERG Deletion AND ( P2RY8::CRLF2 Fusion OR CDKN2A Deletion OR CDKN2B Deletion OR PAX5 Deletion ),0
EID695,CDKN2A,panel,ACCEPTED,PROGNOSTIC,B,BETTER_OUTCOME,Head And Neck Squamous Cell Carcinoma,5520,CDKN2A p16 Expression,0
EID697,CDKN2A,panel,ACCEPTED,PREDICTIVE,B,RESISTANCE,Head And Neck Squamous Cell Carcinoma,5520,CDKN2A p16 Expression,0
EID759,CDKN2A,panel,ACCEPTED,PREDICTIVE,B,RESISTANCE,Oropharynx Cancer,8557,CDKN2A p16 Expression,0
EID7192,CDKN2A,panel,ACCEPTED,PROGNOSTIC,B,POOR_OUTCOME,Childhood Low-grade Glioma,0080830,CDKN2A Deletion,0
EID7299,CDKN2A,panel,ACCEPTED,PREDICTIVE,B,SENSITIVITYRESPONSE,Pancreatic Cancer,1793,CDKN2A Mutation,1
EID7300,CDKN2A,panel,ACCEPTED,PREDICTIVE,B,SENSITIVITYRESPONSE,Cholangiocarcinoma,4947,CDKN2A Mutation,0
EID7311,CDKN2A,panel,SUBMITTED,PREDICTIVE,B,SENSITIVITYRESPONSE,Gastrointestinal Stromal Tumor,9253,CDKN2A Deletion,0
EID7679,CDKN2A,panel,SUBMITTED,PREDICTIVE,B,RESISTANCE,Melanoma,1909,CDKN2A Loss,0
EID7986,CDKN2A,panel,ACCEPTED,PROGNOSTIC,B,POOR_OUTCOME,Acute Lymphoblastic Leukemia,9952,CDKN2A Loss,0
EID367,CDKN2A,panel,ACCEPTED,PROGNOSTIC,B,POOR_OUTCOME,Lung Non-small Cell Carcinoma,3908,CDKN2A Promoter Hypermethylation,0
EID368,CDKN2A,panel,ACCEPTED,PROGNOSTIC,B,POOR_OUTCOME,Lung Non-small Cell Carcinoma,3908,CDKN2A Promoter Hypermethylation,0
EID694,CDKN2A,panel,ACCEPTED,PREDICTIVE,B,RESISTANCE,Head And Neck Squamous Cell Carcinoma,5520,CDKN2A p16 Expression,0
EID696,CDKN2A,panel,ACCEPTED,PREDICTIVE,B,RESISTANCE,Head And Neck Squamous Cell Carcinoma,5520,CDKN2A p16 Expression,0
EID753,CDKN2A,panel,ACCEPTED,PREDICTIVE,B,SENSITIVITYRESPONSE,Head And Neck Squamous Cell Carcinoma,5520,CDKN2A p16 Expression,0
EID804,CDKN2A,panel,ACCEPTED,PROGNOSTIC,B,BETTER_OUTCOME,Head And Neck Squamous Cell Carcinoma,5520,CDKN2A p16 Expression,0
EID1635,CDKN2A,panel,ACCEPTED,PROGNOSTIC,B,POOR_OUTCOME,Esophagus Squamous Cell Carcinoma,3748,CDKN2A RS3814960,0
EID11446,CDKN2A,panel,SUBMITTED,PROGNOSTIC,B,POOR_OUTCOME,"Supratentorial Ependymoma, ZFTA Fusion–positive",0081252,CDKN2A Deletion AND ZFTA::RELA Fusion,0
EID11653,CDKN2A,panel,ACCEPTED,PREDICTIVE,B,SENSITIVITYRESPONSE,Pancreatic Cancer,1793,CDKN2A Loss OR CDKN2A Mutation,1
EID11654,CDKN2A,panel,ACCEPTED,PREDICTIVE,B,SENSITIVITYRESPONSE,Biliary Tract Cancer,4607,CDKN2A Loss OR CDKN2A Mutation,0
EID11665,CDKN2A,panel,ACCEPTED,PREDICTIVE,B,SENSITIVITYRESPONSE,Lung Non-small Cell Carcinoma,3908,RB1 Wildtype AND ( CDKN2A Loss OR CDKN2A Mutation ),0
EID12546,CDKN2A,panel,ACCEPTED,PREDICTIVE,B,RESISTANCE,Bladder Urothelial Carcinoma,4006,CDKN2A Loss,0
EID1155,CDKN2A,panel,ACCEPTED,PREDICTIVE,B,RESISTANCE,Head And Neck Squamous Cell Carcinoma,5520,CDKN2A p16 Expression,0
EID1314,CDKN2A,panel,ACCEPTED,PROGNOSTIC,B,POOR_OUTCOME,Lung Non-small Cell Carcinoma,3908,CDKN2A p16 Expression,0
EID7444,CDKN2A,panel,ACCEPTED,PREDICTIVE,B,RESISTANCE,Lung Non-small Cell Carcinoma,3908,CDKN2A Loss,0
EID12723,CDKN2A,panel,SUBMITTED,PREDICTIVE,B,SENSITIVITYRESPONSE,Lung Adenocarcinoma,3910,MTAP Underexpression AND CDKN2A Underexpression,0
EID1765,CDKN2A,panel,ACCEPTED,PREDICTIVE,C,SENSITIVITYRESPONSE,HER2 Negative Breast Cancer,0060080,CDKN2A Loss,0
EID7765,CDKN2A,panel,ACCEPTED,PREDISPOSING,C,PREDISPOSITION,Melanoma,1909,CDKN2A c.151-1G>C,0
EID11710,CDKN2A,panel,SUBMITTED,PREDICTIVE,C,SENSITIVITYRESPONSE,Pancreatic Cancer,1793,KRAS G12D AND KRAS G12R AND CDKN2A Loss AND CDKN2B Loss AND TP53 R267W,1
EID11711,CDKN2A,panel,SUBMITTED,PREDICTIVE,C,SENSITIVITYRESPONSE,Pancreatic Cancer,1793,KRAS G12D AND KRAS G12R AND CDKN2A Loss AND CDKN2B Loss AND SMAD4 Deletion AND TP53 R267W,1
EID11713,CDKN2A,panel,SUBMITTED,PREDICTIVE,C,SENSITIVITYRESPONSE,Pancreatic Cancer,1793,KRAS G12D AND CDKN2A p16 R80*,1
EID12777,CDKN2A,panel,SUBMITTED,PREDICTIVE,C,SENSITIVITYRESPONSE,Cholangiocarcinoma,4947,FGFR2 Mutation AND CDH1 MUTATION AND CDKN2A Mutation AND CDKN2B Mutation,0
EID11314,CDKN2A,panel,SUBMITTED,PREDICTIVE,C,SENSITIVITYRESPONSE,Ganglioglioma,5078,BRAF V600E AND CDKN2A Deletion AND CDKN2B Deletion AND TET2 E796K AND BAX L76R AND AXIN2 P455K,0
EID4523,CDKN2A,panel,SUBMITTED,PREDICTIVE,D,SENSITIVITYRESPONSE,Melanoma,1909,CDKN2A W110*,0
EID4524,CDKN2A,panel,SUBMITTED,PREDICTIVE,D,SENSITIVITYRESPONSE,Melanoma,1909,CDKN2A A20P,0
EID4873,CDKN2A,panel,SUBMITTED,PREDICTIVE,D,RESISTANCE,Sarcoma,1115,CDKN2A p16 Expression,0
EID9409,CDKN2A,panel,SUBMITTED,FUNCTIONAL,D,LOSS_OF_FUNCTION,,,CDKN2A D84G,0
EID9410,CDKN2A,panel,SUBMITTED,FUNCTIONAL,D,LOSS_OF_FUNCTION,,,CDKN2A D84V,0
EID9411,CDKN2A,panel,SUBMITTED,FUNCTIONAL,D,LOSS_OF_FUNCTION,,,CDKN2A R87P,0
EID1373,CDKN2A,panel,ACCEPTED,PREDICTIVE,D,SENSITIVITYRESPONSE,Renal Cell Carcinoma,4450,CDKN2A Loss,0
EID1375,CDKN2A,panel,ACCEPTED,PREDICTIVE,D,SENSITIVITYRESPONSE,Skin Melanoma,8923,CDKN2A Loss,0
EID1377,CDKN2A,panel,ACCEPTED,PREDICTIVE,D,SENSITIVITYRESPONSE,Ovarian Cancer,2394,CDKN2A Loss,0
EID7551,CDKN2A,panel,SUBMITTED,FUNCTIONAL,D,LOSS_OF_FUNCTION,,,CDKN2A D108Y,0
EID9145,CDKN2A,panel,SUBMITTED,FUNCTIONAL,D,LOSS_OF_FUNCTION,,,CDKN2A D84N,0
EID9319,CDKN2A,panel,SUBMITTED,FUNCTIONAL,D,LOSS_OF_FUNCTION,,,CDKN2A D84Y,0
EID9320,CDKN2A,panel,SUBMITTED,FUNCTIONAL,D,LOSS_OF_FUNCTION,,,CDKN2A D84H,0
EID9321,CDKN2A,panel,SUBMITTED,FUNCTIONAL,D,LOSS_OF_FUNCTION,,,CDKN2A L16P,0
EID9323,CDKN2A,panel,SUBMITTED,FUNCTIONAL,D,LOSS_OF_FUNCTION,,,CDKN2A A20P,0
EID9413,CDKN2A,panel,SUBMITTED,FUNCTIONAL,D,LOSS_OF_FUNCTION,,,CDKN2A P48L,0
EID9424,CDKN2A,panel,SUBMITTED,FUNCTIONAL,D,LOSS_OF_FUNCTION,,,CDKN2A P81T,0
EID1372,CDKN2A,panel,ACCEPTED,PREDICTIVE,D,SENSITIVITYRESPONSE,Skin Melanoma,8923,CDKN2A Loss,0
EID1559,CDKN2A,panel,SUBMITTED,PREDICTIVE,D,SENSITIVITYRESPONSE,Glioblastoma,3068,CDKN2A Loss,0
EID1879,CDKN2A,panel,ACCEPTED,PREDICTIVE,D,SENSITIVITYRESPONSE,Ewing Sarcoma,3369,CDKN2A Loss,0
EID1881,CDKN2A,panel,ACCEPTED,PREDICTIVE,D,SENSITIVITYRESPONSE,Dermatofibrosarcoma Protuberans,3507,CDKN2A Loss,0
EID9172,CDKN2A,panel,SUBMITTED,FUNCTIONAL,D,LOSS_OF_FUNCTION,,,CDKN2A D108N,0
EID9318,CDKN2A,panel,SUBMITTED,FUNCTIONAL,D,LOSS_OF_FUNCTION,,,CDKN2A E88K,0
EID9419,CDKN2A,panel,SUBMITTED,FUNCTIONAL,D,LOSS_OF_FUNCTION,,,CDKN2A D108H,0
EID11815,CDKN2A,panel,SUBMITTED,ONCOGENIC,E,ONCOGENICITY,Burkitt Lymphoma,8584,CDKN2A Mutation,0
EID6437,SMAD4,panel,SUBMITTED,PREDICTIVE,B,SENSITIVITYRESPONSE,Lung Non-small Cell Carcinoma,3908,SMAD4 Underexpression,0
EID6440,SMAD4,panel,SUBMITTED,PROGNOSTIC,B,BETTER_OUTCOME,Pancreatic Cancer,1793,SMAD4 Underexpression,1
EID6445,SMAD4,panel,SUBMITTED,PROGNOSTIC,B,POOR_OUTCOME,Pancreatic Cancer,1793,SMAD4 Underexpression,1
EID6448,SMAD4,panel,SUBMITTED,PREDICTIVE,B,RESISTANCE,Colorectal Cancer,9256,SMAD4 Loss-of-function,0
EID6452,SMAD4,panel,SUBMITTED,PROGNOSTIC,B,POOR_OUTCOME,Prostate Cancer,10283,SMAD4 LOSS,0
EID6462,SMAD4,panel,SUBMITTED,PROGNOSTIC,B,POOR_OUTCOME,Prostate Cancer,10283,SMAD4 Underexpression,0
EID511,SMAD4,panel,ACCEPTED,PROGNOSTIC,B,POOR_OUTCOME,Pancreatic Adenocarcinoma,4074,SMAD4 Mutation,1
EID1306,SMAD4,panel,ACCEPTED,PROGNOSTIC,B,BETTER_OUTCOME,Pancreatic Ductal Adenocarcinoma,3498,SMAD4 Expression,1
EID1412,SMAD4,panel,ACCEPTED,PROGNOSTIC,B,POOR_OUTCOME,Pancreatic Cancer,1793,SMAD4 LOSS,1
EID1644,SMAD4,panel,ACCEPTED,PREDICTIVE,B,RESISTANCE,Colorectal Cancer,9256,SMAD4 Deletion,0
EID6451,SMAD4,panel,SUBMITTED,PROGNOSTIC,B,POOR_OUTCOME,Colorectal Cancer,9256,SMAD4 Mutation,0
EID719,SMAD4,panel,ACCEPTED,PREDICTIVE,B,RESISTANCE,Colorectal Cancer,9256,SMAD4 Mutation,0
EID13265,SMAD4,panel,SUBMITTED,PREDICTIVE,B,REDUCED_SENSITIVITY,Colorectal Cancer,9256,SMAD4 Mutation,0
EID7179,SMAD4,panel,SUBMITTED,PROGNOSTIC,C,NA,Pancreatic Cancer,1793,SMAD4 Expression,1
EID11711,SMAD4,panel,SUBMITTED,PREDICTIVE,C,SENSITIVITYRESPONSE,Pancreatic Cancer,1793,KRAS G12D AND KRAS G12R AND CDKN2A Loss AND CDKN2B Loss AND SMAD4 Deletion AND TP53 R267W,1
EID11712,SMAD4,panel,SUBMITTED,PREDICTIVE,C,SENSITIVITYRESPONSE,Pancreatic Cancer,1793,BRAF V600E AND ERBB2 Amplification AND SMAD4 LOSS AND TP53 V218E,1
EID13244,SMAD4,panel,SUBMITTED,PREDISPOSING,C,PREDISPOSITION,Juvenile Polyposis Syndrome,0050787,SMAD4 c.403C>T,0
EID6446,SMAD4,panel,ACCEPTED,PREDISPOSING,C,PREDISPOSITION,Juvenile Polyposis Syndrome,0050787,SMAD4 R361C,0
EID7692,SMAD4,panel,SUBMITTED,FUNCTIONAL,D,LOSS_OF_FUNCTION,,,SMAD4 D537Y,0
EID720,SMAD4,panel,ACCEPTED,PREDICTIVE,D,RESISTANCE,Head And Neck Squamous Cell Carcinoma,5520,SMAD4 Underexpression,0
EID7680,SMAD4,panel,SUBMITTED,FUNCTIONAL,D,LOSS_OF_FUNCTION,,,SMAD4 R361C,0
EID7681,SMAD4,panel,SUBMITTED,FUNCTIONAL,D,LOSS_OF_FUNCTION,,,SMAD4 D351H,0
EID7682,SMAD4,panel,SUBMITTED,FUNCTIONAL,D,LOSS_OF_FUNCTION,,,SMAD4 E330A,0
EID9710,SMAD4,panel,SUBMITTED,FUNCTIONAL,D,LOSS_OF_FUNCTION,,,SMAD4 R496H,0
EID9711,SMAD4,panel,SUBMITTED,FUNCTIONAL,D,LOSS_OF_FUNCTION,,,SMAD4 G419V,0
EID9712,SMAD4,panel,SUBMITTED,FUNCTIONAL,D,LOSS_OF_FUNCTION,,,SMAD4 E330K,0
EID9713,SMAD4,panel,SUBMITTED,FUNCTIONAL,D,LOSS_OF_FUNCTION,,,SMAD4 R361C,0
EID9714,SMAD4,panel,SUBMITTED,FUNCTIONAL,D,LOSS_OF_FUNCTION,,,SMAD4 G386D,0
EID9715,SMAD4,panel,SUBMITTED,FUNCTIONAL,D,LOSS_OF_FUNCTION,,,SMAD4 G252*,0
EID10275,SMAD4,panel,SUBMITTED,FUNCTIONAL,D,DOMINANT_NEGATIVE,,,SMAD4 H132Y,0
EID10276,SMAD4,panel,SUBMITTED,FUNCTIONAL,D,LOSS_OF_FUNCTION,,,SMAD4 D493H,0
EID7274,BRCA1,breast_ovarian_control,ACCEPTED,PREDICTIVE,A,SENSITIVITYRESPONSE,Ovarian Cancer,2394,BRCA1 Mutation,0
EID7384,BRCA1,breast_ovarian_control,ACCEPTED,PREDICTIVE,A,SENSITIVITYRESPONSE,Pancreatic Adenocarcinoma,4074,BRCA1 Loss-of-function,1
EID11136,BRCA1,breast_ovarian_control,ACCEPTED,PREDICTIVE,A,SENSITIVITYRESPONSE,Ovarian Cancer,2394,BRCA1 Mutation,0
EID11138,BRCA1,breast_ovarian_control,ACCEPTED,PREDICTIVE,A,SENSITIVITYRESPONSE,Ovarian Cancer,2394,BRCA1 Mutation,0
EID11201,BRCA1,breast_ovarian_control,ACCEPTED,PREDICTIVE,A,SENSITIVITYRESPONSE,HER2 Negative Breast Cancer,0060080,BRCA1 Loss-of-function,0
EID11216,BRCA1,breast_ovarian_control,ACCEPTED,PREDICTIVE,A,SENSITIVITYRESPONSE,Triple-negative Breast Cancer,0060081,BRCA1 Loss-of-function,0
EID12944,BRCA1,breast_ovarian_control,ACCEPTED,PREDICTIVE,A,SENSITIVITYRESPONSE,Castration-resistant Prostate Carcinoma,0080909,BRCA1 Mutation OR BRCA2 Mutation,0
EID11203,BRCA1,breast_ovarian_control,ACCEPTED,PREDICTIVE,A,SENSITIVITYRESPONSE,Castration-resistant Prostate Carcinoma,0080909,BRCA1 Mutation,0
EID11243,BRCA1,breast_ovarian_control,ACCEPTED,PREDICTIVE,A,SENSITIVITYRESPONSE,Epithelial Ovarian Cancer,2152,BRCA1 Mutation OR BRCA2 Mutation,0
EID11246,BRCA1,breast_ovarian_control,SUBMITTED,PREDICTIVE,A,SENSITIVITYRESPONSE,"Fallopian Tube, Ovarian Cancer, And Peritoneal Serous Carcinoma",,BRCA1 Mutation OR BRCA2 Mutation,0
EID11304,BRCA1,breast_ovarian_control,SUBMITTED,PREDICTIVE,A,SENSITIVITYRESPONSE,Peritoneal Carcinoma,1791,BRCA1 Mutation OR BRCA2 Mutation,0
EID11305,BRCA1,breast_ovarian_control,SUBMITTED,PREDICTIVE,A,SENSITIVITYRESPONSE,Fallopian Tube Carcinoma,1963,BRCA1 Mutation OR BRCA2 Mutation,0
EID11738,BRCA1,breast_ovarian_control,SUBMITTED,PREDICTIVE,A,SENSITIVITYRESPONSE,Castration-resistant Prostate Carcinoma,0080909,BRCA1 Mutation OR BRCA2 Mutation,0
EID12941,BRCA1,breast_ovarian_control,SUBMITTED,PREDICTIVE,A,SENSITIVITYRESPONSE,Prostate Cancer,10283,BRCA1 Mutation AND BRCA2 Mutation,0
EID11734,BRCA1,breast_ovarian_control,SUBMITTED,PREDICTIVE,A,SENSITIVITYRESPONSE,Castration-resistant Prostate Carcinoma,0080909,BRCA1 Mutation,0
EID12943,BRCA1,breast_ovarian_control,SUBMITTED,PREDICTIVE,A,SENSITIVITYRESPONSE,Prostate Cancer,10283,BRCA1 Mutation,0
EID7275,BRCA1,breast_ovarian_control,ACCEPTED,PREDICTIVE,A,SENSITIVITYRESPONSE,Ovarian Cancer,2394,BRCA1 Mutation,0
EID5815,BRCA1,breast_ovarian_control,ACCEPTED,PREDICTIVE,B,SENSITIVITYRESPONSE,HER2 Negative Breast Cancer,0060080,BRCA1 Loss-of-function,0
EID13118,BRCA1,breast_ovarian_control,SUBMITTED,PREDICTIVE,B,SENSITIVITYRESPONSE,High Grade Ovarian Serous Carcinoma,,BRCA1 Mutation,0
EID13120,BRCA1,breast_ovarian_control,SUBMITTED,PREDICTIVE,B,SENSITIVITYRESPONSE,High Grade Ovarian Serous Carcinoma,,BRCA1 Mutation,0
EID211,BRCA1,breast_ovarian_control,ACCEPTED,PREDICTIVE,B,SENSITIVITYRESPONSE,Ovarian Cancer,2394,BRCA1 Loss-of-function,0
EID1370,BRCA1,breast_ovarian_control,ACCEPTED,PREDICTIVE,B,SENSITIVITYRESPONSE,Cancer,162,BRCA1 Mutation,0
EID4838,BRCA1,breast_ovarian_control,ACCEPTED,PREDICTIVE,B,SENSITIVITYRESPONSE,Breast Cancer,1612,BRCA1 Loss-of-function,0
EID5830,BRCA1,breast_ovarian_control,ACCEPTED,PREDICTIVE,B,SENSITIVITYRESPONSE,HER2 Negative Breast Cancer,0060080,BRCA1 Mutation,0
EID5915,BRCA1,breast_ovarian_control,ACCEPTED,PREDICTIVE,B,SENSITIVITYRESPONSE,Pancreatic Cancer,1793,BRCA1 Mutation,1
EID6333,BRCA1,breast_ovarian_control,SUBMITTED,PREDICTIVE,B,SENSITIVITYRESPONSE,Ovarian Serous Carcinoma,0050933,BRCA1 Mutation,0
EID7470,BRCA1,breast_ovarian_control,SUBMITTED,PREDICTIVE,B,SENSITIVITYRESPONSE,Prostate Cancer,10283,BRCA1 Mutation,0
EID12763,BRCA1,breast_ovarian_control,ACCEPTED,PREDICTIVE,B,SENSITIVITYRESPONSE,Breast Carcinoma,3459,BRCA1 Mutation OR BRCA2 Mutation,0
EID12764,BRCA1,breast_ovarian_control,ACCEPTED,PREDICTIVE,B,SENSITIVITYRESPONSE,Biliary Tract Cancer,4607,BRCA1 Mutation OR BRCA2 Mutation,0
EID13122,BRCA1,breast_ovarian_control,SUBMITTED,PREDICTIVE,B,SENSITIVITYRESPONSE,High Grade Ovarian Serous Carcinoma,,BRCA1 Mutation,0
EID464,BRCA1,breast_ovarian_control,ACCEPTED,PROGNOSTIC,B,BETTER_OUTCOME,Epithelial Ovarian Cancer,2152,BRCA1 Mutation,0
EID942,BRCA1,breast_ovarian_control,ACCEPTED,PREDICTIVE,B,SENSITIVITYRESPONSE,Ovarian Cancer,2394,BRCA1 Underexpression,0
EID1523,BRCA1,breast_ovarian_control,ACCEPTED,PROGNOSTIC,B,POOR_OUTCOME,Prostate Cancer,10283,BRCA1 Loss-of-function,0
EID1529,BRCA1,breast_ovarian_control,ACCEPTED,PREDICTIVE,B,SENSITIVITYRESPONSE,Ovarian Carcinoma,4001,BRCA1 Mutation,0
EID1531,BRCA1,breast_ovarian_control,ACCEPTED,PREDICTIVE,B,SENSITIVITYRESPONSE,Ovarian Carcinoma,4001,BRCA1 Mutation,0
EID1675,BRCA1,breast_ovarian_control,ACCEPTED,PROGNOSTIC,B,BETTER_OUTCOME,Ovarian Cancer,2394,BRCA1 Mutation,0
EID1677,BRCA1,breast_ovarian_control,ACCEPTED,PREDICTIVE,B,SENSITIVITYRESPONSE,Ovarian Cancer,2394,BRCA1 Mutation,0
EID1684,BRCA1,breast_ovarian_control,ACCEPTED,PREDICTIVE,B,SENSITIVITYRESPONSE,Triple-negative Breast Cancer,0060081,BRCA1 Mutation,0
EID1772,BRCA1,breast_ovarian_control,ACCEPTED,PREDICTIVE,B,SENSITIVITYRESPONSE,Ovarian Cancer,2394,BRCA1 Mutation,0
EID1775,BRCA1,breast_ovarian_control,ACCEPTED,PREDICTIVE,B,RESISTANCE,Triple-negative Breast Cancer,0060081,BRCA1 Mutation,0
EID1897,BRCA1,breast_ovarian_control,ACCEPTED,PREDICTIVE,B,SENSITIVITYRESPONSE,Ovarian Cancer,2394,BRCA1 Mutation,0
EID4876,BRCA1,breast_ovarian_control,ACCEPTED,PREDICTIVE,B,SENSITIVITYRESPONSE,Ovarian Cancer,2394,BRCA1 Loss-of-function,0
EID5914,BRCA1,breast_ovarian_control,ACCEPTED,PREDICTIVE,B,SENSITIVITYRESPONSE,Pancreatic Cancer,1793,BRCA1 Mutation,1
EID5932,BRCA1,breast_ovarian_control,ACCEPTED,PREDICTIVE,B,SENSITIVITYRESPONSE,Pancreatic Cancer,1793,BRCA1 Mutation,1
EID5934,BRCA1,breast_ovarian_control,ACCEPTED,PREDICTIVE,B,SENSITIVITYRESPONSE,Pancreatic Cancer,1793,BRCA1 Mutation,1
EID6341,BRCA1,breast_ovarian_control,ACCEPTED,PREDICTIVE,B,SENSITIVITYRESPONSE,Ovarian Cancer,2394,BRCA1 Mutation,0
EID7459,BRCA1,breast_ovarian_control,SUBMITTED,PREDICTIVE,B,SENSITIVITYRESPONSE,Prostate Cancer,10283,BRCA1 Mutation,0
EID9019,BRCA1,breast_ovarian_control,SUBMITTED,PREDICTIVE,B,SENSITIVITYRESPONSE,Breast Cancer,1612,BRCA1 Mutation,0
EID11317,BRCA1,breast_ovarian_control,SUBMITTED,PREDICTIVE,B,SENSITIVITYRESPONSE,Pancreatic Adenocarcinoma,4074,BRCA1 Mutation OR BRCA2 Mutation OR PALB2 Mutation,1
EID11666,BRCA1,breast_ovarian_control,ACCEPTED,PREDICTIVE,B,SENSITIVITYRESPONSE,Prostate Cancer,10283,BRCA1 Mutation OR BRCA2 Mutation,0
EID11739,BRCA1,breast_ovarian_control,ACCEPTED,PREDICTIVE,B,SENSITIVITYRESPONSE,Malignant Mesothelioma,1790,BRCA1 Loss-of-function OR BAP1 Loss-of-function,0
EID13266,BRCA1,breast_ovarian_control,SUBMITTED,PREDICTIVE,B,SENSITIVITYRESPONSE,Castration-resistant Prostate Carcinoma,0080909,BRCA1 Mutation,0
EID9291,BRCA1,breast_ovarian_control,SUBMITTED,PREDICTIVE,B,SENSITIVITYRESPONSE,Pancreatic Cancer,1793,BRCA1 Mutation,1
EID12765,BRCA1,breast_ovarian_control,ACCEPTED,PREDICTIVE,B,SENSITIVITYRESPONSE,Lung Carcinoma,3905,BRCA1 Mutation OR BRCA2 Mutation,0
EID12766,BRCA1,breast_ovarian_control,ACCEPTED,PREDICTIVE,B,SENSITIVITYRESPONSE,Uterine Cancer,363,BRCA1 Mutation OR BRCA2 Mutation,0
EID12767,BRCA1,breast_ovarian_control,ACCEPTED,PREDICTIVE,B,SENSITIVITYRESPONSE,Solid Tumor,,BRCA1 Mutation OR BRCA2 Mutation,0
EID2878,BRCA1,breast_ovarian_control,ACCEPTED,PREDICTIVE,C,SENSITIVITYRESPONSE,Ovarian Cancer,2394,BRCA1 Q1467*,0
EID1123,BRCA1,breast_ovarian_control,ACCEPTED,PREDISPOSING,C,PREDISPOSITION,Breast Cancer,1612,BRCA1 P968FS,0
EID1124,BRCA1,breast_ovarian_control,ACCEPTED,PREDISPOSING,C,PREDISPOSITION,Ovarian Cancer,2394,BRCA1 P968FS,0
EID1759,BRCA1,breast_ovarian_control,ACCEPTED,PREDISPOSING,C,PREDISPOSITION,Breast Cancer,1612,BRCA1 Alu insertion,0
EID7164,BRCA1,breast_ovarian_control,SUBMITTED,PREDISPOSING,C,PREDISPOSITION,Prostate Cancer,10283,BRCA1  c.212+1G>T,0
EID7435,BRCA1,breast_ovarian_control,SUBMITTED,PREDICTIVE,C,SENSITIVITYRESPONSE,Pancreatic Cancer,1793,BRCA1 Mutation,1
EID845,BRCA1,breast_ovarian_control,ACCEPTED,PREDICTIVE,C,SENSITIVITYRESPONSE,Prostate Cancer,10283,BRCA1 Loss-of-function,0
EID1924,BRCA1,breast_ovarian_control,ACCEPTED,PREDICTIVE,D,SENSITIVITYRESPONSE,Breast Cancer,1612,BRCA1 Loss-of-function,0
EID10947,BRCA1,breast_ovarian_control,SUBMITTED,FUNCTIONAL,D,LOSS_OF_FUNCTION,,,BRCA1 L1407P,0
EID11126,BRCA1,breast_ovarian_control,SUBMITTED,FUNCTIONAL,D,LOSS_OF_FUNCTION,,,BRCA1 S1841N,0
EID11127,BRCA1,breast_ovarian_control,SUBMITTED,FUNCTIONAL,D,LOSS_OF_FUNCTION,,,BRCA1 S1841R,0
EID11128,BRCA1,breast_ovarian_control,SUBMITTED,FUNCTIONAL,D,LOSS_OF_FUNCTION,,,BRCA1 Y1853C,0
EID11129,BRCA1,breast_ovarian_control,SUBMITTED,FUNCTIONAL,D,LOSS_OF_FUNCTION,,,BRCA1 V1838E,0
EID11130,BRCA1,breast_ovarian_control,SUBMITTED,FUNCTIONAL,D,LOSS_OF_FUNCTION,,,BRCA1 R1699W,0
EID11131,BRCA1,breast_ovarian_control,SUBMITTED,FUNCTIONAL,D,LOSS_OF_FUNCTION,,,BRCA1 R1699Q,0
EID11132,BRCA1,breast_ovarian_control,SUBMITTED,FUNCTIONAL,D,LOSS_OF_FUNCTION,,,BRCA1 T1700A,0
EID11133,BRCA1,breast_ovarian_control,SUBMITTED,FUNCTIONAL,D,LOSS_OF_FUNCTION,,,BRCA1 V1713A,0
EID11134,BRCA1,breast_ovarian_control,SUBMITTED,FUNCTIONAL,D,LOSS_OF_FUNCTION,,,BRCA1 M1775R,0
EID11135,BRCA1,breast_ovarian_control,SUBMITTED,FUNCTIONAL,D,LOSS_OF_FUNCTION,,,BRCA1 M1775K,0
EID9636,BRCA1,breast_ovarian_control,SUBMITTED,PREDICTIVE,D,REDUCED_SENSITIVITY,Breast Cancer,1612,BRCA1 delta11q,0
EID10279,BRCA1,breast_ovarian_control,SUBMITTED,FUNCTIONAL,D,LOSS_OF_FUNCTION,,,BRCA1 H1686R,0
EID10280,BRCA1,breast_ovarian_control,SUBMITTED,FUNCTIONAL,D,LOSS_OF_FUNCTION,,,BRCA1 H1686Q,0
EID10281,BRCA1,breast_ovarian_control,SUBMITTED,FUNCTIONAL,D,LOSS_OF_FUNCTION,,,BRCA1 S1655F,0
EID10282,BRCA1,breast_ovarian_control,SUBMITTED,FUNCTIONAL,D,UNALTERED_FUNCTION,,,BRCA1 M1652I,0
EID10283,BRCA1,breast_ovarian_control,SUBMITTED,FUNCTIONAL,D,UNALTERED_FUNCTION,,,BRCA1 M1628T,0
EID10284,BRCA1,breast_ovarian_control,SUBMITTED,FUNCTIONAL,D,UNALTERED_FUNCTION,,,BRCA1 R1589P,0
EID10285,BRCA1,breast_ovarian_control,SUBMITTED,FUNCTIONAL,D,UNALTERED_FUNCTION,,,BRCA1 V1534M,0
EID10286,BRCA1,breast_ovarian_control,SUBMITTED,FUNCTIONAL,D,UNALTERED_FUNCTION,,,BRCA1 S1486C,0
EID10287,BRCA1,breast_ovarian_control,SUBMITTED,FUNCTIONAL,D,LOSS_OF_FUNCTION,,,BRCA1 V1688del,0
EID10288,BRCA1,breast_ovarian_control,SUBMITTED,FUNCTIONAL,D,LOSS_OF_FUNCTION,,,BRCA1 R1699W,0
EID10289,BRCA1,breast_ovarian_control,SUBMITTED,FUNCTIONAL,D,LOSS_OF_FUNCTION,,,BRCA1 G1706E,0
EID10290,BRCA1,breast_ovarian_control,SUBMITTED,FUNCTIONAL,D,UNALTERED_FUNCTION,,,BRCA1 G1706A,0
EID10291,BRCA1,breast_ovarian_control,SUBMITTED,FUNCTIONAL,D,LOSS_OF_FUNCTION,,,BRCA1 A1708E,0
EID10293,BRCA1,breast_ovarian_control,SUBMITTED,FUNCTIONAL,D,LOSS_OF_FUNCTION,,,BRCA1 W1718C,0
EID10294,BRCA1,breast_ovarian_control,SUBMITTED,FUNCTIONAL,D,UNALTERED_FUNCTION,,,BRCA1 T1720A,0
EID10295,BRCA1,breast_ovarian_control,SUBMITTED,FUNCTIONAL,D,LOSS_OF_FUNCTION,,,BRCA1 D1739G,0
EID10296,BRCA1,breast_ovarian_control,SUBMITTED,FUNCTIONAL,D,LOSS_OF_FUNCTION,,,BRCA1 D1739V,0
EID10297,BRCA1,breast_ovarian_control,SUBMITTED,FUNCTIONAL,D,LOSS_OF_FUNCTION,,,BRCA1 L1764P,0
EID10315,BRCA1,breast_ovarian_control,SUBMITTED,FUNCTIONAL,D,LOSS_OF_FUNCTION,,,BRCA1 G1770V,0
EID10317,BRCA1,breast_ovarian_control,SUBMITTED,FUNCTIONAL,D,LOSS_OF_FUNCTION,,,BRCA1 A1789T,0
EID10318,BRCA1,breast_ovarian_control,SUBMITTED,FUNCTIONAL,D,LOSS_OF_FUNCTION,,,BRCA1 W1837R,0
EID10319,BRCA1,breast_ovarian_control,SUBMITTED,FUNCTIONAL,D,UNALTERED_FUNCTION,,,BRCA1 H1862L,0
EID10320,BRCA1,breast_ovarian_control,SUBMITTED,FUNCTIONAL,D,UNALTERED_FUNCTION,,,BRCA1 P1812R,0
EID10321,BRCA1,breast_ovarian_control,SUBMITTED,FUNCTIONAL,D,UNALTERED_FUNCTION,,,BRCA1 V1804D,0
EID933,BRCA1,breast_ovarian_control,ACCEPTED,PREDICTIVE,D,SENSITIVITYRESPONSE,Malignant Mesothelioma,1790,BRCA1 Expression,0
EID4623,BRCA1,breast_ovarian_control,ACCEPTED,PREDICTIVE,D,SENSITIVITYRESPONSE,Endometrioid Ovary Carcinoma,5828,BRCA1 W1815X,0
EID1436,JAK2,hematologic_control,ACCEPTED,DIAGNOSTIC,A,POSITIVE,Hematologic Cancer,2531,PCM1::JAK2 Fusion,0
EID6964,JAK2,hematologic_control,ACCEPTED,DIAGNOSTIC,A,POSITIVE,"B-lymphoblastic Leukemia/lymphoma, BCR-ABL1–like",0080650,v::JAK2 Fusion,0
EID12287,JAK2,hematologic_control,ACCEPTED,DIAGNOSTIC,A,POSITIVE,"B-lymphoblastic Leukemia/lymphoma, BCR-ABL1–like",0080650,v::JAK2 Fusion,0
EID1,JAK2,hematologic_control,ACCEPTED,DIAGNOSTIC,B,NEGATIVE,Lymphoid Leukemia,1037,JAK2 V617F,0
EID5,JAK2,hematologic_control,ACCEPTED,DIAGNOSTIC,B,POSITIVE,Chronic Myeloid Leukemia,8552,JAK2 V617F,0
EID6,JAK2,hematologic_control,ACCEPTED,DIAGNOSTIC,B,POSITIVE,Chronic Myeloid Leukemia,8552,JAK2 V617F,0
EID7,JAK2,hematologic_control,ACCEPTED,DIAGNOSTIC,B,POSITIVE,Bone Marrow Cancer,4960,JAK2 V617F,0
EID19,JAK2,hematologic_control,ACCEPTED,PREDICTIVE,B,SENSITIVITYRESPONSE,Polycythemia Vera,8997,JAK2 V617F,0
EID12256,JAK2,hematologic_control,ACCEPTED,DIAGNOSTIC,B,POSITIVE,"B-lymphoblastic Leukemia/lymphoma, BCR-ABL1–like",0080650,v::JAK2 Fusion,0
EID7699,JAK2,hematologic_control,ACCEPTED,DIAGNOSTIC,B,POSITIVE,"B-lymphoblastic Leukemia/lymphoma, BCR-ABL1–like",0080650,PAX5::JAK2 Fusion,0
EID9776,JAK2,hematologic_control,SUBMITTED,PROGNOSTIC,B,BETTER_OUTCOME,Hodgkin's Lymphoma,8567,JAK2 Overexpression,0
EID11325,JAK2,hematologic_control,SUBMITTED,PREDICTIVE,B,SENSITIVITYRESPONSE,Myeloid Neoplasm,0070004,PCM1::JAK2 Fusion OR BCR::JAK2 Fusion,0
EID12150,JAK2,hematologic_control,SUBMITTED,PREDICTIVE,B,SENSITIVITYRESPONSE,Colorectal Cancer,9256,MSI High AND ( B2M Mutation OR JAK1 Mutation OR JAK2 Mutation ),0
EID1568,JAK2,hematologic_control,ACCEPTED,PREDICTIVE,C,RESISTANCE,Skin Melanoma,8923,JAK2 c.1641+1dup,0
EID7698,JAK2,hematologic_control,ACCEPTED,DIAGNOSTIC,C,POSITIVE,"B-lymphoblastic Leukemia/lymphoma, BCR-ABL1–like",0080650,BCR::JAK2 Fusion,0
EID7703,JAK2,hematologic_control,SUBMITTED,DIAGNOSTIC,C,POSITIVE,"B-lymphoblastic Leukemia/lymphoma, BCR-ABL1–like",0080650,TERF2::JAK2 Fusion,0
EID8101,JAK2,hematologic_control,ACCEPTED,DIAGNOSTIC,C,POSITIVE,"B-lymphoblastic Leukemia/lymphoma, BCR-ABL1–like",0080650,BCR::JAK2 Fusion,0
EID8102,JAK2,hematologic_control,ACCEPTED,DIAGNOSTIC,C,POSITIVE,"B-lymphoblastic Leukemia/lymphoma, BCR-ABL1–like",0080650,ETV6::JAK2 Fusion,0
EID8103,JAK2,hematologic_control,ACCEPTED,DIAGNOSTIC,C,POSITIVE,"B-lymphoblastic Leukemia/lymphoma, BCR-ABL1–like",0080650,SSBP2::JAK2 Fusion,0
EID4825,JAK2,hematologic_control,ACCEPTED,PREDICTIVE,C,RESISTANCE,Melanoma,1909,JAK2 Splice Site (c.1641+2T>G),0
EID7007,JAK2,hematologic_control,ACCEPTED,PREDICTIVE,C,SENSITIVITYRESPONSE,"B-lymphoblastic Leukemia/lymphoma, BCR-ABL1–like",0080650,GOLGA5::JAK2 Fusion,0
EID7257,JAK2,hematologic_control,ACCEPTED,PREDICTIVE,C,SENSITIVITYRESPONSE,"B-lymphoblastic Leukemia/lymphoma, BCR-ABL1–like",0080650,SSBP2::JAK2 Fusion,0
EID7671,JAK2,hematologic_control,ACCEPTED,DIAGNOSTIC,C,POSITIVE,"B-lymphoblastic Leukemia/lymphoma, BCR-ABL1–like",0080650,ATF7IP::JAK2 Fusion,0
EID7672,JAK2,hematologic_control,ACCEPTED,DIAGNOSTIC,C,POSITIVE,"B-lymphoblastic Leukemia/lymphoma, BCR-ABL1–like",0080650,EBF1::JAK2 Fusion,0
EID7673,JAK2,hematologic_control,ACCEPTED,DIAGNOSTIC,C,POSITIVE,"B-lymphoblastic Leukemia/lymphoma, BCR-ABL1–like",0080650,PPFIBP1::JAK2 Fusion,0
EID7674,JAK2,hematologic_control,ACCEPTED,DIAGNOSTIC,C,POSITIVE,"B-lymphoblastic Leukemia/lymphoma, BCR-ABL1–like",0080650,STRN3::JAK2 Fusion,0
EID7675,JAK2,hematologic_control,ACCEPTED,DIAGNOSTIC,C,POSITIVE,"B-lymphoblastic Leukemia/lymphoma, BCR-ABL1–like",0080650,TPR::JAK2 Fusion,0
EID7696,JAK2,hematologic_control,ACCEPTED,DIAGNOSTIC,C,POSITIVE,"B-lymphoblastic Leukemia/lymphoma, BCR-ABL1–like",0080650,ETV6::JAK2 Fusion,0
EID7697,JAK2,hematologic_control,ACCEPTED,DIAGNOSTIC,C,POSITIVE,"B-lymphoblastic Leukemia/lymphoma, BCR-ABL1–like",0080650,BCR::JAK2 Fusion,0
EID7700,JAK2,hematologic_control,ACCEPTED,DIAGNOSTIC,C,POSITIVE,"B-lymphoblastic Leukemia/lymphoma, BCR-ABL1–like",0080650,PAX5::JAK2 Fusion,0
EID7701,JAK2,hematologic_control,SUBMITTED,DIAGNOSTIC,C,POSITIVE,"B-lymphoblastic Leukemia/lymphoma, BCR-ABL1–like",0080650,PAX5::JAK2 Fusion,0
EID7702,JAK2,hematologic_control,ACCEPTED,DIAGNOSTIC,C,POSITIVE,"B-lymphoblastic Leukemia/lymphoma, BCR-ABL1–like",0080650,TERF2::JAK2 Fusion,0
EID7704,JAK2,hematologic_control,ACCEPTED,DIAGNOSTIC,C,POSITIVE,"B-lymphoblastic Leukemia/lymphoma, BCR-ABL1–like",0080650,PCM1::JAK2 Fusion,0
EID7705,JAK2,hematologic_control,ACCEPTED,DIAGNOSTIC,C,POSITIVE,"B-lymphoblastic Leukemia/lymphoma, BCR-ABL1–like",0080650,USP25::JAK2 Fusion,0
EID7706,JAK2,hematologic_control,ACCEPTED,DIAGNOSTIC,C,POSITIVE,"B-lymphoblastic Leukemia/lymphoma, BCR-ABL1–like",0080650,ZNF274::JAK2 Fusion,0
EID7707,JAK2,hematologic_control,ACCEPTED,DIAGNOSTIC,C,POSITIVE,"B-lymphoblastic Leukemia/lymphoma, BCR-ABL1–like",0080650,RFX3::JAK2 Fusion,0
EID7996,JAK2,hematologic_control,ACCEPTED,DIAGNOSTIC,C,POSITIVE,"B-lymphoblastic Leukemia/lymphoma, BCR-ABL1–like",0080650,SMU1::JAK2 Fusion,0
EID7998,JAK2,hematologic_control,ACCEPTED,DIAGNOSTIC,C,POSITIVE,"B-lymphoblastic Leukemia/lymphoma, BCR-ABL1–like",0080650,SNX29::JAK2 Fusion,0
EID7999,JAK2,hematologic_control,ACCEPTED,DIAGNOSTIC,C,POSITIVE,"B-lymphoblastic Leukemia/lymphoma, BCR-ABL1–like",0080650,ZNF430::JAK2 Fusion,0
EID8095,JAK2,hematologic_control,ACCEPTED,DIAGNOSTIC,C,POSITIVE,"B-lymphoblastic Leukemia/lymphoma, BCR-ABL1–like",0080650,ATF7IP::JAK2 Fusion,0
EID8096,JAK2,hematologic_control,ACCEPTED,DIAGNOSTIC,C,POSITIVE,"B-lymphoblastic Leukemia/lymphoma, BCR-ABL1–like",0080650,BCR::JAK2 Fusion,0
EID8097,JAK2,hematologic_control,ACCEPTED,DIAGNOSTIC,C,POSITIVE,"B-lymphoblastic Leukemia/lymphoma, BCR-ABL1–like",0080650,ETV6::JAK2 Fusion,0
EID8098,JAK2,hematologic_control,SUBMITTED,DIAGNOSTIC,C,POSITIVE,"B-lymphoblastic Leukemia/lymphoma, BCR-ABL1–like",0080650,PAX5::JAK2 Fusion,0
EID8099,JAK2,hematologic_control,ACCEPTED,DIAGNOSTIC,C,POSITIVE,"B-lymphoblastic Leukemia/lymphoma, BCR-ABL1–like",0080650,PPFIBP1::JAK2 Fusion,0
EID8100,JAK2,hematologic_control,ACCEPTED,DIAGNOSTIC,C,POSITIVE,"B-lymphoblastic Leukemia/lymphoma, BCR-ABL1–like",0080650,SSBP2::JAK2 Fusion,0
EID8105,JAK2,hematologic_control,ACCEPTED,DIAGNOSTIC,C,POSITIVE,"B-lymphoblastic Leukemia/lymphoma, BCR-ABL1–like",0080650,PAX5::JAK2 Fusion,0
EID7021,JAK2,hematologic_control,ACCEPTED,PREDICTIVE,C,SENSITIVITYRESPONSE,B-cell Acute Lymphoblastic Leukemia,0080638,JAK2 F694L,0
EID7997,JAK2,hematologic_control,ACCEPTED,DIAGNOSTIC,C,POSITIVE,"B-lymphoblastic Leukemia/lymphoma, BCR-ABL1–like",0080650,OFD1::JAK2 Fusion,0
EID8104,JAK2,hematologic_control,ACCEPTED,DIAGNOSTIC,C,POSITIVE,"B-lymphoblastic Leukemia/lymphoma, BCR-ABL1–like",0080650,OFD1::JAK2 Fusion,0
EID7209,JAK2,hematologic_control,SUBMITTED,PROGNOSTIC,C,POOR_OUTCOME,B-lymphoblastic Leukemia/lymphoma,0080630,SSBP2::JAK2 Fusion,0
EID11623,JAK2,hematologic_control,SUBMITTED,DIAGNOSTIC,C,POSITIVE,"B-lymphoblastic Leukemia/lymphoma, BCR-ABL1–like",0080650,PAX5::JAK2 Fusion,0
EID11624,JAK2,hematologic_control,SUBMITTED,DIAGNOSTIC,C,POSITIVE,"B-lymphoblastic Leukemia/lymphoma, BCR-ABL1–like",0080650,SSBP2::JAK2 Fusion,0
EID20,JAK2,hematologic_control,ACCEPTED,PREDICTIVE,D,SENSITIVITYRESPONSE,Polycythemia Vera,8997,JAK2 V617F,0
EID7641,JAK2,hematologic_control,SUBMITTED,PREDICTIVE,D,SENSITIVITYRESPONSE,B-lymphoblastic Leukemia/lymphoma With BCR-ABL1,0080643,IGH::CRLF2 Fusion AND JAK2 R683G,0
