ModelID,OncotreeLineage,CDKN2A,KRAS,PCNA,PSMA1,RPS3,SMAD4,TP53
ACH-000001,Ovary/Fallopian Tube,0.0014194026238508,-0.3120273431322304,-2.947856058950272,-2.336434428683148,-2.446374231584377,0.0469712965746348,-0.0035242580555693
ACH-000004,Myeloid,0.1879442121316037,-0.2364157838238181,-3.2709858092983386,-2.599229076546989,-2.020043856173772,-0.1561256048546114,-0.0691008134403258
ACH-000005,Myeloid,0.0479298009571958,-0.7146700630338743,-2.741935529343144,-2.8742945607624755,-2.1698729721007863,-0.1750543662684306,-0.1408797470800039
ACH-000007,Bowel,0.4594404209076672,-2.1936453223830323,-2.291289295101202,-1.7938047790046725,-3.2375334556718145,-0.4815209178404163,1.3864352255548955
ACH-000009,Bowel,0.1412368448509284,-1.3123820036360834,-3.515318564964164,-2.2977990677262383,-2.4382374906652964,-0.3087481474913734,0.0769813536983244
ACH-000011,Bladder/Urinary Tract,0.3019508542712037,-0.025645132435928,-2.936233934319171,-1.962214490767617,-2.46699102629602,-0.07399434753019,1.2799813214346405
ACH-000012,Lung,0.0466969445184413,-0.1538844341969865,-3.385760169084742,-2.172067094628669,-1.992381650282964,-0.1201952826787474,0.2022054966155455
ACH-000013,Ovary/Fallopian Tube,-0.0355678361690575,-0.1542169267661401,-3.152007677992174,-2.314417035270981,-2.674916882957521,0.1096535008400055,0.0401749476332163
ACH-000014,Skin,0.4284179107124752,-0.262993030990869,-2.0049730188605794,-2.4432541568746022,-2.118628124914825,-0.1285802352345305,1.509719350757453
ACH-000015,Lung,0.1617709582702887,-0.2719553863841426,-2.8575100651257737,-2.33781123989655,-2.404295326445079,-0.1411429420259393,0.334141109169695
ACH-000017,Breast,0.101037331157635,-0.4858712252517301,-2.617756077640421,-2.0516605838289395,-2.5629456380762763,0.2118586473938356,-0.0388753255319123
ACH-000018,Bladder/Urinary Tract,0.1731313243844602,-0.6538312349380986,-2.6820294881661053,-2.495050567448544,-2.119938746591321,-0.1477884741850644,0.0624332527991186
ACH-000019,Breast,0.2357010185734093,-0.5207761130698335,-3.066888325645712,-2.866963663866964,-2.763065707892056,0.0169444592720062,0.4589928609647563
ACH-000021,Lung,0.2304768921451651,-0.429408019564012,-2.655901081330671,-2.281804451782797,-2.482915542042284,-0.0764834075605682,0.2432117888598491
ACH-000022,Pancreas,0.0617955506645324,-2.0328182006650635,-2.84697605354152,-1.949061210025734,-2.131011087938652,-0.0881960776428502,0.3166993281233136
ACH-000023,Pancreas,0.0030957077621563,-1.624889141896238,-2.952294225113818,-1.6648757426570986,-1.999241612422047,0.1824704042554592,0.1563178076927019
ACH-000024,Lymphoid,0.0136922899617717,-0.9291390872130788,-3.1097652028758285,-2.3912370544304133,-2.493998737122173,0.1776258140656099,0.136046521822974
ACH-000025,CNS/Brain,0.1955204063406557,-0.3958724506495558,-3.528708884375173,-2.080036872191525,-2.357077150046271,-0.2243444371767153,0.0764751644342568
ACH-000026,Bladder/Urinary Tract,0.219007180057958,-0.4018100518711518,-2.849649809219146,-2.2680882552659853,-2.4118584116406745,-0.0619206532802599,0.957591610473167
ACH-000028,Breast,0.1766966474605874,-0.2216362557941998,-2.160372012499418,-1.9736510874463615,-2.2285710394369174,0.1166556807675868,0.7464881679503652
ACH-000029,Lung,0.1200830058766117,-0.1670810630472696,-2.631517484834789,-2.276141931244053,-2.5216094791716226,-0.1202366159192802,0.2114997782642479
ACH-000030,Lung,0.1031023996700088,-0.0874638653303529,-2.98473294873624,-1.908088281921436,-2.582947463726557,-0.0635757265210145,-0.3129229306845398
ACH-000035,Lung,0.4292045210529714,-0.4356387678671162,-3.273023086903116,-1.816498485774704,-3.3400131665590456,-0.148798091751469,0.088597174686012
ACH-000036,CNS/Brain,0.2017041787133016,-0.3725766933063204,-2.3635448735632947,-2.1152441467355,-2.5488178710384903,0.1944705366545856,0.7508791671452384
ACH-000037,Soft Tissue,0.0825559738549591,-0.316417618176202,-0.9081246069679584,-2.9228983009039395,-3.441932491619061,0.13491769389685,0.2618609244807194
ACH-000039,Bone,-0.1032064164174065,-0.7057574032395398,-2.642621523011839,-2.2133089080129373,-2.5093131686941383,0.0210900503276695,0.0774871552852036
ACH-000040,CNS/Brain,-0.1161250782709021,-0.2945850764357373,-2.497856980717137,-2.5330588430067604,-2.4758250909146087,-0.073402331168102,0.6487656599889646
ACH-000041,Bone,0.16982087297838,-0.5263005981182182,-2.983080084485106,-2.4501421014144937,-2.413770472079077,-0.1525993915742645,0.1536357802437024
ACH-000042,Pancreas,0.0825262419002434,-2.84060822038175,-2.228532255376973,-2.2137003706325067,-2.517324573926699,-0.0717380430510555,-0.1641463352646036
ACH-000045,Myeloid,0.5298329899589793,-0.3636506715373442,-1.5206359253129669,-2.0710174576303007,-2.3518355591130757,-0.0835041708709062,0.7986870723327362
ACH-000047,Esophagus/Stomach,0.2085108377580461,-0.1129040166452441,-3.5192958313609344,-2.0931714171525395,-2.392183875322589,-0.0501131602135203,0.1434981666463468
ACH-000048,Ovary/Fallopian Tube,0.132816890198037,-0.2858156048871375,-1.9875461651057709,-2.409252848030064,-2.320151725183732,-0.1690160984351528,0.2564737083505569
ACH-000052,Bone,0.1206624529653833,-0.5672503192877997,-2.4334421317668826,-2.402523361405135,-2.577928544593162,-0.2357311080009552,-0.0078549781472092
ACH-000053,Lymphoid,-0.0737958653467433,-0.3123373550646652,-3.713416163426778,-2.9609178774424088,-2.4950763181823725,-0.0405247113488264,0.4289864482247287
ACH-000054,Soft Tissue,0.3108338525803543,-0.2932670847840643,-2.1522852841987863,-2.425925829174383,-2.545949631889569,-0.181278156917214,1.364927171138784
ACH-000055,CNS/Brain,-0.1050694587886842,-0.1695223421143303,-2.5512813376669894,-2.1498959991167284,-2.374915464536234,-0.6369092785898306,0.3561147549840861
ACH-000060,Pancreas,-0.0382400046969703,-2.018601985398612,-2.79690193003844,-2.647852136883639,-2.4507863839179507,-0.1027274266965796,0.3097065512085382
ACH-000067,CNS/Brain,0.0371515626284144,-0.1145064493125663,-3.375518030891248,-2.5961615727032004,-3.080494980054653,0.0062099880528788,0.3020012881245202
ACH-000070,Lymphoid,0.195129552082937,-0.376460277318038,-2.5981843478774054,-2.3518617971966105,-2.315976557489829,-0.0464421854739346,0.7562961913790974
ACH-000074,Myeloid,-0.3918848223430677,-0.4311014540688578,-2.947982743616288,-2.797256122594036,-2.473869296981234,-0.1867913245310734,0.4158433163845024
ACH-000075,CNS/Brain,0.1346176908601673,-0.4435800766308811,-1.906897690447992,-2.5711590009232173,-2.7499291262276184,-0.1464791521480515,0.6523650502173988
ACH-000076,Myeloid,0.6048358944589756,-0.5951213510425772,-2.774551372552265,-2.4074540121900587,-2.4789066053482887,-0.1601429764384829,0.0413735908061804
ACH-000077,Lymphoid,0.4260580863474067,-0.425157693646322,-2.74062846074264,-2.1635287909108927,-3.2020382114712223,0.0333974705456343,0.4422924239020806
ACH-000078,Peripheral Nervous System,0.0160769071128338,-0.4542457218101945,-2.272544113660291,-2.020897848444647,-2.4711987856039674,-0.2615482971807882,0.767071072709393
ACH-000082,Bone,-0.0723748596456533,-0.2927646490851074,-3.330689597572622,-2.6754709669250243,-2.348750599362197,-0.3632680664380053,0.1866501140007582
ACH-000085,Pancreas,0.0106321836454425,-0.7903506624759095,-2.3603994549379586,-2.3137549325586155,-2.311870764781772,-0.1000531164642089,0.2233723050675889
ACH-000086,Pleura,0.1934413765714613,-0.2259018037702021,-2.144118403836099,-2.674034880697255,-2.4744117699661494,-0.1824476597902662,0.3811072868550844
ACH-000087,Bone,-0.0215398901582141,-0.4529164583649714,-2.85617921952167,-2.4638680411354894,-2.0552399295883736,-0.3032541004598572,0.1809583312968933
ACH-000090,Prostate,-0.0944681821588258,-0.4995578068834114,-2.995943308150496,-2.445669250190945,-2.476052167033992,-0.0628583701630809,0.0188244141980032
ACH-000092,Pleura,0.2104784444317813,-0.3035835916040212,-3.2330064530024507,-2.9209265120497947,-2.511729842053472,-0.1252734510397301,0.1335385153964362
ACH-000093,Pancreas,0.4173004931916036,-1.3475403678452342,-2.459066065492366,-2.2141174468625797,-2.370520012084866,0.4026670355559119,2.0941317674985584
ACH-000094,Pancreas,-0.2872429770194266,-2.628289362682237,-2.4131613505850464,-2.7623311335107203,-2.523638871950306,-0.2533900411413403,0.0199426634405249
ACH-000095,CNS/Brain,-0.1169180624110062,-0.206599542565913,-2.265504371417205,-2.0655665296270183,-2.51004509327476,-0.4444791508200355,0.6200014675238247
ACH-000096,Kidney,-0.023786923786446,-0.1069810502940017,-2.6166303091842606,-2.305867621817061,-2.2748880557079456,-0.2406161931046534,1.8694021430375505
ACH-000097,Breast,0.3268044641237382,-0.912617594607068,-2.954376393625608,-2.080476221459293,-2.6932641042078806,0.1454089859797984,1.111945088585807
ACH-000098,CNS/Brain,0.0862314137862878,-0.244690478623644,-2.743618661314525,-2.35115997265104,-2.8392094553406246,-0.1889590505371169,0.2461474101919996
ACH-000099,Peripheral Nervous System,0.0788272199714999,-0.7135262273215961,-2.976957301577058,-2.274674550740586,-2.6897338416947214,-0.2513391759748097,0.5372163078322912
ACH-000100,Soft Tissue,0.1708512686433761,-0.392164246139593,-2.7489546662192303,-2.3475254734496764,-2.2007670291580035,-0.3116783265337321,0.0749530960910247
ACH-000101,Lymphoid,0.1751464075670965,-0.0636436231859537,-2.060432646248019,-1.7312201737148474,-1.9444310948530752,0.0473320842646192,0.1624461651901359
ACH-000103,Ovary/Fallopian Tube,0.0741661564761054,-0.3119164690148251,-2.6056546141885994,-2.654638205076546,-2.7745146532992475,-0.4957354192354679,0.0521266934914317
ACH-000106,Lymphoid,0.4100154099676696,-0.4570126047476865,-2.8075472063290934,-2.401848861460293,-2.315148543367349,-0.3128960342633406,0.4960145460764213
ACH-000108,Pancreas,0.0437335703648694,-1.11881292983211,-3.1832063088646887,-2.3960269930885323,-2.568076542628245,-0.0235990389414923,-0.0755872503995636
ACH-000111,Breast,0.2959605024549144,-1.1113676164510748,-2.0749212358478992,-1.6181386875124275,-3.450381200370552,-0.0601033486465259,0.0628136254412632
ACH-000113,Myeloid,0.4610914655333248,-0.0472807650357499,-2.5112680274297827,-1.5863929765797034,-2.40130470290886,-0.0877070596643055,0.8881955821946257
ACH-000114,Pancreas,0.2688801348988047,-2.547808384748305,-3.0870754525664936,-2.120398316208364,-2.271818054427155,0.0116668443084054,0.2013686924359322
ACH-000115,Prostate,-0.2751320142666007,-0.4303006789287661,-2.8673825927444048,-2.3317889110030743,-2.200835749631776,-0.3244138291770888,0.0216790221797569
ACH-000116,Ovary/Fallopian Tube,-0.0682831521037889,-0.4049622842248023,-2.9961338713510486,-2.2297413349903907,-2.6294217124918102,0.1883645618988912,0.1127137783732224
ACH-000118,Pancreas,0.2281729843384254,-0.3945010090100906,-3.42209949887346,-2.0664093725563766,-2.6453127319761984,-0.1999848034824606,0.2339668520230263
ACH-000120,Peripheral Nervous System,0.0760784983516642,-0.3804417517478132,-2.228580274545945,-1.756427566430567,-2.0589601904277424,-0.4748706558043949,0.7463200324665363
ACH-000123,Ovary/Fallopian Tube,0.4482029981402852,-0.2432842532864108,-2.8489835282209937,-2.292751684414261,-2.2837290332046765,-0.2143196935815666,1.0779633272298537
ACH-000124,Lymphoid,0.4303332577403799,-0.7666619527044084,-2.3630845140441057,-2.21114546788784,-3.0097141178549616,-0.2522936747350491,1.0269666572553386
ACH-000127,Bladder/Urinary Tract,0.1179479290245043,-0.2342389936900747,-2.3432777177662474,-1.922290671351048,-2.367135119995512,-0.2435737086841985,0.3011757889360914
ACH-000128,CNS/Brain,0.1046642928620263,-0.2737053010225905,-2.400769059473257,-2.526472305261529,-2.797335328157681,-0.2201118873085048,-0.0263830745193628
ACH-000132,Ovary/Fallopian Tube,0.0662579979012827,-0.5559093130267224,-2.7202493009686783,-2.2315946294485927,-2.731062018356706,0.0868122471139259,0.2504338783582689
ACH-000133,Fibroblast,0.203490134684753,-0.7563884464754506,-2.591695437231481,-2.2789341540783785,-2.499563342762617,-0.0693370805261465,0.0971809348334666
ACH-000137,CNS/Brain,0.197667413611332,-0.305770179212793,-2.3940398409519315,-2.459529128832345,-2.7074613904780223,-0.1679607408448344,0.0334431481929584
ACH-000138,Pancreas,0.1795341193357047,-1.8273481488818533,-2.9674144047984505,-2.222648690932827,-2.520146039649384,0.0652485721875377,0.1686108476822023
ACH-000139,Pancreas,0.1849356263300399,-0.607721975320578,-2.854886562476304,-1.6858822235616144,-2.094029356774345,-0.1991925263844855,-0.1461772243934304
ACH-000141,Biliary Tract,0.1801585515870196,-0.2258457755231271,-2.7748298528970183,-2.342774241221361,-2.591299276218379,-0.415847877007506,0.0737156823096533
ACH-000142,Bladder/Urinary Tract,0.3251495832476742,-0.3904352257609659,-3.255428318648472,-1.8946893746312097,-2.26120491110593,0.3862349506302295,0.2746816875283465
ACH-000143,Lung,-0.0973007631064431,-0.5284329077030602,-3.0605948483420966,-2.6602520734047284,-2.017283612270327,-0.1680480684633443,0.3000583559542498
ACH-000144,Esophagus/Stomach,-0.0708885246705872,-0.0993307369511306,-3.141472338686899,-2.723994419376537,-2.3923880357825,0.0889278999213473,0.159568649372583
ACH-000145,Soft Tissue,0.1666084434470941,-0.4081298719546528,-2.91341339415318,-2.460491336375904,-2.5258583549909424,-0.1005961828917915,0.1654447702177897
ACH-000146,Myeloid,-0.0491263160074583,-0.4012586781488592,-3.228840193642256,-2.3859915495610515,-2.2657640468844877,-0.0768552641509684,0.1605610251736993
ACH-000147,Breast,0.0895370587339943,-0.3205440171803879,-3.06028446280479,-1.681263083390636,-2.643641138376208,-0.1025604331544622,0.2171385252733319
ACH-000148,Breast,0.212008164046566,-0.4029063711760939,-3.14358344513475,-2.190132243407407,-2.406423645272904,0.2844414685535291,0.4197073821747008
ACH-000149,Peripheral Nervous System,0.2894134490674074,-0.3521356605382657,-2.596055207766137,-3.307524070643577,-3.5012280480756046,0.0585992037401131,1.3684446865293345
ACH-000151,Lymphoid,0.0971409769451936,-0.4915440044259425,-2.8904221264638696,-2.444430883542132,-2.116012565989354,0.2478885018165401,0.3044187928031094
ACH-000152,CNS/Brain,0.2823205256683098,-0.2509734152557158,-2.017644286378152,-2.676047187412617,-2.6358974936183297,0.2031213591631762,0.1060760629008657
ACH-000153,Pleura,0.1387209683104109,-0.7733238167051539,-2.7736304803782628,-1.8405474193078144,-2.6287588841818788,-0.0437056364767212,1.2921247082109772
ACH-000155,Pancreas,0.1947225218482726,-2.249723587582081,-3.1898686486101475,-1.7312144064314214,-2.3954532222849525,0.0397851699040877,0.1572973983160889
ACH-000159,Kidney,0.3095244642304011,-0.1166759446488981,-2.79122481815918,-2.738999038083953,-2.91928248981963,0.0386495900292489,1.0694844231144307
ACH-000160,CNS/Brain,0.2217761247420604,-0.3025762394461291,-1.5436845177177676,-1.8917410593140072,-2.2437436172991188,-0.1775696944738765,1.6486328183219725
ACH-000161,Lung,0.6253359498210701,-0.215711587035895,-2.830096335465861,-2.2979985875167963,-2.818275930642494,0.0896755201331566,0.9506442281520158
ACH-000163,Head and Neck,0.0541459917625948,-1.6363318755148195,-3.245020259032402,-2.079504023719792,-2.271633289196344,-0.125751769837488,0.0583573769802117
ACH-000164,Pancreas,0.257916935259057,-1.6575757347303484,-2.823624507505471,-2.148761806555004,-2.4527526170856837,-0.2559438331225825,0.2598508599055549
ACH-000167,Lymphoid,0.1664818691876634,-0.2890687679258178,-2.5250655148572045,-2.582474560094327,-1.9410133877650813,-0.1186089410852444,0.3559559923482718
ACH-000168,Myeloid,0.3373757807813965,-2.2882782784707496,-3.360434687836818,-2.3794009467302724,-2.490734793461024,-0.1687848191579065,0.0974771347706632
ACH-000169,Soft Tissue,-0.0895831633003042,-0.2952876314808222,-2.603292352885356,-2.268591069491739,-2.1924352589195584,-0.2840677443084046,0.3282248844425394
ACH-000172,Soft Tissue,-0.1675202417470775,-0.5122495502219641,-2.191743533600693,-2.4217861615067977,-2.5501107080502656,0.1938103920958845,1.570576631294527
ACH-000174,Thyroid,0.2018224993948931,-1.9076230632093107,-2.5159311414763543,-2.4280290934880604,-2.7463859024025723,-0.3794905744534036,0.2927999914480944
ACH-000176,Lung,-0.1675140817224575,-0.2627518306384231,-2.4854993914733936,-2.8885220799378297,-2.351048152066678,-0.0843085478186681,0.1839782753850551
ACH-000178,Pancreas,0.3518674210152159,-1.1616177335654614,-2.684085780906816,-2.0862481122016,-2.4748959559352475,0.0902055402344685,0.3308871702794246
ACH-000181,Head and Neck,0.237108633654676,-0.3572375634866821,-3.32320997638221,-2.20738024737157,-2.839082222583849,0.0870844640746154,0.1864449341968441
ACH-000182,Ampulla of Vater,0.1297750384912183,-1.7572767732723071,-2.8081329690153387,-2.604261763315307,-2.416526156970895,-0.0657671519262793,0.1263720910567966
ACH-000183,Lymphoid,0.1559379959059976,-0.2132322061186561,-3.063538115566308,-1.9659947242209088,-2.1663899176949992,0.0388606589149335,0.2444926086319606
ACH-000187,Lung,0.1092516326478232,-0.5233064057721667,-2.336351346830972,-2.6653248618115124,-2.3321937325079807,-0.0633452259977737,-0.0267466996161767
ACH-000188,Head and Neck,0.1385945863702994,-0.0404206029610574,-2.9455380992845197,-2.643333315014559,-2.074265888002216,-0.0186433334350836,0.2520405004472694
ACH-000189,Kidney,0.0610998974726399,-0.3980224536845488,-2.739900530994842,-2.2765064420317915,-2.5677726637923364,-0.123630653194659,1.4257281578767618
ACH-000190,Myeloid,0.3041847810246663,-0.2831327649379564,-3.0693832112112114,-2.1734978270995287,-2.726437538764909,-0.2086796728544107,0.0974035332846534
ACH-000191,Thyroid,0.3235220154133416,-0.1468682015202917,-1.7937965290930835,-1.864762116221362,-2.857063273959115,-0.1243974466830274,0.1918401189340734
ACH-000192,Uterus,0.1359185271641548,-0.1824308710784085,-2.7595899077063524,-3.234102274523408,-3.062689123212324,0.1993291842956771,0.3225384501042882
ACH-000195,Myeloid,0.0921451213288351,-0.4156977530014464,-2.5975537712579118,-3.094021909826406,-2.672846287944826,0.0428972631728539,-0.1958425430404139
ACH-000198,Myeloid,0.1180354743322142,-0.4671024427985573,-2.145540256684312,-2.2026605189897084,-2.49254841214892,-0.0584845612139719,0.6724732602691885
ACH-000200,CNS/Brain,0.1614293774532082,-0.3007414903648261,-2.421153917033893,-2.4688879787232003,-2.7151254948574297,-0.3679702314437975,2.323419734741192
ACH-000202,Bowel,0.2731259202033029,-0.55317110459987,-2.763788270293902,-2.695716772800084,-1.8450695175302532,-0.1762425751771587,-0.1423781049882779
ACH-000203,Peripheral Nervous System,0.1374473901629619,-1.0251481546714265,-2.5959818178336964,-2.449130061078921,-2.443753945688164,-0.0470314049995572,0.4154302805368431
ACH-000204,Lymphoid,0.0183954424130571,-0.255394181505045,-3.309413451394573,-2.554686182326013,-2.770594738765469,-0.1352179335060748,0.2847983810817331
ACH-000206,Lymphoid,0.1622594111684768,-0.3064234139562405,-2.5568170665176253,-3.013494230954393,-2.8125485948113877,-0.286329222466275,-0.0147933009513653
ACH-000207,Head and Neck,0.0789924158719627,-0.43596226874789,-3.532464204093023,-2.1493837916309806,-2.2952716018640724,0.1279830877132672,0.1027579345988955
ACH-000208,CNS/Brain,-0.0735430360707994,-0.3008340170066062,-2.6957467776758106,-2.5587753589935294,-2.1649504135196778,0.1020614824985818,0.6039480386529685
ACH-000209,Biliary Tract,0.2835980374488479,-0.5244677662641183,-2.752788059526234,-2.4062304635470446,-3.1699479850911088,0.1479405412784228,1.7253540301610153
ACH-000210,Bone,0.2129711156502125,-0.8344040022596764,-2.5300976507641773,-2.4892193729981664,-2.469428387511913,-0.0110249008593026,0.4667452686536507
ACH-000211,CNS/Brain,0.1611174683471711,-0.2742326857091186,-3.276708796759409,-2.055698108684934,-2.3316894438048017,-0.1936789711291578,0.2308010990412512
ACH-000212,Breast,0.1687193771950067,-0.2531366156114278,-3.1772558589234405,-2.139070279409856,-2.881872033413404,-0.4059420794611582,0.1793033377132654
ACH-000213,Pancreas,0.3683737100939758,-1.972275541068746,-3.23051579777073,-2.642762428933394,-2.342874376184774,0.3352425956484788,0.3618639232741913
ACH-000215,CNS/Brain,0.3775294507153863,-0.1480891945292639,-2.799963904279706,-2.216895830513629,-3.07455509723668,0.1230758093921144,0.5856715470874937
ACH-000216,Esophagus/Stomach,0.1612855327086742,-0.1935771538843967,-3.1767267563616155,-2.412693467081291,-2.5748185156394863,-0.1061423684863903,0.3158867045375811
ACH-000217,Liver,0.1396950400813404,-0.3647942940714508,-3.054919643753894,-2.258867110244141,-2.16824963709612,-0.0215708968607444,0.1437375541662423
ACH-000219,Skin,0.2564881965633309,-0.263167144876153,-2.74107518440274,-1.8783079139994971,-3.015591082390734,-0.1936163011534451,0.66093229979046
ACH-000221,Liver,0.204151145936281,-0.7816969856762912,-1.6540218212868265,-1.969043577237248,-2.129224848679233,0.0387313622388229,0.0716391902164833
ACH-000222,Pancreas,-0.0033646977547598,-4.1426799905386895,-3.085325747329093,-2.5682338094290347,-2.071317030612156,-0.1001518344767891,-0.0282466062555134
ACH-000223,Breast,0.1257018336340199,-0.1982251976715268,-2.764817518366676,-2.1980283031731296,-2.526860621381656,-0.0824505130378939,0.2201471874975802
ACH-000226,Lymphoid,0.1916045975411127,-0.1758460416869584,-1.6047307381344953,-2.466157498690013,-2.1120065901285767,-0.0627181691163664,0.5701356251137684
ACH-000227,Peripheral Nervous System,0.0738027412419501,-0.6655077396297677,-2.966616668088434,-2.0963774784327915,-2.5979365621360024,-0.1538822218262066,0.3720141068040012
ACH-000228,Head and Neck,0.14446127681022,-0.3526082767820241,-3.672361810481081,-1.7900408798722731,-2.3354578163215987,-0.1196407113581558,0.0280704911398095
ACH-000231,CNS/Brain,0.1821785491805796,-0.2943437867825533,-2.559981075784854,-2.5743167261347804,-2.264415499462916,-0.2043902060506578,0.1518359198869245
ACH-000232,CNS/Brain,0.3847296492280884,-0.2683100777509497,-2.094753895689636,-1.855909048076828,-2.2674770140432328,-0.2040402208288324,0.3444201619126009
ACH-000233,Lymphoid,0.0035659002420623,-0.2662424235193802,-2.6682353764709266,-2.868870195241941,-2.5104631952927305,-0.1783853163635892,0.144047069242552
ACH-000234,Kidney,0.2507860788409329,-0.6721467324051144,-2.394914067982522,-2.855326826166141,-2.721919733514276,0.0358088394693231,0.6305735262737262
ACH-000235,Pancreas,0.1102721300347065,-3.0002669811694584,-2.3809602802014544,-2.438877100419167,-2.5553019928668284,-0.1423906983502447,0.2125065572869691
ACH-000237,Ovary/Fallopian Tube,0.3594361166420288,-0.3014401162507815,-3.3867284539067226,-2.3322271762904103,-2.5055050757490074,-0.2719109330644385,0.1827828615186328
ACH-000238,Head and Neck,-0.0334752156416753,-0.2926514958742748,-3.480299160176026,-2.028527146341648,-2.347144012267286,-0.1667271677163641,0.0461703436375292
ACH-000239,Esophagus/Stomach,-0.1679631447954422,-0.2684970477650219,-2.557809136745692,-2.321219216168364,-2.3153613494317584,-0.3509624504506842,0.2270195154998748
ACH-000242,Bladder/Urinary Tract,0.0120656860777414,-0.745481300420823,-2.582463648785282,-2.648674681370408,-2.5686710886449964,0.1065273859472491,0.1363743043779637
ACH-000243,Pancreas,0.199075605694925,-1.6696216698610382,-2.87730376524576,-2.198953493174452,-2.24330027708794,-0.1715631593394923,-0.0061031276641231
ACH-000244,CNS/Brain,0.1529706003528751,-0.5228639226627722,-1.2672153680430596,-3.1816689754623484,-1.8627943466526609,0.0443117431828648,2.2957763029371265
ACH-000246,Kidney,0.1015804228870561,-0.2060217333197047,-1.6789360608603812,-2.593744331177855,-3.080001319055312,-0.1982760085526009,2.4026718219910865
ACH-000247,Esophagus/Stomach,0.2373664930887198,-0.2033980678233388,-1.5055768716269908,-1.5346260026552954,-2.901068756985236,-0.5657592852942988,0.6966160139876523
ACH-000248,Breast,0.2930103232158659,-0.3215415322274014,-3.0550926741195017,-2.6586948217724053,-2.520861904068465,0.0005419896291811,0.1245811891638287
ACH-000249,Bowel,0.1975682153371957,-1.1816214244586942,-2.4418972335969147,-1.4742581646378556,-2.5672121748527066,-0.3921085605426023,0.1340823284407479
ACH-000250,Kidney,0.0990304693791211,-0.2694431488653706,-2.3937605677839757,-2.715107730224302,-2.3800736089868684,-0.1372937177567373,0.2629585122109895
ACH-000251,Lung,0.6488341438081677,-1.0043692557981376,-2.926526494494771,-3.1314774340122327,-2.432225510301392,-0.071142179138315,0.0513446834492954
ACH-000252,Bowel,0.2725867143278604,-2.478628256265134,-3.950759393559638,-1.2136144128162831,-2.320183169063376,-0.3836324111743173,0.131139839812524
ACH-000253,Bowel,0.1190049067803317,-0.4392833138801752,-2.6981763846028497,-2.618776643955015,-2.565367819243652,-0.0239190163833424,0.1383071148360956
ACH-000255,Esophagus/Stomach,0.2644607561216838,-0.1402655268394075,-1.989522451243657,-2.545435564612359,-2.858825831872364,0.1002668291887475,0.1703362988078876
ACH-000256,Ovary/Fallopian Tube,0.1043847311832182,-0.1111150394296789,-3.051432131914722,-2.0866474573611318,-2.436074215998336,0.0492323934031526,0.3619426275508107
ACH-000257,Lung,0.3049087971735921,-0.6603370293971507,-2.9692916045889057,-2.5832895855642715,-2.299459499563893,-0.1854148846601543,-0.1023903575099541
ACH-000258,Breast,0.3315634821074761,-0.5505730568254885,-2.785510450878026,-2.402665983801131,-3.1082570333839223,-0.1150979726441855,0.2054223319142077
ACH-000259,Peripheral Nervous System,0.0643453575684541,-0.232515520727866,-3.198172112980695,-2.252418242184813,-2.359684700249596,-0.3483816592654302,0.4029812469972047
ACH-000260,Peripheral Nervous System,-0.0569911706534075,-0.3022129613514031,-2.2652571498341167,-2.5941254724288223,-2.4862548015809147,-0.1492210647225568,0.1387308595279749
ACH-000261,Lung,0.0332341097919421,-0.2485135258565772,-2.5273697981741057,-2.3263573171380747,-2.673979986495688,-0.0777760764598535,0.3266021638544545
ACH-000262,Kidney,0.2478321218823782,-0.5646937927604198,-1.3912623196652871,-2.120532114043294,-2.1647291959150485,0.1038440671276048,1.3794190770086794
ACH-000263,Myeloid,0.0006346944063945,-0.6096202975495033,-1.683604619501236,-2.455601486778556,-1.8156070479572688,-0.0852005603968921,-0.2979488484471087
ACH-000264,Lung,0.0591790263745015,-2.836598215096883,-2.8401543236835867,-1.9765359605530768,-2.519946342804084,-0.116792385651182,0.1731579881698424
ACH-000265,Pancreas,0.5101846547943837,-1.2331045111636345,-2.5720278415693767,-1.5512512031008896,-2.409405546893429,0.122922180567584,0.0688453363307435
ACH-000266,Pancreas,0.0836883290070936,-2.54337033901367,-2.374144201322849,-2.70605696900455,-2.4241579995471154,-0.176525800340878,0.228191031383653
ACH-000268,Biliary Tract,0.0084994372641855,-0.3128177885123251,-2.7583414020430213,-1.5690356300878296,-1.4886008258869738,-0.3882801484754741,0.3213072757871471
ACH-000269,CNS/Brain,0.3951489166000198,-0.0270827571235217,-2.44442419150555,-2.6679371299731374,-2.237889520439226,0.0164675742991608,1.241961018292
ACH-000271,Lymphoid,-0.0663528187471653,-0.2511679939797974,-2.52806165888628,-2.146780222809081,-2.967367537774362,-0.0019932597119366,0.222539532167892
ACH-000272,Kidney,0.3369146758677289,-0.2410975425006898,-2.1541369119995903,-2.758051494820303,-2.593923471240425,-0.0242300614929411,0.620353769815142
ACH-000273,CNS/Brain,0.2903099703965117,-0.1743422118040268,-3.4014397621716386,-2.478754744840971,-3.0302030070488613,-0.190310511755612,0.1863650766217257
ACH-000274,Skin,0.7097681996559745,-0.1636567223888163,-2.7002277942731903,-2.856404908584792,-2.717796772475352,-0.2331958240719463,1.54102608801949
ACH-000276,Breast,0.3366662089120776,-0.3254543329102967,-3.0428732318214173,-1.6732231764318095,-2.161451379220361,0.1439283712612525,0.2897390629543264
ACH-000277,Breast,-0.0322812479642469,-1.2109324572511042,-2.617499391456827,-2.4928159419968936,-2.6692340113841966,0.0249286583334839,-0.3018325867490427
ACH-000278,Ovary/Fallopian Tube,0.3332121830024073,-0.2361274160512712,-2.9842491967300457,-2.5350255768089096,-2.268302499318384,-0.2533236697140375,0.0672093650285475
ACH-000279,Bone,-0.1338461854635687,-0.3413670437244303,-2.9108695030597174,-1.6765463950343682,-2.493722517786885,-0.0929900068821622,0.0725637728618203
ACH-000280,Ovary/Fallopian Tube,0.4758379493572408,-0.3785893488573972,-2.8759181301269603,-1.7205087070580865,-2.8234817324309684,0.3434437597890254,1.027053209285297
ACH-000281,Pancreas,0.3471605455331434,-1.6288838209560876,-2.852450571581395,-1.6481514470652696,-2.967195316830834,-0.1297874099009491,-0.2261729021710187
ACH-000286,Bowel,0.3676958989414594,-1.2246729099066782,-3.0214573047287336,-2.3270214776553373,-2.0514506263147783,-0.1240981963459165,-0.0975277778592932
ACH-000288,Breast,0.5861713302735712,-0.0345678782936667,-2.4949253545619685,-2.056797726471276,-2.578010505104144,0.0067385116253806,0.2749253233095413
ACH-000290,Lung,0.084586106921804,-0.2351657950440148,-3.286447894361559,-2.08826650052912,-2.655216646546786,-0.3061473514954851,0.2082157278849477
ACH-000291,Ovary/Fallopian Tube,-0.0092805590788891,-0.2531471572232468,-3.1576456606670256,-2.243453944511889,-2.336444973483809,-0.1527412262234803,0.1787020903799143
ACH-000292,Lung,0.2475512364363691,-0.3505247096442413,-3.1070732861039065,-2.139562640911271,-2.419210438679216,0.0067848008486655,-0.0184404921784789
ACH-000293,Uterus,0.2315600051312231,-0.3489712272032328,-3.439651085029846,-3.2214667820806224,-2.3485028873258065,0.1650038421019908,-0.0553968952734078
ACH-000294,Myeloid,-0.1217099704989354,-1.9078222997174483,-2.863969530833109,-2.09694765817844,-1.9522928124110668,-0.0507741058764964,-0.5557451817948806
ACH-000295,Myeloid,0.1730566422438146,-0.592162079382131,-2.6495751740511517,-2.567524868365554,-1.967896669223394,-0.16945335042974,-0.1507333545834225
ACH-000296,Bowel,-0.0615927417156797,-0.5144991890931845,-3.019727052933437,-1.7547179510299769,-2.4500049657006606,-0.6062788020233636,0.049645655618011
ACH-000302,Uterus,0.1087822421151508,-0.3100695260267885,-3.423356532341854,-2.0683183747863656,-2.311827007088827,-0.176176727804785,0.3045995717465574
ACH-000303,Esophagus/Stomach,0.3190543376847826,-0.2347216931915255,-3.1822776505902555,-2.257630359893028,-2.2414389175009304,0.0540732071051585,0.2094545533663219
ACH-000304,Skin,0.0289203591467793,-0.663631422864087,-2.1028477844940747,-2.6731744420663754,-2.83278976418946,-0.1683424528660811,1.2805873122053235
ACH-000305,Esophagus/Stomach,-0.0462862515720765,-0.4823142916219371,-2.988012421362952,-1.866755109364127,-2.31426259799651,-0.0553809432491378,0.1532103825344044
ACH-000307,Pancreas,0.3690360614721034,-1.520660251946972,-2.69233856507264,-1.7364639643941313,-2.450271790467609,0.100392387427171,0.1328877524509644
ACH-000308,Ovary/Fallopian Tube,0.1884143335988469,0.0188321576296148,-3.2710224957135443,-3.1167371451724195,-2.3823492299616524,-0.0400589055252285,0.2551174444924453
ACH-000310,Peripheral Nervous System,0.0152097528170019,-0.8062153057183741,-2.4193935299902387,-2.4113075042079632,-2.7255811529354577,-0.2650532470931671,0.6248061988725045
ACH-000311,Lung,0.2533260606616629,-0.9912645730201736,-1.862330893669934,-2.3755761118234973,-3.290802146955241,-0.1656498048077348,1.163469241492943
ACH-000312,Peripheral Nervous System,-0.1030403267742395,-1.0356858133993452,-2.541580565500363,-2.4767810231286225,-2.381897475447873,-0.4595345609242736,0.1131311387581648
ACH-000313,Kidney,0.0470752682488103,-0.158316881377948,-2.0502279103692604,-2.3863818553229814,-2.703982348676188,0.0707656058048396,0.3490155854948592
ACH-000315,Lymphoid,0.0921885431414193,-0.1355137660832461,-2.775563051070236,-2.3895557349331757,-2.516534978975276,-0.0750298749157953,-0.0847805574011136
ACH-000316,Liver,0.2447975334785406,-0.1840318538559521,-2.6341113846162645,-1.7931575867396137,-2.6810882945592347,-0.1628336612917073,0.226125751042819
ACH-000317,Kidney,0.3969556505965192,-0.3395886103654978,-2.5283132400407475,-2.079634066904015,-2.648446725345957,-0.0485465293811879,0.7596459006293736
ACH-000318,Esophagus/Stomach,0.2698334404368594,-0.5667490603687629,-2.722388833696943,-1.9031457187331575,-2.22560033561129,-0.167017744009156,0.0330354086828175
ACH-000319,Pleura,-0.0160657257922473,-0.4412435019928356,-3.005428162498428,-2.314905865613054,-2.686122058872514,-0.0773881602619104,0.1817163898379286
ACH-000320,Pancreas,0.210574840614532,-1.7595726842798325,-2.974223021079735,-1.5800331104478684,-2.908834465442693,0.0229027389897992,0.0666085642964833
ACH-000322,Skin,0.2235780181788441,-0.049015452948499,-2.081650453351456,-2.4357603165112187,-2.5331116331548187,-0.2204994945066105,0.4298797068005876
ACH-000323,CNS/Brain,0.2310314723478855,-0.385518988354715,-3.217313198529496,-2.0284226499397517,-2.6375652147197552,0.1924081946292759,0.0270502699242234
ACH-000324,Ovary/Fallopian Tube,0.2248963589007646,-0.2498410444230678,-3.2180416310294837,-2.2280262663685195,-2.79986856993718,-0.0649224636008218,0.7966224598934831
ACH-000325,Esophagus/Stomach,0.0052834912927632,-1.3182719483434664,-2.306557264248412,-2.498555884074466,-2.142589778924724,-0.1693324825590825,0.169507556322114
ACH-000326,Myeloid,0.2975567618155367,-0.5217703695064734,-2.0045235771568377,-2.2182072758311464,-2.1674194294786595,-0.2432029605354609,0.0254787311832663
ACH-000329,CNS/Brain,0.0649299949423881,-0.3009217104821021,-2.9278682737924653,-2.741367694801577,-2.784939925667482,-0.1914377368660909,0.6175709165074914
ACH-000330,Breast,0.4041860357996004,-0.3034468781181456,-3.032053153775624,-1.4011027842668118,-2.4808917941348514,-0.0336027311196654,0.2013360158484747
ACH-000331,Pleura,0.2136131459451952,-0.3507017963757307,-2.589209840632781,-2.343904357646846,-2.508027539402421,-0.2465999622168735,0.1868463174523361
ACH-000332,Pancreas,0.30809209909605,-1.75801560266707,-2.8639380389658964,-2.490207487597367,-2.4096905563307502,-0.1023356742320883,0.2245238041245089
ACH-000334,Lymphoid,-0.0348412788111396,-0.6965669385470026,-3.0282216964148803,-2.5088018893607957,-2.2446684390152623,-0.1826378731755434,0.2412335762948462
ACH-000335,Pleura,0.0161772973474191,-0.2935290048931841,-2.703661065408849,-2.281766473054005,-2.183718371314433,-0.1165852384537912,1.020232033692598
ACH-000336,Myeloid,0.0525599706541986,-0.5483641299065719,-1.8877734177673573,-1.85523265793628,-2.8659092253871274,-0.0969076199761107,0.2222490260878602
ACH-000337,Lung,0.2697568927933977,-0.7035906955596135,-2.950647162670129,-2.3257497696233385,-2.1564807707157465,-0.1594862799552163,0.1169154771771036
ACH-000338,Lymphoid,0.2830201767179932,-0.5424386614977362,-2.8553566393534253,-1.892401167355913,-2.508220295109716,-0.2593269730974988,0.3235302503719927
ACH-000339,Lung,0.0864070035569045,-2.3736960014457686,-2.6591175473484823,-2.147854474344414,-2.4139210624927445,-0.0432664689040447,0.2027816224999187
ACH-000341,Peripheral Nervous System,0.0190308482911657,-0.2359064987596981,-3.8138065231631098,-2.288306758505858,-2.684583384969724,-0.8703295667604127,0.2025090215320525
ACH-000343,Lung,0.1137606597986445,-0.3867657919255489,-3.5533255031541677,-2.172647553203367,-2.305715226743016,0.0282729470229151,-0.0084467951028808
ACH-000344,Esophagus/Stomach,0.133380004320486,-0.7568568492919221,-2.5517713207305928,-2.033243547015659,-2.134665668044099,-0.0338140879281978,0.0996584607365411
ACH-000345,Peripheral Nervous System,0.1149783496044474,-0.3973299243847234,-1.7080884973494377,-2.599789120229912,-2.461858374483216,-0.2087593130066156,0.6085519049977126
ACH-000346,Lymphoid,0.3280663651378805,-0.1697975265505261,-2.913448559984039,-2.362280556219137,-2.3407317039873394,0.1306015313762103,0.2496675851078375
ACH-000348,Skin,0.1838894654552368,-0.3404425478637884,-2.75080974115176,-2.899987486725004,-2.4581984608740703,-0.1448776452398854,0.2179023636453339
ACH-000350,Bowel,0.4428886453999026,-1.877626398667955,-2.8778092504959,-2.5536615928824262,-2.518729000139484,0.3568762523282247,0.5497833001123862
ACH-000352,Breast,0.0739133053402855,-0.3511035690165409,-2.351996074310121,-2.145011504609648,-2.4664087475591367,-0.0262825808948544,0.1682823565786628
ACH-000354,Pancreas,0.1684669866759628,-1.8906159488032583,-2.719091159447789,-1.5919799014244125,-1.798248883082004,0.2133981725950821,0.2217340037791442
ACH-000355,Lung,-0.0369313218578261,-0.101671179738138,-2.4200282598634213,-2.0989021665541494,-2.1876945432867227,-0.0910171559665829,0.1590359770329292
ACH-000356,Esophagus/Stomach,0.0318118062354742,-0.8870666885266096,-2.5962204386026064,-2.2330366729918496,-2.1152033677539857,0.3718924448810294,0.4005528077361939
ACH-000359,Bone,0.3037253757580009,-0.4234319930122437,-2.906232277646111,-2.6597121555964134,-2.2871008678719704,0.0542662378876992,0.1179300081337622
ACH-000361,Liver,0.3695293558988174,-0.5270992507440879,-3.000455432687435,-2.297853464355138,-2.505150739094013,-0.2957299696134605,1.1649489463895148
ACH-000362,Myeloid,0.264791698962933,-0.5397330122685472,-2.690819059115971,-2.159322783887439,-2.334314838141013,-0.1170607492443056,0.6440313258271683
ACH-000363,Lymphoid,0.1647848906452153,-0.2399916241637353,-3.094488999347476,-2.545347923900522,-2.7027946665355502,-0.038476702332128,0.244893610964257
ACH-000364,Bone,-0.0057846378756715,-0.1120266382407698,-3.171465314618485,-1.5765827346206829,-2.555878220448109,-0.1713826573438622,0.5933217942197567
ACH-000365,Lymphoid,0.2390775534031092,-0.2334364265388425,-3.126712365499895,-1.5544916281312282,-2.5349109911621475,-0.1211423075156312,0.2284829302832905
ACH-000366,Peripheral Nervous System,0.2292346872006226,-0.3162377545349967,-3.062581136552071,-2.2197300146883143,-2.5372555482723267,-0.0702689527676964,0.1624556033070104
ACH-000367,Pleura,0.0755377857675335,-0.2618382297468178,-2.922144729442896,-2.80974887132036,-2.503690875710416,-0.3658358200879243,1.3910768852324893
ACH-000368,CNS/Brain,-0.0260209639009747,-0.2859960048512673,-1.77500051056772,-1.967704873123254,-2.5262921212814837,-0.2171911847813892,0.303731275907874
ACH-000370,CNS/Brain,0.0314686696022492,-1.0896245038460766,-2.212940823625281,-2.5675969430178034,-1.35037632755396,-0.032409555011285,0.295698919849989
ACH-000371,Lymphoid,0.2119550196218519,-0.0472540996881815,-2.572528676057509,-1.870544540020207,-2.163258169993003,0.085428712131742,0.4432402573694393
ACH-000373,Myeloid,0.0747725219762936,-1.201909780132261,-2.3587904522119123,-2.472205362076877,-2.279054022901142,-0.1852328552529442,0.2043825637773711
ACH-000374,Breast,0.4550701447041235,-0.264551616396795,-2.3352491751142948,-1.77158161068653,-2.035087401470045,-0.1426355999819291,-0.6610961203472727
ACH-000375,Kidney,0.2120051884534531,-0.2272992986490395,-1.931249826123414,-1.9194920951811063,-2.778471261526,-0.1005975675885596,1.8660673636571887
ACH-000376,CNS/Brain,0.0769454943531217,-0.5416695244197318,-2.14007894592537,-2.3075211701641085,-2.7145168757609057,-0.0981069861831034,0.1571288306520411
ACH-000377,Ampulla of Vater,0.2352951691952028,-0.5941966113980252,-2.873241812103064,-1.5721829445049054,-2.391290036988421,0.2423442700213391,0.1696289778845214
ACH-000378,Lung,0.2308411078776876,-0.3370302964214025,-2.590832651195327,-2.387282482193729,-2.205338584498944,-0.173707155636837,0.142629639939388
ACH-000381,Bowel,0.0179387098850619,-1.2927522613869202,-1.957706407872474,-2.409947074835449,-2.3843331551082083,-0.5519250794226742,0.0159247688181366
ACH-000383,Esophagus/Stomach,0.0546718565037578,-0.4827703660693213,-2.9933180670424813,-2.783828005157058,-2.3737074795515443,-0.1566585833640583,0.1560699035163469
ACH-000385,Kidney,0.2399012896137393,-0.6673493684518838,-3.077480112407428,-2.250595707850028,-2.515004329235208,0.1023473776835626,0.3836958538072706
ACH-000387,Myeloid,-0.0364102467443152,-1.0647011603136989,-3.335253603190941,-2.4460579014437487,-2.444187241223785,-0.1311815980845459,0.0815565826802504
ACH-000389,CNS/Brain,0.1715691788848751,-0.4532939471962775,-2.6311533525187003,-2.258234477968563,-2.671776087795232,-0.073652295484715,1.449688988084936
ACH-000390,Lung,0.3518309244006724,-0.4332712451123566,-3.045830859492731,-2.130463194983597,-1.9099743780024083,-0.1604234751737458,0.2913018957315757
ACH-000391,Bone,0.2165762630757878,-0.3995552644684323,-2.6313494817986127,-2.213286367318552,-2.3993430446832478,-0.2114961418564692,0.2227185233610291
ACH-000393,Liver,0.1841019481086967,-0.4008688211948564,-2.9917534106027825,-2.24862815510687,-2.456753429877296,-0.1778724296208159,0.1571991316788763
ACH-000395,Lung,0.0852227711406908,-0.7966950382595883,-3.439909219632995,-2.863681938291632,-2.83792379319082,-0.0539086561719027,0.1128976660674954
ACH-000396,Bladder/Urinary Tract,-0.3569940296827255,-0.533526239903434,-2.6084995541659275,-2.5244293254441303,-2.3662388497997866,-0.1202141687554067,-0.0294523763499184
ACH-000397,Uterus,-0.0085606812930063,-0.4704320483390842,-2.4644387099861067,-2.3109817119910074,-2.210199596056984,-0.0902981771912053,0.273407883277003
ACH-000398,Lymphoid,0.1825157549442318,-0.3940899386072664,-2.387474372266078,-2.133789916877314,-2.0492211036844368,-0.3338180445042256,0.1345740000270785
ACH-000401,Skin,0.0231444289475787,-0.4693672721189229,-2.428695237778664,-1.3541091748537926,-2.2251349271717853,-0.0112044036737315,-0.064350685518197
ACH-000402,Lymphoid,-0.003053437195413,-0.6420149736889804,-2.7008463934746056,-2.413741902250424,-2.035731799717454,-0.0060789610296921,-0.2077057417368829
ACH-000403,Bowel,0.2128930070954272,-1.7711523937929898,-2.8543260752249906,-2.6856475544812106,-2.366565423162673,-0.3141834241518294,0.2114965454556229
ACH-000404,Skin,0.2111229014957377,-0.0712119757906639,-2.704287153087476,-2.761083979721846,-2.4617683371725594,-0.1305091708673603,1.0222620573870076
ACH-000405,Lymphoid,0.265963163562563,-0.2265416763138768,-3.191905010406123,-1.705090302075423,-1.999600960494754,-0.1736627139699529,0.1072009159641625
ACH-000406,Myeloid,0.0085569197792894,-0.2785728521332591,-2.790310280665692,-2.172287844211718,-2.380297490659212,-0.1184231388056687,0.005391524198185
ACH-000407,Uterus,-0.0982771191416708,-1.0215423447860823,-2.273955614106156,-2.0345319686646977,-3.0212060058562447,-0.1350292243963,0.190597517869949
ACH-000408,Esophagus/Stomach,0.3414998914280936,-0.25081448255363,-2.786923472947604,-2.3197413800802877,-2.597247640910116,0.0269847917619641,0.069500031853722
ACH-000410,Bone,0.0703708964714249,-0.3352132231184195,-2.674598035141668,-1.7667110828521504,-2.5789465995039667,-0.2452926540321537,0.2378242354309165
ACH-000411,Kidney,0.324521514702039,-0.1319645249477456,-2.652369384331294,-2.1118799595112336,-3.000332805016571,-0.3038713503626119,1.4153843469350749
ACH-000414,Lung,0.2424657814330778,-0.8884772763131197,-2.3609397478291614,-2.1128886030846865,-3.5980119998675493,-0.2241202163565599,1.193043544667158
ACH-000415,Head and Neck,0.1996959414493102,-0.5442370773578471,-3.0530486658061804,-1.7763867697916569,-2.21232188069892,-0.0744093264674404,-0.2165986817772779
ACH-000416,Lung,0.1510146213842288,-0.7530836869217893,-3.269579750806682,-2.2637965603224,-2.8315345852761102,-0.1044761736448088,0.2291289309966294
ACH-000417,Pancreas,0.3012330209611955,-3.482115728340702,-3.005909087014018,-3.051208726324976,-2.2391472752260078,0.0296711845316303,0.0754351987620386
ACH-000420,Liver,0.1755560791174161,-0.2817523919796214,-2.5830444308327736,-2.3705058994637547,-2.6810428949319838,-0.1282728632922622,0.4357376053815164
ACH-000421,Bowel,0.2086501075134424,-2.5431032974078542,-3.114440524287437,-1.8481822925638296,-2.432847395412928,-0.2160279420354465,0.1252911982735353
ACH-000422,Liver,0.2869228524903625,-0.3691853422981572,-3.2414865634829475,-1.7898995905304165,-2.810637087083,0.3470779088853635,0.0277529012854558
ACH-000424,Bone,0.0777918428621478,-0.2487555849623978,-2.455099929757793,-1.9489057022938432,-2.3924378316626265,-0.3428023445150298,0.1933460080346611
ACH-000425,Skin,0.084593173933356,-0.1851616596979823,-2.7746626832910373,-1.947127793147184,-2.9758994162618206,-0.0328928959961712,1.903350470265088
ACH-000426,Lymphoid,0.2378753819884592,-1.1393406405213065,-3.2676704859541488,-2.3809488826907472,-3.127623303135341,0.0254197803586827,-0.1211806145995286
ACH-000427,Esophagus/Stomach,0.1267360220856897,-0.4603506990154064,-2.823882005228565,-2.8792672819205087,-2.046691457684325,0.0337869929960123,0.0047861303377466
ACH-000430,Ovary/Fallopian Tube,0.2462749937000728,0.1498688468859053,-2.7454581430059557,-2.0213158268075464,-2.0340019215987333,-0.4916014600413868,0.2090319224802677
ACH-000431,Lung,0.0391717030153482,-0.2810010464551924,-2.813913045486982,-2.1260835348087426,-2.043439281978896,0.0059435467711655,0.1932284132607916
ACH-000433,Kidney,0.2957081749557469,-0.2152778883644526,-2.832351061393035,-2.1228235191552307,-2.555502080635983,0.0853946597142583,1.0341533032928072
ACH-000434,Lung,0.1519262593661267,-0.3254953300328091,-2.672338256835354,-2.700179502521063,-2.113394962000494,-0.0445601094321594,0.0418468423912902
ACH-000435,Uterus,0.4513834943785666,-0.6693125253915903,-2.6400719898462777,-2.622664922794849,-2.100523916931883,-0.2678595363874102,0.0763504145085898
ACH-000436,Lymphoid,0.5280991997746542,-0.3255583138957,-2.3437995503654205,-2.242204221309557,-2.6145428687723307,-0.0516210347573561,0.6983958928122143
ACH-000437,CNS/Brain,0.1811022618078279,-0.3337242368651832,-2.342454604106834,-2.7597570492717347,-2.570402487844168,-0.1480710581809268,0.1076845357717026
ACH-000438,Lung,0.0611956244110558,-1.7079954793585816,-3.204803860494122,-2.066847212942942,-2.2845785193082304,-0.2881375097194623,0.2017896647032821
ACH-000441,Skin,0.2622853942604169,-0.3404330786687599,-2.459288304811396,-1.58714588930921,-2.893423656788415,-0.4068649116499638,0.7037095248127211
ACH-000442,Lung,0.0202757631640614,-0.6618880920514326,-2.4197238057219987,-2.684666738216408,-3.0933583797544286,-0.0829634703416395,0.23213462259164
ACH-000444,Lung,0.3283777417844247,-1.5139109920582614,-2.1673707849241914,-2.5448269338841434,-2.686806287152401,-0.2332464731480622,0.3051735166577334
ACH-000445,CNS/Brain,0.2724752988800829,-0.3773539831004414,-2.2214416059706936,-2.50211320937254,-2.873642696471337,-0.2377542860322265,0.0165887616336235
ACH-000446,Peripheral Nervous System,0.3364902577248219,-0.741180992863114,-3.008001087850179,-1.9156824589479904,-2.394749133696926,0.0641160398565988,1.9526390263606077
ACH-000448,Lung,0.259377537812353,-0.2534006653413961,-2.6315160619129445,-2.703443742386654,-2.3648390424880046,-0.0456123902941892,1.0320260569641428
ACH-000450,Skin,-0.1634811451414916,-0.6276478457544283,-2.3623311922865877,-2.161951766005357,-2.8531371139304817,-0.0930428592928485,1.0466658859454736
ACH-000452,Esophagus/Stomach,0.1997128752116463,-0.5472469426951535,-3.4988104698841886,-2.147969498291096,-2.47752572003339,0.1557687641362715,0.0576769104907644
ACH-000454,Lung,0.431764710507645,-0.4024566531704767,-3.4022026699007566,-1.6149129027207745,-2.127887338883056,0.0049946584016879,-0.0064298240150746
ACH-000455,CNS/Brain,0.2494785352088974,-0.1531486283171251,-2.457105215652266,-2.2976092957487326,-2.1266658791371595,-0.2057037168247992,0.2812990723111089
ACH-000456,Thyroid,0.131610904971739,-0.0681324153917234,-3.320641524379586,-2.2682386143541358,-2.424029891324724,-0.2476806563074428,0.1620534689771497
ACH-000458,Skin,0.1252026355838209,-0.1040086749162397,-2.8804280810015164,-2.096291120055596,-2.2847893141680333,-0.1106251373644958,-0.0481812788815536
ACH-000459,Kidney,0.1755331866358106,-0.7479267620878102,-2.8194685373660437,-2.7426921607670294,-2.0850693562451204,0.2797467931645035,0.6287972776506561
ACH-000460,Ovary/Fallopian Tube,0.0730592366549041,-1.7616790149312491,-2.2914517179304474,-2.2275181969912827,-2.328482794512856,0.5904047343974258,0.2198439069649021
ACH-000461,Biliary Tract,0.042804676983984,-0.7700240882984851,-3.0333245273471787,-2.6790893904209625,-2.795712679563845,0.0645976406825409,-0.1094460832492548
ACH-000463,Lung,0.0930202644863861,-1.1855894327085816,-2.927022311603817,-1.9586298459064224,-2.4152774309997223,-0.0865549729354907,0.8189901397134145
ACH-000464,CNS/Brain,0.0411770936700178,-0.8466067823417329,-2.416646112392664,-3.1609369384727035,-2.601604354839247,-0.0059957031860765,-0.0943459623914743
ACH-000466,Esophagus/Stomach,0.0021059141054424,-0.6044856415900492,-2.640801929374834,-2.416431356818618,-1.981373309081769,-0.0953278796446817,-0.0440449227857395
ACH-000467,Bowel,0.3303048038241537,-1.4660784252588823,-2.822738545540391,-2.045976193454354,-2.7078805770941656,-0.5567486882603877,0.0232594325985939
ACH-000468,Pancreas,0.156852278726492,-2.4624586780582787,-3.243745831384186,-2.007249454646766,-2.299326707155866,-0.0030577882619582,0.0302269148313628
ACH-000469,CNS/Brain,0.1884541632596364,-0.3702079373437976,-2.7914519919282115,-1.994053638860694,-2.244776902508713,-0.1779616983174611,0.2463384261068068
ACH-000470,Bowel,0.1073778358815851,-1.499581123508876,-2.4411442771238945,-2.919607556164811,-2.197378903858664,-0.2524368735531819,-0.0867069372033497
ACH-000471,Liver,0.1281860932986083,-0.780499251353077,-2.064313708430829,-2.390568251444777,-2.4342451555676448,0.0991452330112854,0.3372060728920995
ACH-000472,Head and Neck,-0.0505929054310164,-0.3499667398767024,-2.8424792909586585,-2.64282802197106,-2.460725958877592,0.1966705589267848,0.0983079306595329
ACH-000473,Bladder/Urinary Tract,0.3694277323168227,-0.6638139098955164,-2.92132610191614,-2.180517452085021,-2.3053738577429046,-0.0121965207460844,0.4766758278864348
ACH-000475,Liver,0.0170352016826342,-0.1169676324008502,-1.979526751257183,-2.881336206948167,-2.5090410178185194,-0.260626980099369,0.2204274825652594
ACH-000476,Liver,-0.0111022345989254,-0.3924884880812703,-2.5481816541041904,-2.5202871534295497,-2.137074624117067,0.2631320956421127,0.090453983961726
ACH-000477,Skin,0.3690814314337244,-0.6247451871851079,-2.3103200724803723,-2.413748713727666,-2.442154267949671,-0.2841364002142247,0.99173072213901
ACH-000478,Liver,0.1012375004651263,-0.1499282474767957,-2.509408552403988,-2.6634012432363923,-2.2924063213391617,-0.3779069895076312,0.1869702724541904
ACH-000479,CNS/Brain,-0.0067848539508256,-0.4114158123266057,-2.744785002749162,-2.460079841100993,-2.419766276347932,0.0470797442919259,0.6941082768242477
ACH-000480,Liver,0.1487003250428139,-0.2844250224175193,-2.015694451302508,-1.796026582624624,-2.1139191079977104,-0.3785650586769963,0.1714359281591602
ACH-000481,Lung,0.2721150623004735,-0.169797128949623,-3.435975961436232,-2.443756107151644,-2.134939297421393,-0.06374247199589,0.3009530351943875
ACH-000483,Liver,0.2127420122481274,-0.3598366262394112,-3.3164437324867944,-2.417274722729611,-2.354513994187684,0.2125058797050905,-0.0477760169571072
ACH-000484,Kidney,-0.0465869788914797,-0.1694586005869144,-2.649393256057831,-2.6324313935869235,-2.251507303620382,-0.1864087271420958,0.2339705932353261
ACH-000485,Esophagus/Stomach,-0.0190741457507644,-1.477748411588013,-2.6648072551539137,-2.6155035570166625,-2.5424512764889022,-0.0594584819632109,0.916467664847992
ACH-000486,Bladder/Urinary Tract,0.2300497558261656,-0.3228563091571301,-2.86365086365536,-2.1760626057188395,-3.012327614789293,-0.2289746016730574,1.175689474154033
ACH-000487,Myeloid,0.3099054646442293,-0.0381647482736617,-2.979869591317445,-1.805345080751948,-1.906777068425804,-0.094666766831989,0.232231033173935
ACH-000488,Esophagus/Stomach,0.2561187247658306,-0.1353010009028774,-2.490413832186938,-1.7834889779862515,-2.2737335748711818,-0.1193808112676754,0.1274590089655792
ACH-000489,Bowel,0.0834624298889822,-2.504526529280105,-2.782104872649535,-2.30268664779683,-2.354782621143753,-0.0772176571341491,0.3344685999178195
ACH-000490,Cervix,0.0995436378268397,-0.1838023250543033,-3.145656796721771,-2.4013358317214166,-2.338425363622158,0.1904537012637414,0.5067845011632057
ACH-000491,Bowel,0.3970992589656767,-0.9544110229163866,-2.871136464158682,-2.1155471987283656,-2.076809711487418,-0.4024723486320876,-0.0351990402981913
ACH-000493,Liver,0.2522454136033978,-0.3429321788116692,-3.355900636993411,-2.053335872036034,-2.374611650214279,-0.062289662696612,0.2335561091149493
ACH-000495,Kidney,0.1486632424034782,-0.2302002415780903,-2.5521046061148827,-1.9615278201908888,-2.2435090271390905,-0.1165056266145448,2.2400508116830897
ACH-000496,Lung,0.0313411847126382,-1.7592021487258802,-3.2720324205331712,-1.968051784157289,-2.633068975519905,-0.0371074716151096,-0.014954608442282
ACH-000498,Myeloid,-0.1402548171887621,-0.5889526466252453,-2.5940895792244807,-2.472842738256142,-2.1504722391335003,-0.2280926086099832,0.24663607321382
ACH-000499,Bone,0.0963187420853868,-0.6575584855590678,-2.437777236226468,-2.274088416854282,-2.200590398174608,0.0379773289653371,-0.0102365808000259
ACH-000500,Head and Neck,-0.0472194404518897,-0.6750710473676568,-2.4952868400602823,-2.745211643934234,-2.3048230820758047,-0.1288261189983383,0.0082122572954188
ACH-000501,Bowel,0.3325026657280149,-0.9043050634748608,-2.353338771249132,-1.074365053119733,-2.602100983676196,0.1658299061340786,0.0920184440961802
ACH-000502,Pancreas,0.0808556717746767,-1.916103295811173,-2.635914676653649,-2.481403153697484,-2.529925421277967,0.000216510758856,0.1998101091381442
ACH-000503,Head and Neck,0.1801530355618293,-0.64013659340729,-2.548741348088089,-1.9789406948796016,-2.4581456873117773,0.9163865206560332,-0.120176037251841
ACH-000504,CNS/Brain,0.0310345472608486,-0.2188492538342911,-2.812259465050136,-2.941667451275998,-2.6247482123065504,-0.292068082311172,0.0306889885277352
ACH-000505,Soft Tissue,0.0894519863347213,-3.4134604135391937,-3.1929229958642438,-2.8358996492066204,-2.670849625290006,-0.3350492557034535,0.1240860343229129
ACH-000507,Esophagus/Stomach,0.105933459723413,-0.7208623936336186,-3.147881969699699,-2.371986981565744,-2.041198100249521,-0.0841230207485926,0.1553308973958628
ACH-000510,Lung,0.1110154357663405,-0.5053978304029614,-3.6564186172124,-2.1342352730064813,-2.79150388265356,-0.1318430712314828,0.5268607811810497
ACH-000511,Lung,0.0519235477273015,-1.6799543964651802,-2.933592457080376,-1.996821471174825,-2.583098128112857,-0.2231600911432584,0.5446630753101759
ACH-000512,Lymphoid,0.3653808522950736,-0.2464803308777438,-2.86440174451734,-1.7811741731727624,-2.285576972250614,-0.1531941560139597,-0.0275970445757139
ACH-000514,Lung,-0.2104042818749493,-0.271669524790929,-3.2241563479330773,-2.461865364591993,-2.625700954212769,0.0210066992465895,0.1253484779436649
ACH-000515,Lung,0.1248995085643728,-0.7133641656604173,-3.144341356179501,-2.5460754020675296,-2.1712990078508745,0.1028274041707049,-0.0814107374708532
ACH-000516,Bone,0.2014235527881113,-0.167773612344977,-2.631444397835097,-2.6417453673559423,-2.7995281648182617,-0.1306525332869924,0.1639167418589193
ACH-000517,Pancreas,0.0004071917762319,-2.7401790423056385,-2.971577375665843,-2.5772762792990536,-2.281066184120825,-0.0796632607220441,0.2017074295332725
ACH-000518,Head and Neck,0.0762926880613768,-0.3232053952528814,-3.3230682636997217,-2.1745687937068965,-2.2466584139281327,-0.0243956668940953,0.0752301151190965
ACH-000519,Lymphoid,0.1940901443244492,-0.3889573781740425,-2.643832104214102,-2.473848940328771,-2.394772958339812,0.1182325906293508,0.5193694851475967
ACH-000520,Ovary/Fallopian Tube,0.2017416097971497,-0.2531300224198125,-2.775353830266667,-2.3628821263792443,-2.0774832936432235,-0.0113312551428728,0.3822500534852891
ACH-000521,Lung,0.3876353177272535,-1.3940041343284524,-2.7800344487420405,-2.1455748903102965,-2.8375838122830404,0.1690874720955285,0.0728232815199426
ACH-000522,Bladder/Urinary Tract,0.0632006279714281,-1.5483883961790743,-2.5651798444570018,-2.507794141020756,-2.0095835779695914,0.1922672649809365,0.1968283576151401
ACH-000524,Ovary/Fallopian Tube,0.0642352682913789,-1.2157763570685836,-2.810657184239692,-2.306532067319701,-2.703595791512919,-0.0143692510948757,-0.0289421024616907
ACH-000525,Lung,0.1716488586554162,-0.1383914191884559,-2.873023168128897,-2.6015242892260515,-2.664054738124149,0.0508081188401938,0.2705434273644216
ACH-000527,Ovary/Fallopian Tube,0.5026077316510458,-0.2641581773073621,-2.5451628701227227,-2.1380119632258423,-3.408758650590771,-0.0077655580257476,1.1369388202316992
ACH-000528,Lung,-0.0869625155958471,-0.4532985040676104,-2.520355324202896,-2.416884693198463,-2.694418475443047,-0.2047319117173855,0.3034629584115554
ACH-000532,Bowel,0.0247185500992026,-2.7253938600338348,-3.237841142339927,-1.903100985687488,-2.5348515944031766,-0.6434868499849675,0.1440323713574398
ACH-000533,Kidney,0.3442468580618896,-0.3482683942111015,-3.090215066451022,-1.431130380061005,-2.95843247337653,0.0464830690671424,1.249609394681637
ACH-000535,Pancreas,0.264458943658639,-0.3632941185875764,-2.2300520817826843,-1.7846783875521786,-2.1553977908429087,0.1502927159615173,0.2233142070034523
ACH-000537,Liver,0.0998298251202766,-0.4662822914086869,-2.9391668248197145,-2.547004161698894,-2.397842925117857,-0.2252635603149861,0.1195301028010286
ACH-000541,Lymphoid,0.0974695507988727,-0.4173780341874828,-2.681483393925977,-1.9738441911517468,-2.6053490353340623,-0.0332863510824055,-0.0568347965631271
ACH-000542,Ovary/Fallopian Tube,0.3300954149672823,-1.5757783351736765,-1.8834728989171767,-2.1647963906445677,-2.7962422564986724,-0.4562527071268155,1.0470315064286102
ACH-000544,Esophagus/Stomach,0.1888507225815284,-0.3417709961833435,-3.117428226067931,-2.346187767767137,-3.2505151434688786,0.3109275864879959,0.0631053852609789
ACH-000545,Bladder/Urinary Tract,0.2059275282033767,-0.3787319130762435,-3.01929997636268,-2.411288386800209,-2.572450684843657,-0.0028560913503761,0.0293695766850323
ACH-000546,Head and Neck,0.0979671634483767,-0.2229803573183665,-2.4676581020797377,-2.191902898970963,-2.334571218307333,-0.0040148534897747,0.0252169727731355
ACH-000547,Bladder/Urinary Tract,0.0186087903386762,-0.6808956273312643,-2.7909045268341948,-2.308498410395688,-2.343737144149143,0.0472086312713481,0.8320925186865287
ACH-000548,Head and Neck,0.056411721539652,-0.1957718701753267,-2.864365103146007,-2.6316903668174345,-2.529628862766828,-0.0622776181320426,0.1887613363167673
ACH-000549,Head and Neck,0.1260630160533992,-0.1810999843802334,-2.972232557304372,-2.285421171269409,-2.1509833639157656,0.0570183337213899,0.1939224000169815
ACH-000550,Skin,0.0795441778147684,-0.4398313629740835,-2.3095881827138687,-2.1596599136386727,-3.0386152355593614,-0.1792330521485485,0.2942213920473903
ACH-000551,Myeloid,0.2659862009478567,-0.5106012692758712,-3.059734391215924,-2.234339252515582,-2.304481702662208,-0.2451158532963412,0.1623692905125356
ACH-000552,Bowel,0.114865209249488,-0.4086127006651081,-3.739441603448373,-2.248096958928381,-2.291397431887666,0.054829922984849,0.0570938738353482
ACH-000554,Breast,0.1352060563797506,-1.7048999592920542,-3.563786702296126,-2.3531292561340065,-1.975619069628625,-0.2137423726275765,0.010777634790383
ACH-000556,Cervix,0.0327870796305421,-0.4135048267884946,-2.989356436175601,-2.6078330616644463,-2.822339244186693,0.0230224192935237,0.2041527683848495
ACH-000557,Myeloid,0.2137615315696562,-0.1669421830106193,-2.59546137134711,-2.730740283874016,-2.5030246275979247,-0.0626548863680631,0.1966839344777432
ACH-000558,CNS/Brain,0.2837442361569284,-0.2304307281418247,-2.6318666895417877,-2.805772871304402,-2.791683309984457,-0.4662458298882252,0.7053553793204083
ACH-000559,Lung,0.1810282568196486,-0.5644333348149334,-2.6102405403961466,-2.407026958187299,-3.1453463171871148,0.2230461289472242,0.1020481107452361
ACH-000561,Esophagus/Stomach,0.0170684983723397,-0.6996173689302893,-3.339816551870471,-2.620926490256194,-2.495535818454356,-0.2701705094088458,0.2302756377986361
ACH-000562,Lung,0.1074952672579756,-0.5670024348635204,-2.642192630245096,-2.827912729909329,-2.506608366470857,0.0807514384779002,0.1962774884327294
ACH-000563,Lung,0.1898552664812376,-0.5808207783447034,-2.9568811890941467,-1.7190237281779348,-2.230044129523659,-0.1182309043209447,0.0525296984104028
ACH-000565,Bowel,0.0216537579981038,-2.778960730889612,-2.9113769081194314,-1.5928722717762775,-2.0003833999738543,-0.4354944209674616,0.1055952744843951
ACH-000567,Lymphoid,0.1837522358214643,-0.1716618864370135,-2.948471593018537,-2.279644476612398,-2.151050636809491,-0.0048149691298398,0.367802811925416
ACH-000569,Pleura,0.2428071805745972,-0.5830444622584365,-2.781262216261567,-2.292667844521989,-2.462830594781775,0.0968922079413815,1.18251326581532
ACH-000570,CNS/Brain,0.155794773874976,-0.0427116039947822,-2.844721135460688,-2.0327886119889955,-2.7527080118130542,-0.2386295023781643,0.0611738271085017
ACH-000571,CNS/Brain,0.1234812821085342,-0.4714026012402207,-2.3200389442170817,-3.192926170839544,-2.33421337399839,-0.2089073431172458,0.192655202918854
ACH-000573,Breast,0.123097120748843,-0.4056641995176202,-3.3198887890397173,-2.4239345183269503,-2.639210461590353,-0.0618360199081613,-0.0500002617363994
ACH-000576,Lymphoid,0.0460124840095193,-0.286509484258375,-2.648315214397607,-2.3182914348277506,-2.2728597027128528,0.0662223498849468,0.1144452879200905
ACH-000577,Liver,0.3143232955577335,-0.4473822732091009,-3.074996999418665,-2.5264459652683504,-2.56611774773671,-0.2463920807420213,0.2059399697386205
ACH-000579,Skin,0.1899146936205842,-0.2180298121345427,-2.75614495748828,-2.5247442998237863,-2.408927139389857,-0.1058013749063207,0.998425529485722
ACH-000580,Skin,-0.2885694168854757,-0.4836310595873356,-2.3674765290092417,-2.2491238494038104,-2.630109975935125,-0.1537710924938323,1.5101767637674115
ACH-000581,Esophagus/Stomach,0.1878117316504169,-0.4030656972956729,-3.281210623225084,-1.3146249439546966,-1.867348474176648,-0.1634382697411878,0.1065854310436239
ACH-000583,Lymphoid,0.3135157950520536,-0.2513675988633114,-3.2605242608442784,-2.7210390276690832,-1.96993216563643,-0.0112542735679904,0.2610585557670405
ACH-000584,Ovary/Fallopian Tube,0.1476490046503805,-0.1812699950956992,-3.007521325615925,-2.064274817403097,-2.1998336115842685,-0.0110213238204596,0.1508035368398521
ACH-000585,Lung,0.1755172290406666,-0.9763835142529216,-3.0251367479952784,-2.066872631122015,-2.492034059702904,0.2828309988295663,0.1358977983084243
ACH-000587,Lung,-0.0186085902284932,-0.3453524005847176,-2.583378790676313,-2.476839791584477,-2.345232060265969,-0.1894275457730634,0.2399148340707386
ACH-000588,Lymphoid,0.323929388923162,-0.6322234959442598,-2.2698260620354604,-1.6311558896078728,-2.063946219482863,-0.1346942588412408,0.0627989567788035
ACH-000589,Lung,0.1886121551136771,-0.2506630728318719,-2.7715397039933274,-2.212725298145768,-2.3477850278864385,0.0012293480228229,0.1186004222395186
ACH-000591,CNS/Brain,0.2842269219268066,-0.164468331650292,-2.6884798216396963,-1.7663762742488371,-2.4387190919526565,-0.2913689396628519,0.083779769802995
ACH-000592,CNS/Brain,0.2019077040340346,-0.3062978812653176,-2.876885414687027,-2.0711900707076283,-2.3478248890448814,-0.2288329968841228,0.1406421749889099
ACH-000593,Bladder/Urinary Tract,0.1582015199014885,-0.4443142432056293,-2.6173614210017493,-1.8020298546680371,-2.9390360286134807,-0.1358049490587783,0.5313963864090749
ACH-000595,CNS/Brain,0.2211454871535356,-0.4535230830754074,-3.3204521639180262,-2.6015566649984763,-2.9302702796667277,-0.0321559747614521,0.7559834401361287
ACH-000596,Lung,0.4254987137671181,-1.6152718333935392,-3.057366344383939,-1.94858710681594,-2.050904917767074,-0.2655451680382885,-0.0843766590410274
ACH-000597,Soft Tissue,0.0557546079220063,-0.5078555119749714,-2.9245864617076,-2.066597763924221,-2.891060893357256,-0.1722857659523192,0.8899621187507145
ACH-000599,Pancreas,0.0290279546576789,-2.181373519425313,-2.738559453425513,-2.1073082946013417,-2.8373239207498666,-0.225276901146172,0.2164896108370309
ACH-000601,Pancreas,0.2642205742165533,-2.730710859770107,-3.402169613714624,-1.8160371801074389,-2.3594208473133227,-0.2500497726023278,-0.0398090770743261
ACH-000602,Myeloid,-0.2462649013411719,-0.1370466122373468,-2.5931501374510453,-2.0809890647370226,-2.5633567682530347,-0.261441181618687,0.1613656161724523
ACH-000604,Myeloid,0.2909316683578157,-0.4463303767734018,-2.6854483570780188,-2.2733049448809965,-2.002975230039993,-0.2270997320937201,0.0521565238191384
ACH-000605,Esophagus/Stomach,-0.1813467760899666,-0.5336331485628455,-2.7641866917115703,-2.501173961907438,-2.3038738063667608,-0.3509888823987211,-0.2723668756720772
ACH-000606,Head and Neck,0.2228102929498778,-0.2188857550934198,-3.0183366459841494,-2.43413747796725,-2.118382476095312,-0.1319711064646421,0.085121747645037
ACH-000607,Soft Tissue,0.002239100701412,-0.4333330816501429,-2.7230507392284893,-1.6721833485247095,-2.521731870954704,-0.0448565352795065,1.396087165731798
ACH-000608,Ovary/Fallopian Tube,0.1340910513303131,-0.4607614299629692,-3.209134404040624,-2.825563374830212,-2.882234742429973,-0.0087425863511924,0.2118796829301909
ACH-000609,CNS/Brain,0.2889641188448311,-0.3516347554469177,-2.965015157574683,-1.7661531310203655,-2.338731446306811,-0.1692589714053419,0.3475472674808646
ACH-000614,Skin,0.4129338153967946,-0.3452291512598254,-2.2022522587775493,-2.3570222462289627,-2.6339777420882617,-0.1315534203674878,1.946396713652199
ACH-000616,Esophagus/Stomach,0.1483740148916547,-0.6358292237153064,-2.4032422901903345,-2.612328319768596,-2.681282247181486,-0.2551077243318515,0.0506636543097386
ACH-000618,Head and Neck,0.1799759116366995,-0.3475195855130989,-2.887873086593762,-1.7963396095171391,-2.42254251362411,-0.0685412845134899,-0.0233910075454276
ACH-000619,Head and Neck,0.3824041265932263,-0.0546631738278016,-2.394189112360724,-2.3016931733738164,-1.9157707292426425,0.0475498269082445,-0.0487782019715002
ACH-000620,Liver,0.0835250315133504,-0.4489838441023144,-2.23322619799874,-2.513955936892334,-2.923980774233708,-0.4984456277000092,1.0316226567115705
ACH-000621,Breast,0.5238306198939494,-0.237769969486766,-3.3509860151303013,-3.3059642784859458,-2.2915566601304134,0.0731494153577213,0.2648663806063192
ACH-000622,CNS/Brain,0.0699822777023973,-0.3681455403849721,-3.406291772500472,-3.077867887350842,-2.567650639836371,-0.3679223490649584,-0.0911499491223057
ACH-000623,CNS/Brain,0.1972100532938065,-0.1337695028347184,-2.891433897528317,-2.069397191046892,-3.247632686732841,-0.092031862537777,0.0308463224074909
ACH-000624,Breast,0.2141274450183639,-0.3015169509953193,-2.6903103806275297,-2.220978593994603,-2.4718996730520773,-0.0415587091199272,0.1920472319487781
ACH-000627,Lung,-0.0646926603934545,-0.4148048437831587,-2.754912907379921,-2.3151236414840866,-3.005890513516888,-0.1049197496182322,0.1848802369464987
ACH-000630,Head and Neck,0.1716678033012675,-0.1257491893089333,-2.530163502734565,-1.8141644799659864,-2.369872382834876,-0.0963237024896884,-0.1158675650950133
ACH-000631,CNS/Brain,0.1074891013432603,-0.1188241950326441,-2.506785824639448,-2.5062406413069223,-2.2336346163354293,0.1060591943089091,1.924704268571752
ACH-000632,Skin,0.1427288577372534,-0.2491132345732911,-2.0739387718342828,-2.4206323507541403,-2.1275174171626867,-0.170104014960084,0.5745587022282498
ACH-000633,Esophagus/Stomach,0.1984441403332573,-0.169297606607056,-2.8784390846653505,-2.351542723120064,-2.8037785645368096,-0.2222301784022654,0.2796682910034294
ACH-000634,CNS/Brain,-0.0018435488022179,-0.3557261766361567,-2.614980398276173,-1.9424941618162332,-2.274026095117192,-0.3352255377109826,0.3677915031598746
ACH-000637,Esophagus/Stomach,0.1774457134705755,-0.3219165286265241,-2.339668199257785,-1.9721098276622,-2.3667541148466467,-0.1698445297390558,0.2235893944130398
ACH-000638,Lung,0.1507806333095279,-1.0915352322284382,-2.482232402452296,-2.115773928025231,-2.194118150521612,0.0420823881894884,0.1098768926670659
ACH-000639,Lung,0.1742915199726772,-0.3157333360258303,-3.4562082837870087,-2.341135446460694,-2.55816399286283,-0.3281348891152226,0.2115580541824705
ACH-000645,Pleura,0.2367880187079841,-0.2915244265363829,-2.963368826197168,-2.571753019476598,-2.625922036144223,-0.2222382524431887,1.6464857962007635
ACH-000646,Ovary/Fallopian Tube,0.2294587499082487,-0.3820790780787015,-2.2060221369174604,-2.295549374162765,-3.0560562659443677,-0.1930461338166416,1.2166575707710012
ACH-000647,Esophagus/Stomach,-0.0357929733262119,-0.2691975577255147,-2.705911428763231,-2.474028265981743,-2.5462813761760685,-0.0473805049929502,0.1635170546261785
ACH-000648,Pleura,0.2008634849666786,-0.346229504266845,-2.361176568384081,-1.918486361288108,-2.9625893209327456,0.0541007245142914,0.5992123944738147
ACH-000649,Kidney,0.2475841978256829,-0.0868300499136465,-2.7217774492735853,-1.9504254317412333,-2.835091753651559,-0.1390753398771576,0.691551324385214
ACH-000651,Bowel,0.2200815528975989,-2.502980488448737,-2.169447173637354,-1.65926182391472,-2.481047221636043,0.0006736951875626,0.0699517446274445
ACH-000652,Pancreas,0.1501410530852814,-2.542293163751104,-2.903486787009592,-2.2670615551672286,-2.184190076683255,0.1917895790730357,0.0771997497566294
ACH-000653,Lymphoid,0.1932325675684857,-0.1620966532601899,-3.072484719013467,-2.1934702336149816,-2.379527012060582,-0.1190575392778085,0.1969390762807899
ACH-000654,Lymphoid,0.1769464299170983,-0.327928984467653,-3.000526008698192,-1.9798737026740207,-2.144499144643596,-0.2881179463091642,0.3101757674766218
ACH-000655,CNS/Brain,0.2851758434213952,-0.23975513548947,-2.973526323968948,-2.460428472266869,-2.3261523497225887,-0.2266830644600859,-0.104459287607958
ACH-000656,Lymphoid,0.0792984351350456,0.1227818000472615,-1.8097749301944328,-1.3954065664277988,-1.8237262916080133,-0.0896602068124507,0.1685231330080566
ACH-000657,Ovary/Fallopian Tube,0.2001054343510729,-0.2457842700528126,-2.7492685422738674,-1.827349962034288,-2.6546102682628145,-0.0068668868068996,0.7275753186645728
ACH-000660,Lymphoid,0.3420596585814381,-0.3873798681914511,-3.095148983361638,-2.157536233332473,-1.540603032560294,0.1822641595635382,0.4040639803234835
ACH-000661,Skin,0.0584920558585046,-0.4286097624548389,-3.2124644637608726,-2.0132938764759043,-2.5153065338268417,-0.2228339313101796,0.760063137401711
ACH-000662,Lung,0.009368035408593,-1.0726825657550212,-2.694264233089663,-2.3367775871506287,-2.149843619151085,-0.0323097404903236,0.3586046226244415
ACH-000663,Ovary/Fallopian Tube,0.4787012250035727,-0.4350975330569927,-2.2045778149212603,-2.0239953123162917,-2.377050712309879,-0.1442136017124186,1.6244842286318846
ACH-000664,Lymphoid,0.1645960614984025,-0.254154372525853,-2.8739701925869943,-2.261586383450727,-2.274310478063252,-0.2030097538240401,0.3688693886997412
ACH-000665,Lung,0.1430530582901334,-0.2326907692171618,-3.1397647052132176,-2.15605710476045,-2.5381208079428705,-0.0594981487238282,0.1214083873903373
ACH-000666,Lung,0.2682287507320472,-0.5053947496844926,-2.6670141416796778,-2.100510540869033,-2.6884577659200795,0.0916007713918406,0.0774792517484134
ACH-000667,Lung,0.2073211811253944,-1.6076487659962566,-3.3767159703162903,-2.234900686486012,-2.209768110639093,-0.0523889012898165,0.2174672598592322
ACH-000668,Breast,0.0984482436410075,0.1096769289373856,-1.5237022523639383,-1.4365381705888771,-2.9965473430707625,-0.1655550730535521,-0.2916160447761499
ACH-000671,Liver,-0.0136323975145737,-0.329386961656619,-3.200913068743885,-1.5877354437896931,-2.76115606833526,-0.5356417671730935,8.928616025399849e-05
ACH-000672,Lung,0.200067730585936,-0.833445039936865,-2.5662987733649216,-2.5099812544359468,-2.4058163525892726,-0.3157413304026794,0.0248222175399868
ACH-000673,CNS/Brain,0.2030224760738036,-0.143260458506146,-2.922668130961976,-2.3307034318745417,-2.618832915298061,-0.1860970887925371,0.2359617495623693
ACH-000676,CNS/Brain,0.1769342337973382,-0.1167461326535088,-2.2560829113780887,-1.861641259837969,-2.8763570765159616,-0.1850501573373403,-0.0030274589278247
ACH-000677,Lung,0.233873978017706,-1.1334119285729751,-2.1879665861484834,-2.61909290520292,-3.4468019533289684,0.160258506837637,0.907671372231506
ACH-000681,Lung,0.4811371827940188,-1.166066955056969,-2.1577495866760525,-1.726413219424947,-2.556261015342651,-0.1565814446486642,1.3413505630048064
ACH-000682,Head and Neck,0.028092250824911,-0.1630902875436151,-2.7055318594800792,-1.6792073964420822,-2.610003766652794,0.04165298026143,-0.0036373326113098
ACH-000683,Bowel,-0.0208085674509399,-0.3468270674404062,-3.384650249609355,-2.455920950693592,-2.514486832498826,-0.0348284838953757,0.1691677069278639
ACH-000684,Kidney,0.6869387997248888,-0.2519990948551264,-2.286215333291005,-1.7947429406911972,-2.5458842216771864,-0.1135189422415459,2.4496953568110227
ACH-000685,Pancreas,0.2327412250776279,-0.464197028533087,-3.0627317201766315,-2.206285764125341,-2.602230297168031,-0.1432733243629928,-0.1854220832655246
ACH-000688,Ovary/Fallopian Tube,0.5313538478539442,-2.0905060297304066,-2.8949522662228997,-2.872826532131592,-2.637887175194432,-0.0108528737810312,0.2510525295083278
ACH-000693,Esophagus/Stomach,0.1891875163847235,-0.2165224558364503,-2.796298252438898,-2.1120277232082016,-2.5447768838227365,-0.2906867389922979,0.2353967850546987
ACH-000694,Esophagus/Stomach,0.2083120208239972,-0.3761614619836052,-3.265005607480792,-1.8403714371214,-2.263110152146877,0.0428793211382503,-0.079394478769285
ACH-000695,Lung,0.0912539357371013,-0.4549108156483958,-2.6138638473336497,-2.455045450438986,-2.1887547055249006,-0.0134157854715118,0.0148058369024003
ACH-000696,Ovary/Fallopian Tube,0.2902237025949025,-0.218086250612159,-3.424693256449538,-2.557862068001277,-2.76531185108768,-0.1133623857500895,0.2214631970708265
ACH-000697,Lymphoid,0.2578923557202605,-0.4255362012880821,-2.842750220292109,-2.684654452826991,-2.4795701364606573,-0.0932161359233463,0.2377471683868983
ACH-000698,Lung,0.1503622163082775,-0.8267223652553853,-2.336742420938698,-2.112446778654436,-2.279324762007108,-0.100041460827952,0.2708021909520499
ACH-000699,Breast,0.3316345625841314,-0.3404387133251039,-4.047127766973235,-2.6881812400224465,-2.387323001020483,-0.2827840472748238,0.0650432089755223
ACH-000700,Lung,0.1256840361978072,-0.8614237937040488,-2.354572490835578,-2.4792394631134225,-2.360115334528861,-0.3979574078664134,0.1807985880575412
ACH-000701,Ovary/Fallopian Tube,0.3147240604262114,-0.3614900101149226,-3.074787218119176,-2.3647731192510437,-2.5110412288898485,0.2059957746245515,0.5233760871401838
ACH-000702,Lymphoid,0.124619523600016,-0.0629556318173745,-2.818058249296869,-2.643837365831932,-2.5844667098002163,-0.1262458985730454,0.1593014082382415
ACH-000704,Ovary/Fallopian Tube,0.1881018468628635,-0.0765498141657813,-2.5048554804792778,-2.7022288560119185,-2.627120817183175,-0.3839303101002583,1.0711587100984097
ACH-000706,Lung,0.105856605295203,-0.397586686662893,-3.0795000348799526,-2.0606737376357445,-2.8791029553152025,0.0716392786822127,0.1115578691596531
ACH-000709,Kidney,0.2803013247398013,-0.233400909960965,-3.001135997836722,-2.5110965053153333,-2.477526572795353,-0.165797888836276,0.2246632040643333
ACH-000711,Breast,0.0820509845590496,-0.2945020460611572,-2.1920902807189786,-2.576054255638023,-2.308371119482076,-0.0288928542446656,0.2647763059003497
ACH-000713,Ovary/Fallopian Tube,0.3073715424845377,-0.0598893281036988,-1.8121641667266064,-2.059341596453568,-2.446969913590398,-0.0557909118265237,0.0581548417391593
ACH-000714,Lymphoid,0.0163811774442511,-0.2099126042474253,-3.1098303317901466,-2.2210759439320618,-2.171929708571217,-0.2730813364640466,0.3795562600546931
ACH-000716,Thyroid,0.1043671628647419,-0.2663841055006237,-3.0114400664638667,-2.015718445617133,-2.014907444749611,-0.2580586258112535,0.235524397573353
ACH-000717,Esophagus/Stomach,0.3195688708385952,-0.3186836606073558,-2.843902021149783,-3.102845065025727,-2.110719091965708,0.0484877962030253,0.0938982940440487
ACH-000718,Lung,0.345685654934653,-2.504043017992843,-3.251473415751259,-2.318239195198488,-2.4011455080344937,-0.1506226854119266,0.1917596374048648
ACH-000719,Ovary/Fallopian Tube,0.0293995153071474,-0.1120642567485962,-2.9944964020775853,-2.520139109772371,-2.846974176574304,-0.1077066643175062,0.5963818837012642
ACH-000720,Bladder/Urinary Tract,0.1283065631012637,-0.2599705562870067,-2.44389254107814,-2.518325171397038,-2.174790402032128,0.0042739605454249,0.2359685756082677
ACH-000721,Breast,0.1974949035727532,-2.2102282381273035,-2.3173282279819167,-2.569455726567802,-2.5248358510746827,-0.0123129005163932,0.3469469714406213
ACH-000722,Bowel,0.0275824982321618,0.0984487988833201,-3.361767997259268,-1.8079256728452355,-2.659040053969575,-0.5538235279708116,0.117602636249815
ACH-000724,Bladder/Urinary Tract,-0.1832022031240448,-0.4621796264752228,-3.000892956238888,-2.041299191211418,-2.1767331452481327,-0.1514898234475631,0.342335248933949
ACH-000725,Breast,0.0734874519267349,-0.544441528446401,-3.392140285901318,-2.9974639681714703,-2.5766409617078336,0.1356492743207812,0.0988112249635599
ACH-000732,Head and Neck,0.096328301383616,-0.3671418893266791,-3.055283095294484,-2.0072983392945067,-1.8493275950983508,-0.0615752443733252,0.0637409222928905
ACH-000734,Liver,-0.0421966624808833,-0.4248123921620667,-2.642896881573826,-1.9014306445602676,-2.6784284400145077,-0.1600927173229095,0.2368176508973583
ACH-000735,Head and Neck,0.0602386563628978,-0.0172989719130403,-2.609705483276612,-2.300236647236937,-2.3751523957581613,0.134550565386833,0.2980142508525228
ACH-000736,Esophagus/Stomach,0.1939401848689787,-1.6994268502661167,-2.9981952562181355,-2.69623087550911,-2.1597756680030105,0.0987768783286483,0.0387948462207383
ACH-000738,CNS/Brain,0.2871226395789227,-0.3098383178056415,-2.787083006225339,-2.190196850931931,-2.5615100003396187,-0.1801489047024066,0.1008784108100541
ACH-000739,Liver,0.0468601644702479,-0.4489659797785825,-1.9253499080837904,-1.9306146527355657,-2.8857928521105203,-0.3155832854056856,0.971690097906718
ACH-000740,Head and Neck,0.0894506288762493,-0.3797247405408768,-2.801894903438975,-2.1944876175011774,-2.2601493267548025,-0.1886231146299586,-0.0042422819728747
ACH-000741,Bladder/Urinary Tract,0.1230007531978727,-1.0177952015186904,-2.3795797559476832,-2.2430047883115973,-2.4772355801858734,-0.1014810334761137,0.3230668911463545
ACH-000746,Esophagus/Stomach,0.2757257278071267,-0.2868667467804238,-3.182295809896168,-2.202588534798617,-2.770784971450538,0.1423437629146804,0.1729468915033924
ACH-000747,Lung,0.1910864339398195,-0.260020856937904,-2.8915214198636265,-2.444404454190818,-2.2711487141715603,0.1050281228377567,0.2018763883835574
ACH-000748,Bone,0.1988563376913802,-0.4950505235810884,-3.1537697993658846,-2.383632977008328,-2.940808535443547,-0.0841724991658789,0.5832212746675088
ACH-000749,Lung,0.1961080326839115,-0.1847658196330902,-2.325428541316608,-2.4468619873390423,-2.69180391025919,0.2003126090166888,0.3157135862175548
ACH-000753,Bladder/Urinary Tract,0.0092947300144096,-0.4871205037297705,-3.1521587775753783,-2.141657361439419,-2.1842562189731938,-0.2187086459749749,-0.0607081875258489
ACH-000754,Lymphoid,0.0394109340563028,-0.071832795443282,-2.7556187799581497,-1.92130087781286,-2.620167213449609,-0.183099400478426,0.2211446503313185
ACH-000756,CNS/Brain,0.2319950556553808,-0.1088776942739346,-2.3522390655346643,-2.216691089683426,-3.13290035860957,0.1327861041031671,0.1552826006019648
ACH-000757,Lung,0.3404253872625044,-1.5858127870179426,-2.6551090465780014,-1.7366609951966634,-2.5419103588811605,-0.256573230756439,0.2891406244416638
ACH-000758,Esophagus/Stomach,0.123951876157321,-0.3748999875809102,-3.0899368927668185,-1.694029565629012,-2.1339983583409623,-0.2237572122874687,0.1297819075003997
ACH-000760,CNS/Brain,0.0518893499904005,-0.2852113569871253,-1.67388659334225,-2.9736981897500203,-2.409689027423032,0.0043015231995175,0.3917388246950659
ACH-000762,Head and Neck,0.04713782853799,-0.4152236318436623,-2.7556436166903184,-1.3143276340351893,-2.200752092443457,0.0575048708504659,0.0062416619601618
ACH-000763,Lymphoid,0.183889750014116,-1.3453993257524033,-3.0186117915305304,-2.334524873855121,-2.9824533574795336,-0.2362857680592979,0.092501099600916
ACH-000764,Esophagus/Stomach,-0.0076557342573111,-1.0037933585927112,-2.750128511233417,-2.600610822186793,-2.468421120664557,-0.2252242393920513,0.1162969960319027
ACH-000765,Skin,0.1696425887185616,-0.2144958337806381,-1.815606836776653,-2.371181355702552,-2.363947940925028,-0.1602306538051992,-0.0863271543457643
ACH-000766,Lung,0.2104521836125507,-0.0963971251057536,-2.976422979671142,-2.1033929577698443,-2.264577240930156,-0.2775263156559386,0.2509444773710132
ACH-000767,Lung,0.0720572496539025,-0.3601633415236891,-2.3137305840952447,-2.291701157443,-2.64488093143348,-0.1810575598282,0.1276423766572105
ACH-000768,Breast,0.4553507407640825,-1.095168786426418,-3.2181936076454747,-2.1667574715373403,-2.241220842312586,-0.1767067644794464,0.1813283051930076
ACH-000769,Lung,0.2912851902540976,-0.2357976829288989,-3.1662380765304894,-2.7437411017652,-2.306846226213328,-0.4214723009426774,0.1707689033139597
ACH-000770,Myeloid,0.0306162912090972,-0.1600357612932916,-2.1344330005946843,-2.3414032602562047,-2.442908326880194,-0.1516579464256094,0.0562723125024376
ACH-000771,Head and Neck,-0.0054708385499327,-0.0840271294361093,-3.02426842226156,-2.409909846233977,-2.3581564455466824,-0.2233473478194541,0.3162549018141724
ACH-000773,Lymphoid,0.2566309466836609,-1.1578311073430736,-1.2061781061397083,-2.321388730202848,-2.6167616704992698,0.00550170010162,0.7023269398347649
ACH-000774,Lung,0.2188564914461543,-0.940749992484216,-2.6464651437352398,-2.7250927506074576,-2.556993109648749,-0.0459977995162167,0.5852249341141066
ACH-000775,Lung,0.0473159036738531,-1.7192889777977365,-3.022564764093254,-2.1051819112925068,-2.69906036866702,-0.0639819825434273,0.0361101300800827
ACH-000776,CNS/Brain,-0.1454521833393919,-0.2998285683991062,-1.8839244866519984,-1.887700930106106,-2.520732706992244,-0.0098455711947411,1.3184510739589348
ACH-000777,Esophagus/Stomach,0.1560353148476635,-0.4846860616346404,-2.5384937359305835,-1.9667457433436977,-2.3602531867641803,-0.151782353620493,0.1873921680234705
ACH-000778,Head and Neck,0.1071784969249479,-0.2911400541638474,-3.1937204873856286,-2.4528214561441795,-2.5644116392609204,-0.1333978513335051,0.049579387558796
ACH-000781,Lung,0.0147395646026989,-0.2102227749537793,-2.9392255701095977,-1.943479663960736,-3.0838618576123737,-0.009615240005743,0.2003817793433735
ACH-000782,Lymphoid,0.1311625716142727,-0.4578892004254836,-2.692527525078419,-2.5975876396040274,-1.941862033872558,-0.2792425873791491,0.0681198542740756
ACH-000783,Breast,0.1502233666819294,-0.3172545547068779,-3.597016260681921,-2.4458459042719736,-2.7814686927834327,0.0656126789120433,0.1592785367471569
ACH-000784,Esophagus/Stomach,0.3597123135797591,-0.1804798411652851,-2.641954619251445,-1.6930389586157637,-2.651791466776958,-0.0755749236254502,0.4153484991301958
ACH-000785,Lung,0.257458018531804,-0.5466085784555332,-2.477357606769677,-2.1782488606855512,-2.35629141237952,-0.0504324133504393,-0.0582023201349443
ACH-000787,Lung,-0.020556822573836,-0.5794672950458823,-3.4405319838544437,-2.31704750714797,-2.6914390964263024,-0.1763110870878037,-0.035593172129641
ACH-000788,Skin,0.1359234532935022,-0.2032118035363551,-3.090354404837285,-2.1783224514085204,-2.687125750446345,-0.2285740386080179,0.1047701009522877
ACH-000790,Lung,-0.1555671186979987,-1.0176685930216811,-2.9317440240819423,-2.228231825445937,-2.3862269634173106,-0.0602026011754754,0.2420635144938064
ACH-000791,Lung,0.2925390553794882,-2.096677316780334,-2.676811701441588,-2.409988491954589,-2.6426435377576394,-0.2356612011461231,0.0437482676896073
ACH-000792,Kidney,0.2940018463302632,-0.3247705802431708,-2.974326688650844,-1.9186910869753115,-2.5037311795227497,-0.1712727794174695,0.0235959013204319
ACH-000793,Esophagus/Stomach,0.0142328968748756,-0.7474598882817293,-2.5556625518131337,-3.2607486255810114,-2.564105238495756,-0.1038455915434373,0.4177686435462013
ACH-000794,Head and Neck,0.0808463387893082,-0.4584209029397191,-2.2865024487312136,-2.029052074472194,-2.090962608430888,0.0761650895453466,0.0023655599685966
ACH-000796,Ovary/Fallopian Tube,0.0456267625274253,-2.341223004047494,-2.792342804019526,-2.7675077416722824,-2.1103845917429664,-0.1364104442471319,0.1552448485857087
ACH-000798,Bowel,0.1367183440853681,-1.5513889518942898,-1.493756995484787,-2.3968982769506217,-2.5002364201275378,-0.0214161793094642,0.0870212539590689
ACH-000799,Skin,0.0660282437268054,-0.3619025419814944,-2.3780191523655936,-2.2733007363045608,-2.8367095553962027,-0.0423324864936029,-0.0235167306495575
ACH-000800,Lung,0.2353569536799923,-0.4930356998694544,-3.246902477478857,-2.5910223164853443,-2.392015676385705,-0.2269194463389044,0.0339627897715069
ACH-000801,Skin,0.4818318922232261,-0.3929276484286397,-1.995236245339456,-2.034899594001327,-2.1273383530623784,-0.0389271113795999,1.431785045302682
ACH-000802,Bladder/Urinary Tract,0.2141377441123614,-0.2387168304648113,-3.509224669394521,-1.7636019640330216,-2.028287916490047,-0.2918841013700856,0.1515244744623985
ACH-000804,Peripheral Nervous System,0.1598409692558637,-0.4971437073232166,-2.185517392779956,-2.5364987139918704,-2.9635754931347345,-0.4437852573367479,0.3308969826750026
ACH-000805,Skin,0.2669294945199357,-0.4076516650458586,-2.6071543900339704,-2.1541416160667315,-2.606714383266256,-0.1211731742933523,1.271081790329568
ACH-000807,CNS/Brain,0.2676360620350435,-0.1739173104468097,-3.4007905556788995,-2.133416735789353,-2.174754831460821,-0.20161791230211,0.1976635793827344
ACH-000809,Esophagus/Stomach,0.0403209306560827,-1.2711286343853745,-2.8061245191580824,-2.50776207659531,-2.8300500801606794,-0.0749783032965822,0.2798546271031785
ACH-000810,Skin,-0.1830873306411039,-0.3534403650633764,-3.0228918681446,-2.0813537138262346,-2.5548517337013554,-0.0408700948937051,0.236885563133617
ACH-000811,Ovary/Fallopian Tube,0.3353760868640449,-0.1894398215743343,-3.4444029538212835,-2.749414836237748,-2.817229399909642,0.0066368832373866,0.1120400749620235
ACH-000817,Lymphoid,0.163487959467214,-1.5980254027666496,-2.785790458350843,-2.276963404532723,-2.6179609903549013,-0.1014561799058865,0.0515237549333693
ACH-000819,CNS/Brain,0.0522578824269183,-0.375501390688652,-3.04154900588099,-2.365268507954393,-2.4112901291742648,-0.1100871747300007,0.1324753471463529
ACH-000820,Bowel,0.1321669717092764,-0.7424706228234493,-2.664935266822955,-2.520264605184018,-2.3552266106154014,-0.0726416430758037,0.2811859088887165
ACH-000821,Lymphoid,-0.1076604776942601,-0.2671531407659258,-3.3214129614492296,-1.9722280432037085,-2.3428489328234146,-0.0236406630532684,-0.0596354280554582
ACH-000822,Skin,0.1280276044788828,-0.3523201990765208,-2.6358488887908416,-2.757730967066776,-2.3106119630112767,-0.4323785895912136,0.1664014821385736
ACH-000823,Esophagus/Stomach,0.2349536586047007,-0.4082048144618251,-2.983015145697965,-1.828373401450905,-2.3781907359095533,-0.0233267885812291,0.1474289594237845
ACH-000824,Esophagus/Stomach,-0.0004765901347572,-0.2564092381747365,-3.152849267536178,-2.946495707685222,-2.4835822808109103,-0.0063888854107966,0.1855582117111759
ACH-000826,Lung,-0.1500241014416301,-0.7353422042019099,-2.8457258354534303,-2.354959473501754,-2.172514555574316,0.2710121299272141,0.1182144728008573
ACH-000827,Skin,0.172704661547753,-0.1488839438644789,-2.4061559076665118,-2.434358438458639,-2.8845247834953023,-0.1898603091345087,0.9396664780029208
ACH-000829,Lymphoid,0.1228902650306854,-0.1661493229011739,-2.2692285011320026,-1.5526838755650465,-2.353104306395255,-0.1106971090088796,0.5842026825139753
ACH-000831,Uterus,0.2582484390146503,-0.5005598152363248,-3.0016648572560274,-1.5844850300945552,-2.283847449474328,-0.1409432264350521,0.114846163955333
ACH-000832,Head and Neck,0.0179580594757869,-0.3030239608032841,-2.3691937324748578,-2.052514310902995,-2.040842909821941,-0.1025216538767291,0.1199174476992572
ACH-000833,Soft Tissue,0.2149365747654844,-0.5002939788739117,-2.899740543565551,-2.137183109899246,-1.620481924990261,0.071358085329974,-0.122675428688508
ACH-000834,Bladder/Urinary Tract,-0.0523860963271039,-0.5533389778766107,-2.2329938672781067,-2.214326866933691,-2.2248423529415358,0.4605668361784047,0.2764875036492696
ACH-000835,Soft Tissue,-0.0071617085921615,-0.1325684200927296,-3.105439241494252,-2.1282461136279163,-2.251644037993916,-0.4512730418058837,-0.0807647537381553
ACH-000836,Head and Neck,0.1631297970346227,-0.2907328299265722,-2.7257063592574964,-1.7596714312449953,-2.0753411306505694,-0.0570542403687506,0.055372005757526
ACH-000837,Lung,0.2979424498523371,-0.5758212242574414,-2.8020162089375646,-2.1337261868085573,-2.4004847333782235,-0.0924675838202431,-0.0843607026951794
ACH-000838,Lymphoid,0.4143639472162327,-1.373458915647266,-3.2756098225945265,-2.553896468630044,-2.36194990127399,-0.1350581295099775,0.6610553336823151
ACH-000839,Bladder/Urinary Tract,0.0287050283257327,-0.1846168676950116,-2.825157264786889,-2.618095570350167,-2.0097995521906395,0.1282276900712111,0.1007364066533908
ACH-000840,Lung,0.2531818565794339,-0.8219512426359703,-2.677912024809475,-2.336621924715262,-2.2276595614463464,-0.1835723007184337,0.1647052989543281
ACH-000841,Lung,0.0620745553749643,-0.3288886980491066,-2.457901053963848,-2.3013802959688503,-2.105232192530415,-0.1940894156506123,0.1916682727048298
ACH-000843,Lung,-0.0585594128867024,-0.4238716138257939,-2.830487873600859,-2.362567380452173,-1.9508694385682408,-0.2641295423279099,0.0771874017732398
ACH-000845,Lung,0.0443938025308416,-0.933919166865256,-2.275392627042316,-1.7684580473100375,-2.562234527794763,-0.0719485740635546,0.1072346940842225
ACH-000846,Head and Neck,0.1184386003339317,-0.0679581494134224,-2.505618161461689,-1.948929334767501,-2.254478357147805,0.2206665490149119,0.2250552723557637
ACH-000847,Esophagus/Stomach,0.1150085730354633,-0.2089719907264624,-2.8922209602395843,-2.4449235110811376,-2.2605276227183837,-0.519974013869904,0.0732862019271603
ACH-000848,Liver,0.081145219457623,-0.5416415556825501,-2.349756542686717,-2.178243787089927,-2.4496945635705165,-0.3259426414952177,0.324954295926558
ACH-000849,Breast,0.0978056523914178,-0.1244834674733636,-2.4483204672349066,-2.2014568167603925,-2.059177044732001,0.048722192124636,0.168723850705856
ACH-000851,Lung,-0.0244832675223272,-1.7379735149862217,-3.1253751405982357,-2.343630814498093,-2.177512998500664,0.0555885807646852,0.1290021485397156
ACH-000853,Lung,0.064489044346115,0.0125421942716505,-2.941160627402089,-1.9270969672008933,-2.1879281546944025,-0.137281036950586,0.2282521482101654
ACH-000855,Esophagus/Stomach,0.0525709596927727,-0.2808703701966444,-2.900387398015252,-2.009490300522413,-2.730422587634826,-0.1903484444523089,0.1075766317160618
ACH-000856,Breast,0.1339074910280497,-0.3335028663735681,-2.7799597522667967,-1.969074378225376,-3.24088602534258,-0.1212991677004071,0.475052192827735
ACH-000858,Lung,0.0971895186580718,-0.2485682465699475,-3.2087929135570668,-2.1095288847581424,-2.5997745703294046,-0.0184835997029908,0.1676684704568013
ACH-000859,Breast,0.2975924062111449,-0.4696305218037555,-3.556495289352597,-2.201361670788877,-2.4239159613246706,-0.0823894912942532,0.2558292925757298
ACH-000860,Lung,0.1842713253485991,-2.276398103333344,-2.2485836973691447,-2.07128947624102,-2.133683088403104,-0.1910324437367244,0.4205184541539051
ACH-000861,Lung,-0.0159319241450559,-1.6063456365029083,-3.1255895580570416,-2.0020057361005685,-3.052205029235409,-0.0799001651154489,-0.0421647638898782
ACH-000862,Bladder/Urinary Tract,0.0691594842925871,-0.4587985818979355,-2.513952619554279,-2.0110837297745534,-2.797309982907595,-0.0352628942922294,0.0164335849966205
ACH-000863,CNS/Brain,0.3019748828951315,-0.0605543133352363,-2.7337304078680025,-2.241430558562877,-2.8344555726502176,0.016254281941588,1.3493925515007985
ACH-000864,Uterus,0.1921913106088485,-0.0909036652159572,-2.5453865037312595,-1.8651405834735848,-2.497769466515727,-0.3034863348892527,0.0948933793689204
ACH-000865,Esophagus/Stomach,0.0358448417666868,-0.2655221487203477,-3.368970262760201,-2.156649710439219,-2.428006732596553,-0.1517734410304577,0.2463737144406112
ACH-000866,Lung,0.1374686714858773,-0.2992095082920548,-2.717101581230533,-2.304355143887714,-2.2496700084190357,-0.1620191535412883,0.1337544368901145
ACH-000867,Lung,0.0918339846808942,-0.1500690711448118,-2.574394923428615,-2.288519445541533,-2.259165325467636,-0.1319164213589236,0.2947007821477456
ACH-000869,Lung,-0.0068691151866582,-0.4911966635557926,-2.754954196296309,-2.2447765760179204,-2.3704661162821528,0.0270500471911988,-0.0620029124385121
ACH-000871,Lung,0.1440903850859685,-0.2888068440778658,-2.6361980741309825,-1.672434179084174,-2.401530197159047,0.08744639185309,-0.0448115789840646
ACH-000872,Lung,0.09884329589833,-0.7347731566032685,-3.1450114602920163,-2.1883425631945186,-2.304842898370252,0.0722745167649198,0.104673982154801
ACH-000873,Esophagus/Stomach,0.2296075465891272,-0.2308894623747027,-3.0349020298690834,-1.9593821551655028,-1.9296278266953424,0.0051496018717558,-0.1127976424662051
ACH-000874,Lymphoid,0.2048322795205731,-0.0780102640208156,-2.906014275459585,-2.512211614169843,-2.7538437390517325,0.0755298217643322,0.4300118004370707
ACH-000876,Breast,0.0634911078995238,-1.5137219373594577,-3.6819724348815703,-2.5873382570174424,-2.659070855523605,-0.1843413265521444,0.0922270332524903
ACH-000878,Lung,0.4846238178267413,-0.2489247118503083,-2.96097454751272,-1.973207535700256,-1.8402357730409515,-0.1246978198149068,-0.0023115251243693
ACH-000879,Uterus,0.4140261005523857,0.0239308276663612,-2.6954725391223957,-2.7167994345245585,-3.0149551506676264,-0.0965873505799829,-0.1229417658170448
ACH-000880,Esophagus/Stomach,-0.036543184439207,-1.6186536924695625,-2.8410626984959104,-1.835787717216132,-2.971252893034144,-0.3778219243196973,1.1879551127696524
ACH-000881,Skin,0.3788570477304315,-0.5096058926526118,-2.655877395365265,-2.2035019286344184,-2.754406312636774,-0.0958308138887402,0.9350593331287438
ACH-000882,Skin,0.0812699234739833,-0.269508824007248,-2.338532323517916,-2.427608776712593,-2.8212511713269843,-0.1265637791812191,0.5292769269021954
ACH-000884,Skin,0.0649072037862292,-0.1603537391077292,-1.7712268379482894,-2.5012897367686127,-2.145317978369837,-0.2580588762095582,0.2197955183401085
ACH-000885,Ovary/Fallopian Tube,0.1627726909225797,-0.5978827633391315,-1.8905558715913584,-1.7060690748556555,-3.1294270785584537,-0.1231667631015264,1.2605106155681935
ACH-000886,Lung,0.0962484926579345,-1.4463836901999645,-2.313022173901542,-2.374769404547593,-1.9685233144341805,-0.073596214586598,0.1622437735542078
ACH-000887,CNS/Brain,0.1359810531967862,-0.2332935174583814,-3.153093678397441,-2.158120015828194,-2.7867759439330757,-0.0726146500730306,0.2012369317292081
ACH-000888,Lung,0.0654042616236229,-0.532617289987955,-3.1466594583109244,-2.738554522305932,-2.1738142942088263,-0.1413658892280833,0.0620620067639842
ACH-000889,Lymphoid,0.063327341680279,0.0065747916936094,-3.4094291020501384,-1.9630905389316116,-2.373844149559172,-0.0230177597847001,0.0719881655644324
ACH-000890,Lung,0.2156150757011869,-0.6760076303525662,-3.12157150832162,-1.908111105933324,-2.637604725713859,-0.1524701341406941,-0.3668010117927536
ACH-000894,Lung,0.1039628045117924,-0.1864149383339249,-3.363676608308184,-2.1257609774584982,-2.8798790104088963,-0.3752828744952445,0.0473054962230993
ACH-000896,Bladder/Urinary Tract,0.3764061210259601,-0.2189867425567652,-3.06069014108031,-1.903684198737366,-2.517794716851534,0.4134868734728141,0.0815035005122641
ACH-000898,Esophagus/Stomach,-0.0963750273066885,-0.5186372035817352,-2.308606621881529,-2.468173946306363,-2.3849423813783384,-0.2350355540878418,1.0203981781666185
ACH-000899,Skin,0.1811786236758853,-0.2598137711989746,-2.339909563657479,-1.6591588427024684,-2.4085900172997587,-0.1131043340786956,1.5826811371829717
ACH-000900,Lung,0.1050865823400679,-0.6950439288381118,-2.1325537925928995,-1.9380350881703856,-2.6158662525609806,-0.2082383664115241,0.1655752713687118
ACH-000901,Lung,0.1330327552919853,-0.4574502502687297,-2.7406168398297392,-2.4455559734236902,-2.22599646524581,0.0235031240958176,0.2452168979598237
ACH-000903,Thyroid,0.2031469939362561,-0.3490652613694038,-3.244671791551476,-2.0077981431448197,-2.8546611628411007,-0.0416662130038,0.1249657000690276
ACH-000905,Bladder/Urinary Tract,0.1811496107994836,-0.1785193226947278,-3.216450539981889,-2.1568213792355437,-2.476555844748739,0.0678467980522449,-0.0617002540720823
ACH-000906,Ovary/Fallopian Tube,0.0761847431151682,-0.1718493286084562,-2.968106293123837,-2.370692469150304,-2.2557421549930345,-0.0311502208399218,0.3034052440823009
ACH-000907,Kidney,0.328290270599765,-0.1952131208840571,-2.650007022067421,-2.7473478567260563,-2.750536048296537,-0.0445782612382819,1.0686574756177587
ACH-000910,Breast,0.2705187098131139,-0.2823618973838231,-3.5557496950043506,-2.0523241404316885,-2.759305728968924,0.0825161645756224,-0.0940356640739841
ACH-000911,Esophagus/Stomach,0.0631869364169212,-0.3626246117342248,-3.034793894068729,-2.413451100594218,-2.685958857115645,-0.1779294675279519,0.1300953623287017
ACH-000912,Lung,0.2833888149136677,-0.2050976798953174,-3.2052214144152886,-1.968600466641187,-2.306156949528399,0.1698561557036106,0.1903911214748355
ACH-000913,Uterus,0.0664010762181736,-0.2136418074013412,-2.352075989364664,-1.9886627844576383,-3.300738939785748,-0.3377769394023638,0.1173568276453037
ACH-000914,Lymphoid,0.1601744604901691,-0.2049251269986212,-2.7513788981602074,-2.052240666578851,-2.187103450548619,-0.0812936042536076,0.1087953334334614
ACH-000915,Skin,-0.1991067929952395,0.1205994711427971,-2.828071464220248,-2.337241892376632,-2.2046510059552897,-0.1257304981877794,0.5291628996518272
ACH-000916,Lung,-0.0190413376362521,-0.8888504238753366,-2.600235569254698,-2.4646970858984645,-3.0058132957889208,-0.0444945399184485,-0.0795630030473659
ACH-000917,Esophagus/Stomach,0.0273216091133167,-0.1270112792095219,-2.897672640092716,-2.150172138497072,-2.053399528937252,-0.052603463507381,0.1834872828541224
ACH-000919,Esophagus/Stomach,0.2163785995217928,-0.621096287401181,-2.463158687709414,-2.398671838485183,-2.573420239477004,0.0816935986276035,0.761499662216901
ACH-000920,Myeloid,0.1120490833881943,-0.8865643228579101,-2.5696233754477515,-2.6861452583727607,-2.2046677198616136,-0.1488236620821463,0.0804887175119205
ACH-000921,Lung,0.0005342590404429,-0.7328550944371005,-3.042765819229869,-2.6431392920586108,-2.059240811375717,-0.0742465356542135,0.0696552362595973
ACH-000922,Lymphoid,0.0136143379764663,-0.6146470717210304,-1.998679314466596,-1.981758659111173,-2.774699007114512,0.1004772755805697,0.4869277768161884
ACH-000924,Lung,0.1460506706997438,-0.2974666797577821,-2.013790305677622,-2.4855068728028904,-2.54772045164335,-0.2757523121839287,0.1698620988565077
ACH-000926,Bowel,0.2358589492767713,-0.3534485500269723,-3.141750058859411,-2.265064164141596,-2.3348303451938484,-0.5452044214884058,0.2660299139859721
ACH-000928,Uterus,0.2642847578031793,-0.347049997781063,-2.501739176898263,-2.359924389625518,-2.249546220050464,-0.1091121768347258,1.0062734342213475
ACH-000929,Lung,0.082838860735799,-0.6540512556907077,-2.4698744661143737,-2.426799012087536,-2.3183525579062727,-0.1005429834326823,0.0951842735623814
ACH-000932,Esophagus/Stomach,0.4144982436769338,-2.599120728204883,-2.5497494785087267,-2.231313305715809,-2.799977614616439,0.1041571304928457,0.870584983892796
ACH-000934,Breast,0.2659846249792865,-0.8769816072235557,-3.2338327902481225,-2.3479198003064763,-2.621145588808352,0.146692821094845,0.1212216883415683
ACH-000935,Bowel,0.470486084452568,-0.2811754358931945,-2.2297771819299763,-1.940069360227076,-1.9800912564416384,-0.1197830762836106,2.0425573791697142
ACH-000936,Ovary/Fallopian Tube,0.2837176831226932,-0.2239203899580316,-2.891247871575283,-2.030043693406889,-2.4430906948222924,-0.279924919214282,0.0995888296893441
ACH-000937,Lymphoid,0.2247071159401606,-0.1385069487666347,-2.394788893833082,-1.966832865865617,-2.0834931919131208,-0.0788473253897268,0.1710205369176452
ACH-000938,Lymphoid,0.241437988358755,-0.0947935838924984,-2.5903466813587848,-2.14639911856346,-2.256619227133413,-0.077994015594458,0.5101411135386662
ACH-000939,Uterus,0.0552858331429166,-0.2079410199650062,-2.5198016274914803,-2.3168836252973297,-1.9481468045266763,-0.051328351565634,-0.1047804439345231
ACH-000941,Uterus,0.0406680570125638,-1.0246427688737685,-3.119076316265041,-2.1781657031870894,-2.303380431606929,-0.074759965085244,-0.0548826412100328
ACH-000943,Bowel,0.1026512688972767,-0.4257877557264298,-2.868942018441887,-1.9583815181476196,-2.5913758288487148,-0.0408664644983216,0.3084170420960547
ACH-000944,Lymphoid,0.2909551870942522,-0.2521255619527291,-2.9338750666001934,-2.5138384994667957,-2.079674962972399,-0.0951348936331796,0.3641959895004826
ACH-000945,Lung,0.0822516238451924,-2.392289453441149,-2.015476946683738,-3.095239357757688,-2.475786737272543,-0.3404780707582576,0.1394306181129487
ACH-000946,Uterus,0.0594359511897145,-0.3774582674528466,-3.0468782703373414,-2.06790482210644,-2.429782146617329,-0.1902316698238317,0.4091477623989512
ACH-000947,Ovary/Fallopian Tube,0.2078999108004585,-0.6251391171703429,-1.9104582455388204,-1.8036706803999567,-2.3922441244184838,-0.0987516919833003,0.6315178341028053
ACH-000948,Esophagus/Stomach,0.1951597654529462,-0.9097839798633234,-3.403584687513671,-1.8422110282902324,-2.165812648324139,-0.2037822272897755,0.5054700789334261
ACH-000950,Bowel,0.1372943432117086,-1.1435435495682853,-2.702371918955232,-1.9923745156566155,-2.4909693107757795,0.0168570481606638,0.5637934777388182
ACH-000953,Lymphoid,0.31310558855718,-0.171435237339768,-1.864672094417084,-2.263723107785496,-2.2119417497668,0.0334648995554312,0.3511324384401458
ACH-000956,Prostate,0.2179208609660354,-0.2320623412215922,-3.0754767915495176,-3.373551636568526,-3.071805345546865,-0.6380825867573794,1.0031220706124753
ACH-000957,Bowel,0.0816759022169853,-1.6268250232864678,-2.9076375749905434,-1.2637302183792585,-2.0203792802107845,-0.1666051964852478,0.6739182602935374
ACH-000958,Bowel,0.0460124653043339,-0.3155357703821966,-2.6177540240099804,-1.668056818650257,-2.4066666072145253,-0.1523123322121154,0.4473056205918193
ACH-000959,Bowel,0.3090066597430714,-0.8825104135664301,-2.078348515670333,-2.0735275769296413,-2.750741277869457,-0.1986258878890741,0.6041416418018309
ACH-000960,Lymphoid,0.1855755648434338,-0.2440692028839649,-2.8695629532190923,-2.089638426168811,-1.925946372650128,-0.0199135067286442,0.8070715057866222
ACH-000961,Uterus,0.2827826351270306,-0.4202166871361593,-2.646142297445552,-1.869770623626116,-2.5112791110026165,0.0683430469273218,-0.014834232320513
ACH-000962,Ovary/Fallopian Tube,-0.034758398822315,-0.2732681614644578,-2.4675240555161184,-1.854699135499228,-2.5449360908001637,0.1042267891474367,0.4657686534810887
ACH-000963,Bowel,0.452617940495676,-0.538113719206977,-2.875190542648756,-2.1569538685334626,-2.177340188236857,-0.0676852206557152,0.5005824314864056
ACH-000965,Uterus,0.0610235846724644,-0.1082981619570765,-3.015102085082596,-1.8904398755148244,-2.578211462649419,-0.139235046411373,0.1573973200108338
ACH-000966,Ovary/Fallopian Tube,0.2110867384217219,0.0061725113484514,-2.778893637799813,-1.9361886976030944,-2.8955717683104645,-0.262873582495558,0.9663790513835244
ACH-000968,Skin,0.3962803425116236,-0.8525985769547244,-3.0163692921845437,-1.9176540459801672,-2.2830880665126987,-0.1492966626147202,0.6174756100740204
ACH-000969,Bowel,0.1135888397331415,-0.4846858782052016,-2.8347741867808955,-3.1263434141266355,-2.5885559005242533,-0.4661364697053201,0.0995535219830573
ACH-000970,Bowel,0.0981903180288483,-0.6890002846430201,-3.5007563851814005,-0.9010321424188024,-1.561669398839931,0.0583869668251551,0.2087992882352177
ACH-000971,Bowel,0.0717052127434862,-2.377241044585729,-2.635332014214704,-1.5175562900063246,-2.4471493908234057,-0.3588794401498083,0.4114551096544431
ACH-000972,Uterus,-0.1553807190926374,-0.5033386763930455,-2.554383874501084,-2.600703538551957,-2.411513044020841,-0.1352343882384392,0.1680059440393531
ACH-000973,Bladder/Urinary Tract,0.2074783797518195,0.0173269761319743,-2.405360974976947,-2.578128669765265,-2.2902771411854146,-0.0456564238324959,0.4658925257120982
ACH-000974,Uterus,0.2063723365212682,-0.5286652022762889,-2.102592426610474,-2.194446438755469,-2.580224457478677,-0.0480612257479724,0.9747452800607534
ACH-000975,Lung,0.0140269361386665,-0.286625901357551,-3.3851958374331645,-1.978464549250059,-2.597693313061449,-0.1025805291156911,0.1735033213945246
ACH-000976,Biliary Tract,0.0249382559312647,-1.6082936863488246,-2.143377557439575,-2.442516462769017,-2.612295207186822,0.0691777216258837,0.1368904025348798
ACH-000977,Prostate,0.3886925227534746,-0.256508257298286,-2.8368196196620024,-2.1271386626464253,-3.1439440086272983,-0.2824878431354716,1.193370152964057
ACH-000978,Uterus,0.0150732363542858,-0.6160144113497714,-2.742274354865814,-0.9291793948230904,-2.1510897744067154,0.0017566690435968,0.0833499820873643
ACH-000979,Prostate,0.0401989326286004,-0.3703746829507258,-2.3067875025997804,-2.0265347327001577,-2.2648396362454046,-0.1009587711571825,0.0032071205117218
ACH-000980,Lung,-0.0814105406027394,-1.3120562797524111,-3.2965763071761742,-2.3573311786253197,-2.4169409892210645,-0.0225519675199561,0.2537748722155747
ACH-000983,Myeloid,0.0811103935213861,-0.1679158711913087,-2.1684072656612177,-1.909512387048925,-2.597144310264971,-0.1962317790118244,0.1566125666224027
ACH-000984,Uterus,0.1692430686305833,-0.4290307725182711,-2.256130687658033,-1.809802052856896,-2.672269300420839,-0.2424901717296326,0.1808929386226282
ACH-000985,Bowel,0.2016138002343862,0.0779883378838783,-2.780853407625469,-1.16233394735156,-2.833088837482653,-1.0780639687954272,0.3532725372422369
ACH-000986,Bowel,-0.1997179997435778,-0.9655550972156484,-2.7243746430513744,-2.347772952728917,-2.1618551638116177,-0.3104769932409881,0.2725054403097618
ACH-000988,Uterus,0.1658267618992314,-0.7680138618711984,-3.296895377121044,-2.329455992342898,-2.278763230427121,-0.3340806830911732,-0.0606731014041644
ACH-000991,Bowel,0.0948577351216036,-0.8198056046200928,-2.980887434704856,-2.2286920937839474,-2.8943506947009814,-0.505587046383053,0.157838034704984
ACH-000993,Uterus,0.5697068277032296,-0.3967884836806025,-3.407389412748323,-2.028585836943343,-2.949342967073073,-0.00984925953559,0.9584192452271167
ACH-000994,Uterus,0.0815171990577122,-0.3995509104429505,-2.331142515620165,-2.172736535230409,-1.73657089335642,-0.0257484300046457,0.1111832475609604
ACH-000995,Lymphoid,0.0773889064579578,-0.6009053079379103,-2.899020446611853,-2.2424156496079184,-2.205459416962772,0.0993425502687316,0.0990375259647138
ACH-000996,Uterus,-0.0850800438681203,-0.4387569679196078,-2.9695282408367585,-2.6222965823308435,-2.7753948389305774,-0.059721875548806,-0.0502048473604684
ACH-000997,Bowel,0.0473259808763699,-0.4557091338961281,-2.9017156506411146,-2.2748065026425195,-2.8288574402488176,-0.0593635987722068,-0.0108091847652497
ACH-001001,Bone,0.292447692553677,-0.4289291582757806,-2.9914806862703034,-2.3054833544053137,-2.0512074970706067,-0.2364326986117792,0.2447787750932571
ACH-001016,CNS/Brain,0.2246250791488614,-0.216992233780579,-3.12979718755088,-2.239600338332836,-2.698861857189085,-0.1538002889740381,0.0359286364478388
ACH-001020,CNS/Brain,1.2001039260371862,-0.5794777702597999,-2.418767116351109,-2.491653156250873,-1.886402305060464,0.0273294381650429,1.4262205891250055
ACH-001028,CNS/Brain,-0.0093071675323405,-0.0743451029885416,-2.971721086200259,-2.6229125078276074,-2.8210583012482378,-0.1965858098576648,0.0563597357872399
ACH-001029,Bone,-0.0507715517764161,-0.2105988426892603,-2.2456936205069216,-2.301574157803899,-2.5270076163272104,0.0892807384936533,0.1837463696745686
ACH-001031,CNS/Brain,0.163578513657096,-0.2486503424034011,-2.904214026939956,-1.681564852568609,-3.6623669526706513,-0.1308320312445725,1.812370878180152
ACH-001033,CNS/Brain,0.4886483851664983,-0.3821925564663823,-2.5818229959247114,-2.2768954138648883,-2.379294798976296,-0.2818151377848256,1.3653665403198072
ACH-001036,Myeloid,0.4338924590974249,-0.2619383692449247,-2.55728282349056,-2.137262249374818,-2.127240362360597,0.1059865349202573,0.1014717363101396
ACH-001038,Bone,0.2769601244994787,-0.3762054700892036,-2.432652991884822,-2.346381485980665,-2.5538276267973163,-0.1324165685003644,0.2166527454325242
ACH-001039,Bowel,0.1772308452836852,-0.1897626136831162,-3.694681790865376,-2.033557692714223,-2.773094402204657,0.1845844448443845,0.3375595687188617
ACH-001041,Skin,-0.0040040469642078,-0.3425554015970438,-2.863391007467796,-1.9150571554797469,-2.481901047434574,-0.2399895379216937,0.0274188751812667
ACH-001048,Ovary/Fallopian Tube,0.2864451187124563,-0.3252540663246835,-2.9777187054269687,-2.045864513778904,-2.480987953466593,-0.1685114476395504,0.1977569144669465
ACH-001050,Soft Tissue,0.2626990931427756,-0.6037990848349536,-2.0321896139446367,-2.252182507162009,-3.0668402200670783,-0.1486531849966927,1.6912667635096992
ACH-001053,CNS/Brain,-0.0001646141420977,-0.3705672454392212,-2.5456968213376725,-2.0500961201564865,-2.4027094910350857,-0.106144522095487,0.1216305299694118
ACH-001054,CNS/Brain,0.0235679031062474,-0.2030742172824445,-3.382458192985565,-1.8686115406532573,-2.2756949530972204,-0.2308690283313815,0.5107646449943075
ACH-001061,Bowel,0.1320362713300049,-1.249812001815917,-1.897553967218056,-1.9888228508490229,-2.3115229180726127,-0.1878149379235832,0.19658069749068
ACH-001065,Breast,0.0725383071578325,-0.317740029025601,-2.9006261841953087,-1.3568879400485452,-3.721855060859793,0.0070896278567764,0.1614001824636971
ACH-001067,CNS/Brain,0.2031671152515994,-0.3156890699100093,-1.973753752568384,-1.5484711811226464,-2.4796662864396786,-0.2295374149581703,1.58102486300847
ACH-001075,Lung,0.2961018747316253,-0.2519958869426749,-2.8942105812890646,-2.0074590471505624,-2.047743790917883,0.1041280226587623,1.146614286232401
ACH-001081,Bowel,0.1215957083845755,-2.370862213305249,-3.0728248183712643,-1.7107959729459066,-2.019494298726619,-0.3027379068487685,0.0550177155033914
ACH-001096,Soft Tissue,0.1026499261681483,-0.481405624346244,-2.7996540210776266,-2.144853397616661,-2.4818228543971586,-0.1511255252771587,0.0297822640742598
ACH-001098,Pancreas,0.0925589368482331,-1.6476643443898802,-2.8035811042393832,-2.088445318141836,-2.528629621062929,0.0006532595711462,0.1733812990395216
ACH-001099,Soft Tissue,0.3047678505282528,-0.168563081401437,-2.38600554126509,-1.913091497374615,-3.2237469892196327,0.0571817080483521,1.1067307261426615
ACH-001107,Pancreas,0.4384718919535214,-1.6335374381233971,-3.664761050331003,-1.877963920652866,-1.6219449662055148,0.1074379549329984,0.069588446242164
ACH-001111,Lymphoid,-0.1572766072757573,-0.296507859615253,-2.689134011466627,-2.646905856202346,-2.2924789502737366,0.0547563310559279,-0.0644992478527564
ACH-001119,Lymphoid,0.2530557615972223,-0.7416450978561172,-2.9537552933239697,-2.36019626483848,-2.816220655608435,0.0310872929073531,0.3157171696737814
ACH-001126,CNS/Brain,0.3611985118277284,-0.1905140048887869,-2.883402716985514,-2.5610673853265093,-1.986572208017815,-0.0288851335776205,0.2163462936526786
ACH-001128,Soft Tissue,0.1674568085674989,-0.5370276705955616,-2.429303961422509,-2.003388511389178,-2.08672776476667,0.0863522838371395,2.2909057859526625
ACH-001129,Myeloid,0.0582302524835761,-1.1262291992238735,-2.444354056152883,-2.6586537080122343,-2.3566542310991987,-0.1281781128460187,0.0170074829964234
ACH-001134,Lymphoid,0.2936933979582419,-0.1548908040060593,-2.651618858751325,-2.780604383563428,-2.7547145713562142,-0.2092781851399133,1.2200006245886383
ACH-001137,Lung,0.1792686923778916,-2.097688114848096,-2.999774415629732,-2.6086448500384223,-2.748336277084117,-0.1518183266973756,-0.0067821574031073
ACH-001145,Ovary/Fallopian Tube,0.1100785818201643,-0.2058347677364192,-3.4809762197848344,-1.887486275548086,-2.476064899572875,0.0090533788566756,-0.0893972343964792
ACH-001151,Ovary/Fallopian Tube,0.2483591088111005,-2.275636845235897,-2.5909053888134546,-2.7458160940804386,-2.6657645111305794,-0.0152757714388484,0.219154611134155
ACH-001163,Kidney,0.155465191186589,0.0239833526975319,-3.1007701389961384,-2.1995295646557143,-2.0202374698615646,-0.0538251852229235,0.0377899445866111
ACH-001164,Soft Tissue,0.2066218841631628,-0.3553257906232501,-2.454628095739904,-1.926994241552739,-2.4810466249927754,-0.3608588480922793,1.4591979632578378
ACH-001172,CNS/Brain,0.2564847957168176,-0.0977313042127818,-2.639994031406,-1.8606795582176456,-2.6979796157461893,0.0417297894148385,0.0755704037061901
ACH-001183,Bladder/Urinary Tract,0.2007017604676699,-0.4832768333337804,-3.2792885156034304,-2.520181970467485,-2.702237259132576,-8.35174664801791e-05,0.5446724118673446
ACH-001184,Soft Tissue,0.3410557974596724,-0.195301134375659,-2.717908811265681,-2.0767934726344803,-2.3472819005361703,0.1498035003740852,0.3133651478615614
ACH-001188,Peripheral Nervous System,0.3068769441357272,-0.6432539615313695,-2.7680135327547943,-2.604823914768347,-2.659196130947455,-0.2480217048161017,0.3226867931379511
ACH-001190,Skin,0.0653517841722916,-0.1508453260951552,-2.8460030888500776,-2.410717218594397,-2.5509831897831226,-0.1729566308997171,0.151476425305603
ACH-001192,Bone,0.3288395145339952,-0.380693399983794,-2.284091167736213,-2.121591897971161,-2.5586563227745347,-0.1618512350162168,0.023326218152734
ACH-001193,Bone,0.4468448264854544,-0.3897952923511687,-2.44752887894791,-1.80942424553864,-2.2586151631277147,-0.1501180729731684,0.0681646047596352
ACH-001194,Kidney,0.1589289577262144,0.1143990619965088,-2.265600714798669,-2.9266280721584392,-2.636875961739031,-0.0657689276649194,0.1886633486983107
ACH-001196,Soft Tissue,-0.0037415029939758,-0.4971759443206636,-2.654170904972315,-2.126486180597998,-2.6703855863015384,-0.3062451250118762,-0.2081700372308702
ACH-001197,Lymphoid,-0.0263401792021894,-0.1242318989661626,-2.870994871769565,-1.868849480894469,-2.008895004783509,0.012044109565811,0.120654612889155
ACH-001205,Bone,0.128167682916432,-0.6769226158390402,-2.136429012916894,-2.703477566924316,-2.51541987967765,-0.4932181199788253,0.9211455282206236
ACH-001211,Soft Tissue,0.6368847127346922,-0.378263993128632,-2.56494745302573,-2.596571993914867,-2.9472889155647013,-0.1098313677582076,2.11365425062557
ACH-001227,Head and Neck,0.0317788107879089,-0.5131390234024515,-2.4059147515081607,-3.0449779507225947,-3.0983776025592444,-0.2376293168593352,0.1411413826984303
ACH-001228,Head and Neck,-0.119527795522252,-0.317749136838072,-2.4103258910308787,-2.3947953330464644,-2.189694482164229,-0.0317661133312298,0.2349195117084755
ACH-001229,Head and Neck,0.0873444760641719,-0.1274612253884156,-2.895667261096187,-2.437890200319582,-2.67018476605747,-0.0708967386211347,0.5589185609061145
ACH-001232,CNS/Brain,0.2107105638110696,-0.493648529805177,-2.3780473628905323,-2.3209906200300896,-2.444518080091885,0.0198818027380086,0.1692969094811639
ACH-001233,Lung,0.2122305201310105,-0.2608190686746588,-2.559676250327379,-2.36716113798835,-2.373550136120851,0.2442251045015382,0.1339304986691834
ACH-001239,Skin,0.1826529426306046,-0.1627237487873725,-2.5654751694857856,-2.3228802868968046,-3.098460681120809,-0.0830604116306265,1.0242502427979077
ACH-001270,Soft Tissue,0.0034787822431606,-0.5679181163299412,-2.493001515964841,-2.38678696725771,-2.018155348220961,-0.0643954377521114,-0.0377982134939851
ACH-001274,Soft Tissue,0.3303744495326097,-0.3633144812373224,-2.3939546547026627,-2.136121181023559,-2.7235123898865794,-0.2739993630105883,1.4493733383919196
ACH-001275,Bone,-0.0004534715820534,-0.3886699929696046,-2.714766015282864,-2.115755299338452,-2.010511824660095,-0.2147188873706523,0.9508607113468408
ACH-001277,Soft Tissue,-0.44506287013961,-0.753872842215377,-2.699044004881123,-2.318282621624436,-2.3289737183801,-0.3623906261079958,0.1928612019771758
ACH-001278,Ovary/Fallopian Tube,0.8262271589083927,-0.3482042594846458,-2.616508458597479,-2.0095545975101268,-3.002232485216493,-0.3312315788099801,2.5231099971012614
ACH-001279,Ovary/Fallopian Tube,0.1664797352966165,-0.3154617140310942,-3.1710393891571123,-1.728747713884704,-2.0981776748347967,0.3077490632648397,1.582766779790412
ACH-001280,Soft Tissue,0.0967977769111117,-0.581163387588572,-2.992735996446237,-2.118298789990691,-2.894732224088164,-0.3684209724924581,0.9260792541626486
ACH-001283,Bone,0.1622154918739698,-0.4318111505042179,-2.6102762044617784,-2.5256442470262623,-2.0894165493336385,-0.1677366561308617,0.1454913281470533
ACH-001289,CNS/Brain,0.9727076498969184,-0.1359624053311113,-2.212058938665503,-2.105858683641451,-3.0788522684554342,-0.0748734254358776,1.4461165145640411
ACH-001295,Eye,0.1039795442822364,-0.1690960565365225,-2.198019348593045,-2.158409438133695,-2.2818312621207726,-0.2458465378475582,0.3837005100434387
ACH-001300,Peripheral Nervous System,0.2696920766717235,-0.5286552864839003,-2.827057912824007,-2.3961422494644475,-2.981823231737458,-0.1299854168337322,0.5822243371510931
ACH-001301,Peripheral Nervous System,0.1217096373574296,-0.9039551306421432,-2.554578080287555,-2.0090148652915336,-2.914677667776777,-0.4440887238131367,0.5668275321599564
ACH-001302,Peripheral Nervous System,-0.0427991612842552,-0.7159983614833181,-2.7084279990132933,-2.603781569692568,-2.516171567988442,-0.2168414764589291,0.4926701054026795
ACH-001303,Peripheral Nervous System,0.195224158880268,-0.3096506090653109,-2.739792234806655,-2.686051205634441,-1.9199466483151024,-0.0462791702486077,0.1797190818761261
ACH-001306,Thyroid,0.2298604115637126,-0.2723418092147525,-3.012596768940264,-2.059872378971892,-2.1848535010407137,-0.0338659635287902,-0.1046343175092512
ACH-001307,Thyroid,0.005669976193701,-0.2795110355691179,-3.2095670988076104,-2.483388114579228,-2.1613574272238907,-0.1031028062214943,0.1942670809048912
ACH-001310,Kidney,0.3824348833390601,-0.4803672612259874,-2.630091051992329,-1.9934487439706343,-2.3156203090281102,0.3979709477019086,-0.4356789967963519
ACH-001318,Liver,0.1126697496540951,-0.3681429404893722,-2.449727503078071,-2.0884427993775074,-2.5610481833417005,-0.0661215080957578,-0.0077325705866599
ACH-001322,Soft Tissue,0.0570541486994937,-0.421231295706913,-2.91255687558942,-1.7189855746717495,-2.076986659409023,-0.2975468425246949,-0.3911104446473418
ACH-001328,Skin,0.2174881174672344,-0.3418611664264631,-2.967811088802244,-2.0408097622550185,-2.299380260836701,-0.1503690929155221,0.0744760434808901
ACH-001329,CNS/Brain,0.2295304284681837,-0.4209044306113764,-2.479509344146512,-2.6372164010191192,-2.6703460629922406,-0.0666376103216626,0.9571208759121907
ACH-001331,Head and Neck,0.131547709834691,-0.3342015807037222,-2.639872373775887,-2.2972628753467794,-2.080769668716108,-0.1549645373628262,0.2500954950648643
ACH-001332,Head and Neck,0.4056165703262581,-0.3772497419100775,-3.106069360005609,-2.5432250579739444,-2.25808540823858,-0.0286431985906679,0.0614528547276804
ACH-001333,Cervix,0.0039874540810097,-0.4270216679897893,-3.268806129252542,-1.669685690904506,-2.762957644473635,-0.1895154605643774,0.0283558907006642
ACH-001334,Cervix,0.0204822015532421,-0.2292922143226415,-3.32638652923991,-1.6914071500820658,-2.1843440294613043,-0.0787480312294966,0.2968135230106022
ACH-001335,Cervix,0.0435169956471878,-0.2914190928567538,-2.687715279652737,-2.1837252162192367,-2.343002678542009,-0.1257519819276508,0.2622150428516501
ACH-001336,Cervix,-0.0410344067017836,-0.1781036461183611,-2.641622190189239,-2.138907322985447,-2.2523807281095904,-0.0265870394381668,0.369670104124658
ACH-001338,Peripheral Nervous System,0.0707552756798711,-0.4845921111440657,-2.777598675402635,-2.348725411898985,-2.0840458175848986,-0.2258137797211063,0.2821679283268513
ACH-001340,Ovary/Fallopian Tube,0.0536821706853595,-0.4169832509101603,-2.4968195075941826,-2.492337002799495,-2.4696714814075915,-0.1781177395156916,0.2179476226172833
ACH-001341,Cervix,0.1102074740769588,-0.2023953978182486,-2.577502156534864,-2.5485006386347524,-2.711206799470156,-0.0423430390892728,0.3353369411640933
ACH-001344,Peripheral Nervous System,-0.0007486717187721,-0.6597861433333456,-2.663575882382121,-2.2509489789038595,-2.2686762750743967,0.0012308037700317,1.2440963916317187
ACH-001345,Bowel,0.1175968343213978,-1.54520371619645,-3.20650607624054,-1.4881601766961454,-3.2360833085143894,-0.4353059082806404,0.5819213150973299
ACH-001346,Head and Neck,0.1453648063675965,-0.3305663871638821,-3.4367595029086133,-2.082012760281075,-2.08753290786413,0.0940106794273102,0.0773235381158508
ACH-001347,Head and Neck,-0.0312938115545385,-0.2862818884867551,-2.4397209548586702,-1.827950164252256,-2.6764230193403007,-0.1284868520396201,0.0902810013373732
ACH-001353,Pancreas,0.1457721310823698,-2.070688304840691,-2.4600622794664644,-2.1868626499748234,-2.284131726492875,0.1330110896692546,0.4073078144804277
ACH-001354,Peripheral Nervous System,-0.0022691143327283,-0.3001919297815749,-2.96888211421263,-2.1512104488937585,-2.1108753811540923,-0.261736954497802,-0.0493224715554681
ACH-001356,Thyroid,0.0819328123381915,-0.4430728887935131,-2.4002880056764333,-2.512345705030026,-2.4669392177388003,0.0409008713830403,0.2698321455640835
ACH-001360,Cervix,0.1177815113263768,-0.2645234226778569,-2.9774095630797435,-2.8720957221946017,-2.6332626133830703,0.0906439075393107,0.2798696299846994
ACH-001366,Peripheral Nervous System,0.1597554211716387,-0.4937550178992778,-2.885658665051548,-2.3921244602775444,-2.355315405325628,-0.1428456709181191,0.2868325670879666
ACH-001367,Peripheral Nervous System,0.2770428986561803,-0.56132739429361,-2.5773192413145494,-1.816671850330916,-2.613079922386503,-0.3459514559012788,-0.0572768113277925
ACH-001368,Esophagus/Stomach,0.055969282103403,-0.163982033848439,-3.826932873831781,-3.249204132928686,-2.143142912843477,-0.296091849186617,0.1747245046788957
ACH-001370,Ovary/Fallopian Tube,0.2757343823553106,-0.5541836648497663,-2.4646736247219554,-2.1828459864981222,-2.280121060760897,0.065849246106829,0.2070073946173332
ACH-001374,Ovary/Fallopian Tube,-0.272739180982662,-0.8614070911888329,-2.608688743463344,-2.612915355149477,-2.3524461631258826,-0.1400613807674922,0.5856520518748002
ACH-001375,Pancreas,-0.0042494488466415,-0.9394468796786124,-3.1172778962526952,-2.793026372203448,-2.694936803752396,-0.1202183213394855,0.2148030075402691
ACH-001377,Pancreas,0.1508494524689314,-0.7409214372884477,-2.6968321533061124,-1.937019357343703,-2.673488987589812,0.1022218660038114,1.3923079883198883
ACH-001379,Pancreas,0.079384395542264,-1.5950153255281645,-1.5491948644095466,-2.245031749938966,-2.5620653243849216,-0.3358046162538124,0.1081673820004611
ACH-001380,Pancreas,0.0608008425056714,-0.1799426762338165,-3.08273091829155,-2.095401369124735,-2.4343467540208827,-0.0638344667844974,0.0844967774846063
ACH-001382,Pancreas,-0.1272711436617356,-1.1497234409008552,-2.438200106646057,-2.700314529406,-2.0708360305350397,-0.1742889303301479,0.0926193576083289
ACH-001385,Head and Neck,0.1544224669464911,-0.2774692724314688,-2.902779063898989,-2.142725463226478,-2.522234879356476,-0.1263579996427963,1.2160896175728952
ACH-001386,Lung,0.1755952499155249,-0.2259236925246525,-2.789156697105309,-2.537419706179016,-2.427281202681259,-0.209108509558459,0.0445591537314989
ACH-001388,Breast,0.2667168062955914,-0.0273860591378202,-2.9179336805281078,-2.5873500597519885,-2.5538553744955808,0.1235768452960677,0.7835124216961005
ACH-001389,Breast,0.3073640587053395,-0.0782490344204835,-2.473725776186089,-2.3919860404888587,-2.2623216239874866,-0.017022233683027,0.2738357642609613
ACH-001390,Breast,0.2143935278225512,-0.4056086665642386,-2.10098797142144,-2.188315717615237,-2.550469717114829,0.7058292413209917,0.2434760852491876
ACH-001391,Breast,-0.2177432918009652,-0.2244038027083376,-3.3311150062413533,-2.7236391907516477,-2.300659447902154,-0.2794786022513571,0.2200266040857472
ACH-001392,Breast,-0.2951581084782433,-0.7588076092484254,-2.4775557802633608,-2.497748489156685,-2.234807979644354,-0.1266975868806231,0.0671441355196855
ACH-001393,Breast,0.0286492840223331,-0.7728956612065294,-3.19933183437298,-1.9155027858597131,-2.681024852789358,0.0599411692684833,0.0192864256884683
ACH-001394,Breast,0.3621389360131977,-1.7956625214707005,-2.631535028540998,-2.0275911425307096,-2.1757633975586685,-0.4738026873942651,0.0777309790243431
ACH-001396,Breast,0.019007681434995,-0.4608747397952638,-2.950710466527865,-2.211884406326178,-1.816093444049613,-0.1235723455284391,0.0125387765046673
ACH-001398,Kidney,0.1902965681097145,-0.7584341393760321,-2.5189555527348766,-2.7058010146286167,-2.319531838708883,-0.2388733426591479,1.4816596748205375
ACH-001399,Bowel,0.1447117252253191,-2.8064496986238403,-2.387522619829872,-2.1488231272318035,-1.6666656301911498,-0.2208483315997756,0.0593204829670653
ACH-001400,Vulva/Vagina,0.2547849980135929,-0.554621585385494,-2.173681383055147,-2.5759969441163357,-2.5139413937014687,-0.0905177766854898,0.0451620398469506
ACH-001401,Adrenal Gland,0.1591412538742962,-0.3193708645282839,-3.1767205927031354,-2.762310259123865,-2.470179133592326,0.1995369173892157,-0.0449961774177287
ACH-001402,Cervix,0.2123186009010588,-1.6057674229371537,-2.502955426826304,-2.341219397279285,-2.280031954971523,-0.0604603770440219,0.0117131671035828
ACH-001403,Ovary/Fallopian Tube,0.0348822050916344,-0.2553459242671779,-2.83846770672649,-2.493541391502794,-2.5345550919868223,-0.0834188781169006,0.0739299237514367
ACH-001407,Bladder/Urinary Tract,0.2545681166861866,-0.3824078305907098,-2.452887380820742,-2.2472564145439886,-2.4847070100033584,-0.247475662535352,0.1156453788630416
ACH-001408,Bladder/Urinary Tract,0.2998327151841478,-0.4023205350227392,-3.3845966496042106,-2.1069976387803444,-2.572823938917159,-0.0774072928066605,-0.0568846258800792
ACH-001409,Bladder/Urinary Tract,0.2212624859352504,-1.0254591429528472,-2.443421542535884,-2.089618598946028,-2.494458119654425,-0.2502193198746305,-0.1870966814718971
ACH-001411,Bladder/Urinary Tract,-0.0693458054313642,-0.677588910997542,-2.3878162953045896,-2.2579268653903792,-2.0169407501343266,0.1271125704308117,0.042106536219276
ACH-001412,Bladder/Urinary Tract,0.0961967664422232,-0.232936967510299,-2.617497151841764,-1.789700467382373,-3.10997690956356,-0.1711336641840612,0.1895719065937881
ACH-001413,Bladder/Urinary Tract,0.2822418538944116,-0.3010318862060103,-1.2253362373499062,-1.8907905526639048,-2.3101274689048075,-0.226593405197845,0.4330094689292152
ACH-001414,Bladder/Urinary Tract,0.3665022334568395,-0.0995820076072691,-2.33155858126338,-1.798538275788783,-2.7433249830632125,-0.564377434371096,1.4795536409838463
ACH-001415,Bladder/Urinary Tract,0.3344925546420145,-0.4669708605074925,-2.7752762304842515,-2.673240112772968,-1.8985366555355303,0.0151645517616548,-0.1115906763611701
ACH-001416,Bladder/Urinary Tract,0.1141194798717775,-0.4305986248631747,-3.165010822053909,-1.7195893102088935,-2.8793820474157488,0.0521212291639747,-0.1477327747858044
ACH-001418,Ovary/Fallopian Tube,0.323075272837931,-0.2571227143043755,-3.268088538459701,-2.854261927810822,-2.3203797707344087,0.1431996145018173,0.3014516212038388
ACH-001419,Breast,0.1856610684240921,-0.8895205273217078,-2.905204029286475,-2.0097637171538025,-2.35774192462898,-0.0061203346799844,0.0309465143796131
ACH-001421,Eye,0.0798577840796552,-0.3748440371225186,-2.1325573230702486,-2.207446613079824,-2.882342866067737,-0.0890734215174703,0.326668725623827
ACH-001422,Prostate,0.2363644723257736,-0.2996511491420269,-3.411985455956984,-2.9091368886052025,-2.389329579456482,0.1920770821772502,0.2293618127531556
ACH-001430,Bone,0.1921429599397904,-0.7657710649872056,-2.5911244176786763,-2.735698843787252,-2.127856413727156,-0.2017035069882721,0.6491009904749822
ACH-001431,Bone,0.4429913601622995,-0.3957886493079433,-2.6126806806693907,-2.12198737135551,-2.36675142059651,-0.302401975958716,0.6417578321624433
ACH-001433,Soft Tissue,0.2307947629386105,-0.2668363243156001,-2.6242431951780034,-2.166489391564607,-2.100423227520023,-0.2275472562748124,0.312334010659636
ACH-001436,Testis,0.0838939946149817,-0.3277209228189891,-2.5196070816849137,-1.6474246926151856,-2.8651171697481312,-0.3964153982463633,0.1984732613861032
ACH-001442,Skin,0.1857641686385688,-0.4510718372813549,-2.991338806390257,-2.6574390338264973,-2.2746876049568194,-0.0263346958782723,0.1247910347931335
ACH-001443,Thyroid,0.0075087350718765,0.0028967654141197,-2.086754924219253,-2.405140272622236,-2.532230788205248,-0.096559165482228,0.2125437191970228
ACH-001450,Lymphoid,0.2735948254960046,-0.1644909352074036,-3.0198838015765466,-2.565701442155748,-2.4655759005441564,-0.096137353954766,0.4619419983362086
ACH-001451,Cervix,0.2162846190800647,-0.4622145411550821,-2.2247061091827063,-2.2898528604013944,-2.9260318937852,-0.4556626785804057,0.374612196058084
ACH-001453,Prostate,0.027347949840889,-0.896452538354373,-3.2330209881705314,-1.865637246836651,-2.155314605656292,0.4888522494317899,-0.0773990334745886
ACH-001454,Bowel,0.3915080769821644,-0.7165593183990991,-2.796107073131427,-2.3409650139337894,-2.5346182337324272,-0.0965082917300827,0.7322789916230324
ACH-001458,Bowel,0.336803895485525,-0.958556288055746,-2.6976566297608056,-2.6676039029171736,-2.2282863343219765,-0.3020397382478187,0.0544856106510656
ACH-001459,Bowel,0.0224774880903522,-1.2668872588231102,-2.8381007131819533,-2.6548217736142945,-2.661445529485622,-0.4012222389393803,0.1091406778192414
ACH-001460,Bowel,-0.055819795797192,-2.2138997305009074,-3.495252282742214,-1.899126346630076,-2.0507203445527624,-0.2686142696856393,0.1787977999324479
ACH-001461,Bowel,0.2434995699348899,-1.0040030346336613,-2.5539264089244136,-2.5788821467976777,-2.6619557874087385,-0.1633566250093224,0.2221931495084432
ACH-001481,Peripheral Nervous System,0.0654369215189997,-0.1683113834171221,-2.888800265663095,-2.2145976781270265,-2.3344349588660944,-0.223686827592607,0.114054104417746
ACH-001484,Lymphoid,-0.0358915599147433,-0.3907231154179912,-2.5031472721231944,-2.2938205542302468,-2.134386724785317,-0.254934484129551,0.2391962638874638
ACH-001494,Biliary Tract,0.1970922816775166,-2.9952637105320497,-2.5077926460364743,-1.9565231923364497,-2.7509965559335035,-0.1760276710960622,0.1534536507854898
ACH-001495,Uterus,0.0699340105407302,-0.5384269881473964,-2.5909383661959686,-2.110777520104259,-2.123023703726096,-0.122723180890486,0.2599473649320523
ACH-001496,Esophagus/Stomach,-0.043234508211681,-0.5383307503012146,-2.905297993924629,-1.9216935898733745,-2.1417067017718,-0.2112044745691615,0.1735864796131489
ACH-001497,Esophagus/Stomach,0.1141665402571581,-0.1900662259168144,-2.46457188143638,-2.6170821068744297,-2.7039466197778657,0.0968933750360249,0.1304519089800801
ACH-001498,Lymphoid,0.2224162295397462,-0.357580493803432,-1.1031159588888992,-2.2067644101429047,-2.260831934711873,-0.1454969051040752,0.5619823746845479
ACH-001500,Esophagus/Stomach,0.1706442685178329,-0.2718811313905974,-2.639005666097193,-2.419193050585838,-2.047160575814279,0.0789320615285337,-0.1338619678176399
ACH-001502,Testis,0.1233903955099659,-0.674241154302857,-2.5139482739488543,-2.5284634176698533,-2.57416493488743,0.104391104615011,0.4806458937350696
ACH-001508,Head and Neck,0.0884280085591616,-0.2526209193698411,-2.7090012488767625,-2.223937736553723,-2.182265440999984,-0.0038307535716122,0.1086993112486426
ACH-001509,Head and Neck,-0.2057027808139568,0.0768577954973915,-2.98256096077163,-2.223741792618868,-2.0864641878792844,0.4725442181325056,0.0197123092031791
ACH-001510,Head and Neck,0.1164929717078082,-0.2656663950534924,-2.629407909820696,-1.9550364531353115,-2.4482624680847054,-0.048985760130544,0.3071882443809395
ACH-001511,Head and Neck,0.1053593058194046,-0.7105930414807242,-2.88060519807928,-2.149133794389136,-2.149185906367188,0.3126899951601667,0.1437365738795569
ACH-001513,Cervix,0.0239985164592217,-0.3486916251081991,-2.33577535878661,-2.6793370076318106,-2.516753791340806,-0.0968469810652258,0.1218571850161286
ACH-001515,Cervix,-0.0127822300671634,-0.1715243105555252,-2.9660435151643343,-2.444865118178307,-2.224079858426726,0.0949425239731977,0.2655869624500465
ACH-001517,Uterus,0.0909925399023394,-0.8601257264784035,-3.0227511645070573,-2.787168564795528,-2.3783241556217427,0.0128027805828416,0.1339195009079768
ACH-001518,Uterus,0.1102044151024839,-0.1955062550917012,-3.0334675747784288,-2.6327480474137084,-2.47105140634601,-0.0020717731655609,0.1012575892447281
ACH-001520,Lymphoid,-0.0594533978591506,-0.2432437657151987,-2.609095448568597,-2.054125689328796,-2.449039388625828,-0.3391389471071414,0.4568375263683166
ACH-001521,Skin,0.0009119939267419,-1.5341070207128245,-2.309823799465702,-2.222504243847578,-1.8793312143764336,0.094193843137851,0.1446081692180577
ACH-001522,Skin,0.2514973682720611,-0.1843712929772413,-2.3228099048902355,-2.074216661681877,-2.1075092375862163,-0.1163729309004865,0.8655770025934286
ACH-001523,Skin,0.1637824131311462,-0.4113742823297625,-3.0391614877943023,-1.7943200753729684,-2.4612746976022764,-0.018618452553309,0.2931581565794379
ACH-001524,Skin,-0.0074165360956548,-0.3423483117387965,-3.1171566894727105,-1.8798194595356637,-2.2268118895311986,0.2217019724831897,0.1575985949180447
ACH-001525,Cervix,0.2087822661642689,-0.1620472824896544,-3.387812273460936,-1.7929113768012206,-2.4212938507936785,-0.0454861227205362,0.0131928635946632
ACH-001526,Bone,-0.3588738992815644,-0.3258055288867561,-2.533112879096559,-2.0659166103598707,-2.8217776779611965,0.0453829683466039,0.2326076514422914
ACH-001528,Thyroid,0.2710364843145761,-0.2937634745749448,-2.0847886076087443,-1.9704447301020755,-2.248853212486849,-0.2145361359569716,0.7931155033567809
ACH-001529,Uterus,0.0862696419429189,-0.096849833028842,-2.779910535555065,-1.449442806557011,-2.032527714142449,-0.2556938400524454,0.5124317421433001
ACH-001530,Uterus,0.2778598926753169,-0.1565113401014369,-2.502072204907541,-2.2818531405544187,-1.8299193940292688,-0.1470183060976713,1.2028975247286018
ACH-001532,Kidney,0.1899191077963778,-0.2825566935543502,-1.9938468458995675,-2.0531591567121885,-2.605917406225836,0.1225879924254953,1.578313846940796
ACH-001533,Lymphoid,0.1683588303796228,-0.5284423919042035,-2.492717767148797,-2.379944993765781,-2.2458271815390933,-0.1800566193409778,0.4981041593781329
ACH-001536,Biliary Tract,0.4178215814733902,-1.0934426488885558,-2.6006176053914647,-2.5068037271841312,-3.4316185801929,-0.2892235605897078,0.575627372202877
ACH-001538,Biliary Tract,0.2227479339317782,-1.1560243522478593,-2.4999791668433886,-1.8768728604406464,-2.2615117897636927,-0.1449886360501861,-0.0552951074089273
ACH-001539,Lymphoid,-0.179452604749295,-0.4869527125869722,-2.6587535437815766,-2.724184737910829,-2.4256875759306644,-0.0109693770565902,0.3601156999621029
ACH-001542,Head and Neck,0.3616806837691579,-0.145742364389716,-3.486937086107136,-1.8425193598203544,-2.5015750386715,0.0914050722876957,0.1019580407408998
ACH-001543,Head and Neck,0.0072892654954555,-0.3015338830355987,-2.7494114711023223,-1.5772631298485127,-2.298191712323645,0.5237404936573994,0.3292968071235332
ACH-001544,Esophagus/Stomach,0.2871419156892661,-0.7495158603199884,-2.8841548272442377,-2.776902179708263,-2.107736954487652,0.0872309391894016,0.2687438522811245
ACH-001547,Pleura,0.514650740143234,-0.2508506837442844,-2.9451419492385016,-1.5824515624965558,-2.4359929207128554,-0.2735497603780832,0.7712745590880741
ACH-001548,Peripheral Nervous System,0.1346227349517846,-0.5639275523313969,-0.4260898430952444,-2.415414974646052,-2.0213027830723123,-0.2447932807921439,0.6543102930266859
ACH-001549,Lung,0.1291189168329828,-0.145063010410149,-2.8351182843577907,-2.9235492181159044,-2.5163970001741647,-0.0767090502339865,0.2445157207674848
ACH-001550,Skin,0.362037433643271,-0.5359660975937457,-2.6876837424642344,-2.350720524197987,-2.5190619830874588,0.0697827776231598,-0.1934775376493292
ACH-001551,Skin,0.1544429246985927,-0.0360252179584299,-2.254113904871887,-2.088464671237381,-2.330692147621014,0.1941893451303023,0.0964191323511683
ACH-001552,Skin,-0.07066477015555,-0.3028630726965706,-2.710305866808633,-2.3650050469738906,-2.574713463277708,0.0518693219880173,0.0813928379368325
ACH-001554,Eye,0.0271249459230862,-0.3899655099448872,-2.1870216703030634,-2.0975080334327934,-2.5192681027051926,-0.1658524777727135,0.5891392690090822
ACH-001555,Pleura,0.3149625788884815,-0.9708564645810606,-3.1529772551102577,-2.437915714493161,-2.726300534450611,0.0819318812817858,1.3398305120242968
ACH-001556,Pleura,0.1952914090797342,-0.166248963979409,-2.604598414063277,-1.6562596769420916,-2.3118683190803115,-0.1052556779065649,0.2266119227242282
ACH-001557,Pleura,0.2418402854138361,-0.2956754357616312,-2.6964530029408627,-1.8029832223073408,-2.667835524781772,-0.2536658682088862,0.5451427088391354
ACH-001558,Pleura,0.4471131938225153,-0.2459032765360608,-2.574933339025112,-2.3102359286102816,-2.5677490689061004,0.0611862028433276,1.4911255034378437
ACH-001559,Pleura,0.1209781566139648,-0.3646043032116334,-1.5675462567839524,-1.5784361111352687,-2.044326526723688,-0.0726494397994278,0.069091817437917
ACH-001560,Pleura,0.3673990103017635,-0.0531394144586448,-2.352972618954143,-2.3050642306831777,-2.6437557434655328,-0.3866974531202385,1.8179330528175677
ACH-001562,Pleura,0.232923032281124,-0.1489805846464831,-3.278198468767949,-2.1423899692423967,-2.8045225394565056,-0.0757643574659528,1.4760976326375883
ACH-001563,Skin,0.0158517110729088,-0.2787258397413395,-2.804830740800219,-2.4869891797113586,-3.1855643421000805,-0.2458547980902918,1.4681661786805682
ACH-001566,Skin,-0.0084216022338308,-0.2256306344614552,-2.3059004698483934,-2.153988798118114,-2.4812760927839315,-0.1476078108822812,1.331084395900589
ACH-001567,Skin,0.2055634068568067,-0.2734841222706523,-3.1753132222423,-2.0750196860837544,-2.1445510886061783,-0.2071116797329292,1.086840742067661
ACH-001568,Skin,-0.0545594320453082,-0.1414279498915996,-2.8670582837959446,-2.56087166714713,-2.5759606087507514,-0.2917086201855317,0.090605233913144
ACH-001570,Skin,0.0041736637054502,-0.2988009982140669,-1.961053852186991,-2.230520531439366,-3.082590774554665,-0.2707965371468739,0.6243608497667918
ACH-001574,Myeloid,0.4828494185904275,-0.5844144708835718,-2.6438510647036906,-1.8053428712801805,-2.087929098112664,0.1854563639788357,0.809765108218627
ACH-001577,Myeloid,-0.3303066387697366,-0.5575061103972245,-3.005504099522069,-2.3829853773811296,-2.0061190932349917,-0.0191203464040294,0.2228722432797155
ACH-001578,Testis,0.2350564141842725,-0.2010046260592064,-2.923573763395253,-2.0396042040622397,-2.640815709183746,-0.25142481202853,0.1863384465700965
ACH-001603,Peripheral Nervous System,-0.1095097677195963,0.0407690068248246,-2.6894063836243878,-2.1133959706270145,-3.2609313793920247,-0.2436098851583687,1.2183437158629
ACH-001605,CNS/Brain,0.2839590495711578,-0.1614151962109913,-2.766351444966144,-3.2159091396228616,-2.3066331902895945,-0.1239022910687152,0.2160888880571545
ACH-001606,CNS/Brain,0.2402128332530518,-0.2575525983082743,-3.0335232387217594,-2.9405201980002085,-2.547944320244773,-0.0160216285514634,0.1382537451267345
ACH-001607,Biliary Tract,0.0506789332442241,-1.6604039244957327,-2.376036868338884,-2.6728476313656278,-2.2916653097580277,-0.2133771625464333,0.2087068261374044
ACH-001608,CNS/Brain,0.3248448876759044,-0.1859711725578693,-2.510943781371454,-2.217326341661498,-2.603281190596816,-0.2324533668740419,-0.0774072476948021
ACH-001609,CNS/Brain,0.0579287621538552,-0.2856961477153653,-2.544458570148461,-2.412493643682131,-2.8364652815465567,-0.2784765707788167,0.2466209120911949
ACH-001610,CNS/Brain,0.2516677769698334,-0.7209544662805194,-2.626397093068287,-1.9977585515776768,-2.5879756761763413,0.0198176398762464,-0.096988849552783
ACH-001611,CNS/Brain,0.4089538452139742,-0.3966694442949575,-3.044388269933205,-2.2034419639894813,-2.6444690175713887,-0.143117601526995,0.2004945839292653
ACH-001613,Myeloid,0.260709814484954,-0.1058054344436796,-2.90339324454595,-2.358047697387597,-2.2114858548838265,-0.0317212596429313,0.0995137549125338
ACH-001616,Lymphoid,-0.0727312204557605,-0.2444622158743599,-2.594633301127998,-2.0618322629848453,-2.436460862538011,-0.0975041705332644,0.8137137484859895
ACH-001618,Myeloid,-0.0236633833723811,-0.2091940421735985,-3.292506595834627,-1.9265165423612776,-2.196551995135243,-0.2978700653869366,0.3070295948316857
ACH-001619,Biliary Tract,0.0235521790546707,-0.2094404316817221,-2.732915115192016,-2.968268837787261,-2.822864432306196,-0.3834237739138445,0.6037488186622284
ACH-001622,CNS/Brain,0.1303864946706966,-0.3283731556299649,-2.532639226284777,-2.24950036139204,-2.673229644358988,-0.4632941569796855,0.4962903497401589
ACH-001623,CNS/Brain,0.1334903492109439,-0.4093824543461093,-2.676827988068425,-2.3443452277838763,-2.5157865138358093,-0.1768162512751405,0.20015155761257
ACH-001624,CNS/Brain,0.4351965506515541,-0.4487824150009073,-2.717457811361832,-2.9072418175853,-2.7340570180433734,0.0690571359765725,1.3835013062101644
ACH-001625,Head and Neck,-0.0120952736011411,-0.3924106657120909,-2.039140702184784,-2.8278720946846443,-2.1375655511274334,-0.0562301635086465,-0.011188361424775
ACH-001626,Head and Neck,0.0688489382140349,-0.1621932462967297,-2.853858755089325,-2.961960967225627,-2.2026625766373518,-0.0701147177618698,0.2212250395823668
ACH-001627,Prostate,0.215320732319534,-0.1492607053902488,-2.306156645127708,-2.19949164854086,-2.100312980733337,-0.0846108397953923,0.2650116419779568
ACH-001628,Ovary/Fallopian Tube,0.1583165053230086,-0.0763159232962492,-2.771478618262655,-1.7355853801668462,-2.46678275397519,-0.17257676394631,-0.009382097953841
ACH-001630,Ovary/Fallopian Tube,0.1357159182830375,-0.3452913779896701,-2.4842133661031083,-2.662580937554419,-2.4291888570307183,-0.086503085815397,0.2167747935390556
ACH-001632,Ovary/Fallopian Tube,0.2042100025216767,-0.2570392075018418,-2.8574879932417505,-2.616835725508844,-2.2286064151159284,0.0538993617400102,0.2658853430252853
ACH-001634,Lymphoid,0.1805944776323194,-1.0135611654056245,-3.2497170661573147,-1.63846089766173,-1.9098402651874844,-0.1367117619467871,0.6620442377389054
ACH-001639,Lymphoid,0.1291706968758095,-0.0511200182454248,-3.0630282673726743,-2.5536902939889394,-2.410432128686105,0.0879566915593703,0.5026679133895836
ACH-001641,Head and Neck,0.1189835302029664,-0.3419362563178308,-2.290741703585472,-1.5015571133108487,-2.5218492208914247,-0.0474831711014154,0.1718555341178596
ACH-001642,Lymphoid,-0.0792644719569077,-0.3937584895010618,-2.494148698267677,-2.301095318757968,-2.541370644780944,0.0645240325678584,0.0179020575701539
ACH-001643,Bone,0.8767019941383017,-0.3523313106310726,-2.525541254682003,-2.2974448780833927,-2.193707076463549,0.0308360675783544,1.4080505228640274
ACH-001645,Skin,0.2687688681074487,-0.2209729139229345,-1.84574740622556,-2.561365862451749,-2.7853802906729226,-0.3147443530244954,1.0223248915904477
ACH-001647,Myeloid,0.3995772703410827,-0.770884319168505,-3.0514192918583776,-2.686942320674773,-2.5160219383464395,-0.0478700547034474,0.2707343745396082
ACH-001648,Prostate,0.1688639647817809,-0.3047812656068828,-2.9106612099370324,-2.0676695585892704,-2.687417629670509,0.0812810961322374,0.2131139760829892
ACH-001649,Prostate,0.0979900012983289,-0.3160568054029233,-2.856309445689178,-1.9662038494978569,-2.116059956349055,-0.0185045218705836,0.1882929821510666
ACH-001650,Cervix,0.0566988543067176,-1.2272387251025458,-1.901917820056665,-2.730987788879838,-3.09420311157857,-0.1946137402360769,0.5337539000648132
ACH-001651,Cervix,0.0762169699499848,-0.2550491859780545,-2.5539987521681047,-2.5778262388426745,-2.6668424477611152,-0.1249600723794143,0.3092577622446989
ACH-001652,Cervix,0.0124602660809324,-0.269701879836358,-3.1278990271627505,-2.208615415336884,-2.543615459633063,-0.1391237988414906,0.3448361747843669
ACH-001653,Esophagus/Stomach,0.064841979046749,-0.4132640572302025,-3.524136373140703,-2.182198702570715,-2.165519603105737,0.036573601909046,0.2167883455405879
ACH-001654,Esophagus/Stomach,0.1638397210930983,-2.292239221138162,-2.552509304082317,-2.137363311881909,-2.449984757401244,-0.1285317963983052,0.1300699169881522
ACH-001655,Uterus,0.2236844438689939,-0.7476561571164639,-2.550152383491021,-2.4075535152247407,-2.434742673994051,0.0797152455765993,0.1370738406450339
ACH-001656,Myeloid,-0.4906244669522018,-0.6426973427105842,-2.315300628307261,-2.130159892804833,-2.416984958113334,-0.0176692151893679,0.1000467379316562
ACH-001662,Breast,0.4006283311156032,-0.6025491716408216,-3.066837054759292,-1.915438660131459,-2.157612120500639,0.0120218377762732,-0.0187481545272549
ACH-001664,Esophagus/Stomach,0.2959770623640561,-0.1006427154954311,-2.475149896403096,-2.497847991879369,-2.2195931541289595,0.049390814186165,0.8217626817931972
ACH-001668,Testis,0.4215892853658484,-0.5652805668768872,-2.643525207658352,-1.4471498942973038,-2.6882969429836088,0.2015352695036036,1.7524441238902375
ACH-001669,Lymphoid,0.2506467173414579,-0.1775174850734501,-2.947157591590698,-2.295397119535155,-1.889096275951816,-0.0320381835549794,0.3814518146243781
ACH-001670,CNS/Brain,0.2829341606106582,-0.245591673898168,-2.281223163605498,-2.12472311037178,-2.342304138966555,-0.3077217841663493,-0.0178360578616085
ACH-001673,Biliary Tract,0.1891436881749434,-0.0406067781554947,-2.727835800951753,-2.580820854840895,-2.373105839947991,-0.0665504443200978,0.277348695988752
ACH-001674,Peripheral Nervous System,0.0511867787467486,-0.397822622046101,-3.1362111497788354,-2.4326972082096896,-2.404278274711447,-0.2583018555161511,-0.0467673090622219
ACH-001675,Head and Neck,-0.097521110152597,-0.2406169807776497,-3.3798965471695306,-2.245127310720569,-1.9470266065699464,-0.0783814756189115,-0.076012822878949
ACH-001676,Head and Neck,0.0762007662846497,-0.2612503330943278,-3.1930410604375536,-2.7410547223016795,-2.3573625301114864,0.0380324041320756,0.3637529791061911
ACH-001677,Lymphoid,-0.0841568034989562,-0.2383234604235866,-2.7683781496082887,-2.621870666459984,-2.5157651451872423,0.1753209537054434,0.4263583034955845
ACH-001683,Breast,0.1725733529836028,-0.4957460759428688,-3.138404521134241,-2.0963219191343865,-1.622260473476812,-0.0706734137198871,-0.0499770941353392
ACH-001685,Lymphoid,0.3278634379078038,-0.2557819585102562,-2.5983412374479906,-2.69627906428554,-2.6721305191077818,-0.097464414942394,0.8172553107255437
ACH-001687,Kidney,0.1685152997588892,-0.162625456322993,-1.2517774038599496,-1.7729014740062017,-2.2344929744190734,-0.05132368557988,1.0356807342973675
ACH-001688,Kidney,1.6120230400031323,-0.6216637192551486,-2.7415011168536623,-2.883886298344618,-2.8423633019065075,-0.0874866733237128,3.539925877193766
ACH-001690,Head and Neck,0.1192146835137479,-0.1592552203943663,-2.511685126530289,-2.130619836348947,-2.304748705333445,0.1082063529926461,0.4050237756760412
ACH-001691,Head and Neck,0.0974358625307726,-0.4166815909218352,-3.220756137861706,-2.4023992256488507,-2.854660774798154,-0.0971340382216239,0.2334605829762641
ACH-001692,Head and Neck,0.1156351058606012,-0.1470849936105557,-2.967278526232511,-2.1449032610654304,-2.6423532838202832,0.1036279754568362,0.5099962014555459
ACH-001694,Head and Neck,0.1495172366489622,-0.2028175851091055,-2.959009570851762,-2.064470743507286,-2.507513382619948,-0.2132404813471231,0.1033445453054267
ACH-001695,Head and Neck,0.0007378373717386,-0.1380768454927305,-3.3676119376680838,-2.286413398044982,-2.559001334738985,-0.0621164444659038,0.252275440708764
ACH-001696,Head and Neck,-0.0158262373713623,-0.1010764211799146,-2.294099504174452,-2.278817359002672,-2.6658168167689227,0.1859912425802316,0.1755357137200563
ACH-001698,Head and Neck,0.2663994168353246,-0.2033461593137741,-3.0572892168084422,-1.7102946507204164,-2.353811936301105,0.1045706417430547,0.0888893707220819
ACH-001699,Head and Neck,0.265405599318753,-0.3948466162511974,-1.9744626861336163,-2.1134216021662486,-2.849057503384123,0.0196171821800577,0.2386127044554497
ACH-001701,Head and Neck,0.3747203120591744,-0.8741613845696241,-3.2258329330138373,-1.6315139124666158,-1.8705494045991544,0.073131798974686,-0.1869256566573374
ACH-001702,Soft Tissue,0.3941296785695168,-0.2310269014600082,-2.3933231066633103,-2.2809247817711418,-2.725868116782809,-0.0453361083511005,1.798874695200394
ACH-001707,Lymphoid,0.0429599359983638,-0.1303981368836959,-2.017157525774309,-1.6868996222987642,-2.65170270765126,-0.1607608930192468,0.6045048960334991
ACH-001709,Lymphoid,-0.0095374357930922,-0.2153780485304169,-2.130043382483965,-2.910413976006838,-2.147433574874045,-0.3537737357909798,0.2717362124250826
ACH-001711,CNS/Brain,0.1664330762083483,-0.1829654562969545,-3.1868082869378407,-2.008411622469221,-3.0962108888693085,-0.4007909132651903,0.3855943748089087
ACH-001715,Bone,0.1937197406476479,-0.3868051111639131,-3.069387206519709,-3.0510524427302066,-2.122469196041699,-0.1050739126670593,-0.3443193637816922
ACH-001719,Ovary/Fallopian Tube,0.1597155997116149,-0.2211428343787698,-3.244613431294729,-2.26931544346574,-2.6690801995813223,-0.3316381916142696,0.0780028380178533
ACH-001735,Lymphoid,0.0597165048938235,-0.1845565240629497,-2.907081652851552,-2.4955012795256235,-2.280217266373074,-0.0638299908395752,0.0700729374521859
ACH-001736,Lymphoid,0.0899880058412363,-0.2954630698741445,-3.196335585872818,-1.7541479713435106,-1.9603103452238748,-0.3074929365287679,0.4451948721580544
ACH-001737,Lymphoid,0.3458997538684998,-0.4811190294766804,-2.41065916105872,-2.8347609446775537,-2.225863290820279,-0.0192077769734638,0.2217582636408042
ACH-001740,Soft Tissue,-0.0316033641196718,-0.5040268086365313,-2.8070083479276016,-2.433151895208533,-2.34834258648058,-0.0130144304811606,0.349765513925396
ACH-001745,Soft Tissue,0.0112040386799299,-0.3873891535323377,-2.613257931787815,-2.549893312904385,-2.2124096791193244,-0.0297974534561781,0.2145441153283439
ACH-001750,Soft Tissue,0.1512918418215712,-0.1969466319146768,-1.2441094698841255,-2.074709561363594,-2.2902375071690604,-0.2231001260604214,-0.0507246506414287
ACH-001765,Soft Tissue,0.0619459654106873,-0.3758557164963046,-2.876826022283449,-2.048973005739085,-2.1902419138576152,-0.1717737660630268,0.0648968294767811
ACH-001786,Bowel,0.1505158096553605,-0.5719781410397445,-3.084228038168748,-2.326898621094903,-3.049265239223269,-0.1730349388683376,0.2485326497566957
ACH-001791,Soft Tissue,0.6113234217787844,-0.5645142627824946,-2.621168130164204,-2.036705763862953,-2.393896512147588,-0.1683456190362131,0.4856368911244845
ACH-001793,Soft Tissue,0.4582351162927621,-0.3849794201677968,-3.247458561757769,-2.658975435887669,-2.6899518302872427,0.0245394816618304,1.0597588714950643
ACH-001794,Soft Tissue,0.2589549655727339,-0.0368955205674557,-2.5856321800471003,-2.483961881473116,-2.203942964342521,-0.1743170055663928,0.6417380602238275
ACH-001795,Soft Tissue,0.6040744367507631,-0.1554109597000344,-2.116181677902297,-2.906198537474708,-3.119149138407356,-0.1814421377934684,1.3044000622124738
ACH-001796,Soft Tissue,0.3368127479278073,-0.2812749194137142,-2.1352396028418714,-2.188134606408826,-2.13415759771605,-0.2285672059259792,1.0553811438787326
ACH-001799,Soft Tissue,0.1588496093826863,-0.3610760455214079,-2.3215046503890253,-1.8653440601275828,-2.5899487659554654,-0.0500309595480318,1.2258240291473137
ACH-001802,Soft Tissue,0.4885693118701404,-0.1809884973191049,-2.0606827908187983,-2.2903213989407774,-2.345703457342731,-0.2132562913568311,1.0027526788904315
ACH-001804,Soft Tissue,0.2731552966816044,-0.2133723508330002,-2.248468009845268,-2.375148608500066,-2.414374433258727,-0.1252405837014334,0.3036449125283464
ACH-001814,Bone,0.05643576769549,-0.5795763603820007,-2.854529393275839,-2.532863194378711,-2.030781299326712,0.0934721943428225,-0.1106345084245384
ACH-001819,Breast,-0.0898798366483439,-0.9212515715016794,-3.4989935256513003,-2.525401268705941,-2.334380218978835,-0.0021076716576907,0.1463626550141004
ACH-001820,Breast,0.160087222582778,-0.4132067669539584,-2.9478203842115,-2.006689476780619,-2.7503080258021435,0.036662935354082,0.0488120271570298
ACH-001834,Biliary Tract,0.1421824932733363,-0.2239181365707317,-1.974954756635924,-2.1703788206433208,-2.715134007263019,-0.1289545716431635,0.2851168211761255
ACH-001835,Biliary Tract,0.0627561780826094,-0.5140679085717385,-2.264681054202307,-2.153017503969477,-2.4097173288871065,-0.1157790141327425,0.1474394539053289
ACH-001836,Biliary Tract,0.0485271778420612,-0.2399001417954721,-2.6789286464153808,-2.3477580624969785,-2.490076603510549,-0.1634633296774671,0.3280415138485169
ACH-001838,Biliary Tract,0.2748319237454767,-0.3726569785629682,-2.4304214768732644,-2.622382362262119,-2.38656301229462,0.0103220054853178,0.3032425696728688
ACH-001839,Biliary Tract,0.290411094961851,-0.5572601848155384,-2.786736973163971,-2.2104040372149143,-2.744419322729038,0.0690315266618291,1.0150254629089015
ACH-001841,Biliary Tract,0.1925860996489024,-0.4112833827270578,-2.0268316060522737,-2.073912161232382,-2.4909768662878715,-0.1013779582945754,0.5656642366433566
ACH-001842,Biliary Tract,-0.0724767795190649,-0.8817984241754218,-2.776833566125704,-2.351321969592468,-2.25412319606181,0.1305691529085436,-0.0755979247029187
ACH-001843,Biliary Tract,0.2467930768700739,-0.7548105032317194,-2.434194866055829,-2.586528697509517,-2.713471309864412,-0.1548384875149639,4.855268930191277
ACH-001844,Biliary Tract,0.2890399545030002,-0.414718047654754,-2.748934717313757,-2.3909577336774595,-2.297557167301956,-0.0175932041210299,0.1914392518594227
ACH-001848,Biliary Tract,0.1025406116751907,-0.3064910874884555,-2.147993285437012,-2.4981304320872333,-2.7615601524038285,-0.0148092635110879,1.6831775661439836
ACH-001849,Biliary Tract,0.2925595467387195,-2.0358928485493366,-2.385242529420694,-2.463959423181681,-2.260879368276287,-0.1527920454312608,0.3671685376091948
ACH-001850,Biliary Tract,0.108166782337432,-2.390169294904622,-3.225158601711128,-1.808376974761527,-2.479662762719814,-0.1067530716498661,0.2130469040221655
ACH-001852,Biliary Tract,0.146819419621274,-0.7571653001463297,-2.4855968614744386,-2.169245110484659,-2.5316786191934253,-0.1090167413953886,0.1988215047998404
ACH-001853,Liver,0.2462388361810407,-0.0490772128575899,-2.183480082381691,-2.583005672378588,-2.2330188542905134,-0.0533653518501754,0.5274519501778508
ACH-001856,Biliary Tract,0.3440543156691874,-1.1734683073308083,-1.8127403738390675,-2.452291859705263,-2.95847370983491,0.008987655878643,1.3546923073157702
ACH-001857,Biliary Tract,0.1945202213302934,-1.3451730084242128,-2.7432196478379693,-2.4820610866344044,-2.523759263737408,0.0343346837363582,0.2210715601858426
ACH-001858,Biliary Tract,0.0863282241874292,-0.294662730532376,-3.7768359766742097,-2.6572893474537085,-2.432541120313957,-0.2218616208106179,0.2878694417263704
ACH-001861,Biliary Tract,0.0006451952631616,-0.2413099653872559,-2.8667753775132407,-2.2263606350547445,-2.063275884759183,-0.0026062666764981,0.110244256942904
ACH-001862,Ampulla of Vater,-0.0761791889189993,-2.390081458454466,-3.0300351478869816,-2.639964163020449,-2.40978066696327,-0.1704899045661375,0.0931208785762511
ACH-001863,Biliary Tract,0.0080501116097593,-1.1240303339572295,-2.9136714015687595,-2.6777925328034557,-2.593436898805607,0.0464099944659005,0.1116563675111996
ACH-001864,Biliary Tract,0.255507204837384,-0.2118938778535693,-3.4232730545027,-1.739785505689826,-2.214093090871032,0.1223820807834656,0.147052538277262
ACH-001959,Biliary Tract,0.2445557928933692,-0.0910721520344643,-1.3203557355883375,-1.792183945160019,-2.496292150667025,-0.3811766562656632,0.26599466478879
ACH-001960,Biliary Tract,0.0131751243296213,-0.2565390061172925,-3.1862602897877728,-1.934263398967416,-2.979144770572284,0.1811216854622187,0.1239445086528137
ACH-001961,Biliary Tract,0.2682489771419189,-0.8507401038840279,-3.368543121303384,-1.9746161355842973,-2.5176920490029477,-0.0927010091428011,0.3370255973492863
ACH-001970,Skin,-0.1832183192355825,-0.4896695444861098,-3.477407728985934,-2.502677319913458,-2.4547547278610296,-0.1017936349483133,0.9968570604692428
ACH-001972,Skin,0.2437589648846379,-0.3082979782013162,-2.325263859053887,-2.1593132145821032,-2.502981805337715,-0.2001311691676327,0.8365269745553823
ACH-001973,Skin,-0.2879707225709641,-0.4000944311970797,-2.5525947313754664,-2.545617623810324,-2.053698696706382,0.1377807177000617,0.1402846064737368
ACH-001975,Skin,0.1045713043703342,-0.4543567402973224,-3.2531358641177897,-2.2566633103767937,-2.7082194722758417,-0.2369740734265835,0.2857764065568235
ACH-001977,Pleura,0.2094291706985352,-0.3881681868348872,-3.009722033099538,-2.0315879670864527,-2.3207098684605394,-0.1585904289057014,0.7966953625879143
ACH-001982,Skin,0.2397884636531603,-0.425373774016899,-2.06218534942622,-2.1307757016746285,-2.3409535781834454,-0.217778539303962,1.4962216688898915
ACH-001986,Skin,0.4292823677413824,-0.3824613300017068,-2.161812464960332,-1.9994845790355007,-2.859148957416068,-0.1942419549379962,1.1012853014467328
ACH-001990,Skin,0.0841391095187224,-0.2334778221929986,-2.2607116191354986,-1.9016381238685056,-2.3065947760185885,-0.079185880049985,0.1306283499177082
ACH-001991,Ovary/Fallopian Tube,0.0300014379571612,-0.2654774015788217,-1.668073209817137,-2.409432943439094,-2.5864609082896,-0.3337682552477692,0.8345111254535342
ACH-001992,Pleura,0.1679134591495006,-0.2079892705913289,-3.1373229632404462,-1.7980887949236597,-2.479481816584806,-0.0203639371582087,0.3071098297986968
ACH-001993,Lymphoid,-0.1306347126660461,-0.976608834219306,-2.630511299494768,-2.475199622472241,-2.373570864674101,0.0688370484214541,-0.0246461155816132
ACH-001997,Biliary Tract,0.0366374091685199,-0.0135409538998939,-2.9670977797178346,-2.4124503273357107,-2.387307272935804,-0.2104536552713907,0.1854434087817665
ACH-001999,Pancreas,0.0619744355410494,-1.7373405818605838,-3.487861110052658,-2.5158508027352418,-2.554376227975906,-0.1070569355729911,0.1548634343299246
ACH-002001,Skin,0.1716826286718311,-0.2809640578399664,-3.190738346296202,-2.1455591317492253,-2.8082067563919835,-0.4991988794908308,0.5777867114275753
ACH-002002,Skin,0.2126294001171527,-0.2646234057569457,-1.65736151525387,-2.029983125396783,-2.3902661950147,-0.2408669731970862,0.7326387341404571
ACH-002003,Skin,0.1930416668045398,-0.3985035963419713,-2.2928581030509547,-2.3519997652131117,-2.504463131874455,-0.2100473532411537,0.7377422428282023
ACH-002004,Skin,0.2610258263296974,-0.5879339336044384,-2.690685024342346,-2.617580172362552,-2.5506917045497968,-0.1900599201056022,1.3958186970336464
ACH-002005,Skin,0.306317289100761,-0.5667008650585283,-2.262193023991689,-1.960280017215255,-3.251036628712102,-0.0490897646777212,0.2414266968608723
ACH-002014,Eye,0.595624743290516,-0.4137777524890483,-1.926388781559077,-1.8350826966446447,-2.959790912078721,0.2198267252073246,0.1458092144231928
ACH-002015,Eye,0.4338195848304337,-0.1041371561532348,-1.9404042757405413,-2.0155320090746183,-2.6219199709773844,-0.2803839192005919,1.428097203136139
ACH-002016,Eye,0.3211941685744167,-0.5927661928858539,-2.6816954642035715,-2.4913563629409388,-2.935216198153772,-0.0834579188081746,2.187473724486868
ACH-002018,Eye,0.2562639943145527,-0.3712404885635145,-2.5678078690285444,-2.1082206076045424,-2.607318458083364,-0.1090577712538649,0.9926251724815838
ACH-002019,Cervix,0.0840121031565127,-0.3077868407535059,-3.052699542353096,-2.1344770196502894,-2.583670520610829,0.0729185578743108,0.3423516685653849
ACH-002020,Cervix,0.2008045729499291,-0.2245021971690619,-3.2371391225513912,-2.467246704019222,-2.57750922976424,-0.1288565732666282,0.3671483158101433
ACH-002021,Uterus,0.2663462416687107,-0.5853904538584369,-3.095495703491225,-1.838989245840856,-2.084065257627017,-0.1364985584822022,0.4667007319539078
ACH-002023,Ampulla of Vater,0.0338372328199294,-0.5361808862391788,-2.356577353799179,-2.196874813513173,-2.2248916564914643,-0.1055565583702721,0.2357753772222632
ACH-002024,Bowel,-0.2666278194170529,-1.0372265770237266,-2.706683410168617,-2.4755102291205637,-2.1625922267003324,0.0027300649943429,0.0945484250186541
ACH-002025,Bowel,0.058569731571675,-1.057777528216896,-2.7418551185179925,-1.4663296313685752,-2.545778279310634,-0.3121946189510544,0.2298355409936983
ACH-002026,Uterus,0.271418220875221,-0.4637638151207195,-1.8749242545632496,-1.5563927841936414,-2.9613596250831056,0.0077318213945742,0.831394912351224
ACH-002027,Uterus,0.0079680578674203,-0.9465612998701534,-3.130909581060894,-2.242307918570613,-2.646019308243379,0.0465708103876749,0.9719727299185056
ACH-002029,Head and Neck,0.089286082480578,-0.5060345426912948,-3.686903833572493,-1.96354275382928,-2.129728826048683,-0.0863501317064697,0.0558821774783619
ACH-002030,Head and Neck,0.0385972905353403,-0.3650365455032611,-2.9582277524663807,-2.049981132307448,-2.58306614470058,0.8227329728534605,-0.8460913393118343
ACH-002033,Pleura,0.3120299639006427,-0.4803461955586732,-2.6792731792203037,-3.2325222246193643,-2.407381269399822,0.0876181398735665,0.1765046220078627
ACH-002035,Lung,-0.0536993064367951,0.027391129236351,-3.018295578317399,-1.7211338677781245,-2.467086200345409,-0.0739137397527929,-0.0219276801150883
ACH-002039,Pancreas,0.4099543733019336,-1.3772529042709587,-3.2060274255946237,-2.0874585663247154,-2.498096450492657,0.0258564313923912,-0.0180683317090885
ACH-002040,Vulva/Vagina,0.3478800253253091,-0.5423972161651193,-2.0758038858827583,-2.3974563365483017,-2.705307249577067,0.0065423528478595,1.2039570499627907
ACH-002041,Thyroid,0.0323674001738539,-0.093116717641547,-2.770402281233713,-2.2927744295824057,-3.0581247285802275,-0.121640854537122,0.2226248263145319
ACH-002042,Head and Neck,0.2032022048626944,-0.2348591522132842,-2.6216523035257056,-2.2063906172755585,-2.8718021975342256,0.1750623658408628,0.4953599375416034
ACH-002043,Head and Neck,0.0868901701172626,-0.0676269920380056,-2.671731664772851,-2.11583219641198,-2.5444193151389585,0.0532473578549423,0.0688533136092199
ACH-002044,Head and Neck,0.2272043231545032,-0.2389293468851094,-2.619924883643897,-1.9522579990964417,-2.4328939630352817,-0.0165153957218305,0.1363364524894715
ACH-002045,Head and Neck,0.0404038720170032,-0.6652303784384078,-1.8536899343791244,-2.633609885066132,-2.361840547926677,-0.05520875397888,0.2085829773932592
ACH-002046,Uterus,0.0557565777063917,-0.3722329772064305,-2.4210293551206687,-2.449260412342789,-2.6407177965152657,-0.0732414847417587,0.2009107410999545
ACH-002048,Soft Tissue,0.1772734862888103,-0.3862789166813669,-2.779599285031711,-1.5623248170859816,-2.555065830338722,0.1308763086165387,0.3143263603487387
ACH-002051,Lung,0.1494114513962808,-0.3545068536005394,-2.88780252903765,-2.6413234291524463,-2.6053772125375483,0.0486841135483844,0.0985855761616561
ACH-002052,Lung,0.2152144307341582,-0.3986619585388369,-2.8288172042982342,-2.5423645892704685,-2.495469284598374,-0.1873558825148331,0.31819697864426
ACH-002055,Lymphoid,0.2428516175798196,-0.3384693940552453,-2.893898458327047,-2.2089936376388155,-2.408117938744101,-0.0743194683007679,0.1296533639230744
ACH-002059,Lymphoid,0.1481926577388613,-0.57226193685718,-2.0730024123321265,-2.0174399687842497,-2.39845638628071,-0.0929746794877908,0.6490564463439396
ACH-002061,Myeloid,0.2942808416546343,-0.4298279059560999,-2.2107115618504087,-1.509918168254969,-2.111476867278373,-0.1683104741104874,0.0983639129041036
ACH-002062,Lymphoid,0.5115220555391606,-0.4196224263355819,-2.686858581362328,-1.9252947195722083,-2.4634543011663728,-0.1451143123626836,0.917509660577104
ACH-002066,Peripheral Nervous System,0.0004239823377858,-0.4340060312294099,-3.023928800401681,-2.2068184384444773,-2.7734197523376154,-0.0403008076933196,0.1063416468163464
ACH-002067,Bone,0.0525049181403665,-0.3314738261861078,-2.782035374780273,-2.0498616587635365,-2.0128828423869125,-0.1135295094475408,0.4046699047739943
ACH-002069,Bone,0.4193801395806368,-0.282789582458804,-2.0637463685940145,-2.155090423427012,-2.733233898009418,-0.1838881822807331,0.5112149421870226
ACH-002070,CNS/Brain,0.1809665114833712,-1.5702168375264325,-2.852357509232112,-2.4684592492293183,-2.8465407348141905,-0.2236501150117122,1.262538840237369
ACH-002077,Lung,0.2791133159064075,-0.5647971109994602,-2.7535744316485977,-2.5166965036238493,-2.397516034731786,-0.0659953667309509,0.2113674054162729
ACH-002080,Peripheral Nervous System,0.276554010012279,-0.2978143494952028,-2.9073282371543625,-2.0751030773173347,-2.4440671363689126,-0.1856368433122797,0.3767023284854761
ACH-002083,Peripheral Nervous System,-0.0819472146452579,-0.2246775933337246,-2.3252781344159814,-2.618333619351068,-2.7514149559392584,-0.3614917840647895,1.4269638192456753
ACH-002084,Skin,0.2923448317791068,-0.1655912344492612,-3.006770609289092,-2.7345060149624727,-2.7478795016287605,0.0776485880132019,0.9487185559436712
ACH-002105,Bone,0.5690409309089034,-0.3968925654078674,-2.829973343358699,-1.7032454558214278,-2.737370569480445,-0.1065561806198928,1.6412083577794196
ACH-002106,Bone,-0.0777438185453074,-0.1348736404828981,-2.976535507377823,-2.4569819784356537,-2.7963312639083857,-0.2384820282065816,0.2049119378792017
ACH-002109,Bone,0.3449901993377913,-0.5433407199422201,-2.641070240415797,-1.362613036163471,-2.446906376130897,-0.2109628429703832,0.1509259159768409
ACH-002110,Bone,0.2235845701112435,-0.2130713066457536,-2.393649507368854,-1.259296382275669,-3.3538037348630763,-0.1748929989431723,0.2592560624297201
ACH-002114,Bone,0.2152321692958167,-0.1918943662148317,-2.438237314954516,-1.781712772172909,-2.5698403822545104,-0.0685710452049353,0.3005786143039765
ACH-002116,Bone,0.1302641235132556,-0.1420538922800364,-2.855987423192592,-2.924246347480404,-2.672283481114341,-0.4942468557102021,0.1945883833431136
ACH-002119,Bone,0.013436753467317,0.2605381490022513,-2.865893897111928,-2.162067100249892,-1.5825263614372778,0.093038296378943,1.01402778806423
ACH-002140,Ovary/Fallopian Tube,0.2573353490110391,-2.034769900502199,-2.1649591956675973,-1.7325573019376417,-2.637903489372643,-0.3302088249857896,0.871886154389466
ACH-002141,Esophagus/Stomach,0.4352285839738453,-0.7008182831112816,-1.7869010142840214,-2.0866722963178463,-3.2527476559703468,-0.7726392814271711,-0.0117319208508595
ACH-002143,Skin,0.1210815871188694,-0.5841752636522368,-2.360658318884111,-2.246147928911288,-2.2474418425837226,-0.1843119526427058,0.0355050477475448
ACH-002150,Kidney,0.274042774530439,-0.3449206329414545,-2.5644318367254346,-1.851008990916053,-2.882540363361244,-0.0464863502442972,0.3300270684998602
ACH-002156,Lung,0.1509878154232318,-0.0068000841197406,-2.6458305548413823,-2.442437869251872,-2.48372135423018,-0.088972589663072,0.0079217210135516
ACH-002160,Bone,0.1575424707243837,0.1099046566059566,-1.6292992622241058,-0.9909333720029744,-2.3667125676706737,-0.3786477722673732,0.3026619260150552
ACH-002161,Esophagus/Stomach,0.1597687259729145,-0.1551759305841414,-2.2179507368960727,-1.5741063069195862,-2.758880878580088,-0.1328287636454471,0.015275591543401
ACH-002179,Breast,0.1755519647901839,-0.3899179248035965,-3.609950558982964,-2.134785433635588,-2.5169132726257373,0.0296977839858925,0.393342172982207
ACH-002181,Ovary/Fallopian Tube,-0.0105037988207471,-0.0985373988797753,-3.4532974065560995,-3.05139782656294,-2.1321119217359232,0.0948551827694623,0.0058771907258605
ACH-002183,Ovary/Fallopian Tube,0.3981370726650367,-0.7403101810684679,-2.612783819021129,-2.19967962026076,-2.551794348725602,0.1208029340511068,1.1913481015503016
ACH-002186,Pancreas,0.2112882880783998,-2.3431843857719823,-2.4113096581427462,-2.027487402357632,-2.353642972683173,-0.2316694661560515,0.088065318727135
ACH-002189,Kidney,0.0827812333460342,-0.0862721570741477,-3.467774041241773,-2.835601649348699,-2.3775960193914742,-0.1651640191468028,0.2157057165479601
ACH-002198,Other,0.3745875557267436,-0.1945770951833869,-2.8678563971230737,-2.715285696109773,-2.5710535107924017,-0.0723219669983483,-0.0461840288120342
ACH-002202,Esophagus/Stomach,0.1072706969861098,-0.4019674682385519,-2.119240849570838,-2.0724744441370926,-2.9479832774793064,-0.0884442920224633,0.0292445237921092
ACH-002204,Bone,0.1804792934036233,-0.6953221529945723,-2.368550497160502,-2.236161680294457,-2.3314742052392354,-0.0210209678269048,0.5795448746075573
ACH-002210,Myeloid,0.2194922845322471,-0.1297804431336033,-2.787137591708452,-1.7538997521474595,-2.708174267986892,0.0496422682216373,0.0512582478094331
ACH-002212,Head and Neck,0.0563881554208863,-0.2094370868283886,-3.080548149515146,-0.9657046224161016,-1.8621332799286037,0.0887543734120139,0.121307581585557
ACH-002214,Lymphoid,0.6149592009468888,0.0307477632321874,-2.43130630894472,-1.972331617303425,-2.525415365153379,0.1597273764706602,0.7155254916715574
ACH-002215,Lymphoid,0.2899484562619794,-0.3612943823099132,-2.78108688977701,-2.176791219601898,-2.222339917743699,0.1156739918065374,0.4104079816680218
ACH-002228,CNS/Brain,-0.0207050018294708,-0.1061404078728244,-3.0877764392363662,-1.486514708012303,-2.632616184734992,-0.2091784769087663,0.2047033325105906
ACH-002229,CNS/Brain,0.386819672000928,-0.6056053983564449,-2.5676362977462635,-2.034044632736054,-2.788193268762882,-0.6327787695942189,1.435587487232801
ACH-002230,CNS/Brain,0.3625974946047137,-0.1353946029485511,-2.6475979657990885,-2.687966783816179,-2.3312914571992414,-0.1147338665419545,0.0945669204807254
ACH-002233,Bowel,0.1705336734530621,-1.7443424163699537,-3.2523377526443262,-3.047815705149905,-2.0468101876722167,-0.7297715386068737,-0.0082447841301736
ACH-002234,Head and Neck,0.4610757451964062,-0.7430831685221303,-2.2634191890436,-2.309976724770814,-2.916376778456784,0.2748915491148581,0.2404209524298144
ACH-002239,Head and Neck,-0.1667173965123918,-0.3312812925272729,-2.874577761617389,-1.8298752200721573,-3.049496614852905,0.2551180913881492,0.3541453426180293
ACH-002243,Esophagus/Stomach,0.174377729982602,-0.3820714589237465,-2.610959948980936,-1.80297384630674,-1.7016840356694731,-0.1491260385561526,-0.0714315453984378
ACH-002247,Myeloid,0.2028444650607591,-0.2687590885030066,-2.92825810801077,-2.3913535610894225,-3.131294907070715,-0.0057944070538269,1.1118531208773437
ACH-002249,Head and Neck,0.1525535060690726,0.0470348154081439,-2.465970833869773,-2.246264539840016,-2.391690207932112,0.5010121754474591,0.1171218092872211
ACH-002250,Head and Neck,0.06188319633872,-0.391155070694927,-3.0025755672543712,-2.747225801808961,-2.067218144285892,0.1236445863839402,0.080101527244304
ACH-002251,Head and Neck,0.1102366296870592,-0.2595732177370997,-3.5248559291558275,-2.5600257921892484,-1.953789899103152,-0.0514142492688097,0.0843173184627528
ACH-002257,CNS/Brain,0.1191061609346505,-0.0936244661811632,-3.640651351414312,-2.2186895213677498,-3.083080578642272,-0.2525042962912098,0.115597195086355
ACH-002261,Peripheral Nervous System,0.1321947945237033,-0.1868524897116877,-2.3845858782002387,-1.9543213259704009,-3.11155517749361,-0.823928060873878,0.1638947968734372
ACH-002263,Esophagus/Stomach,0.0910563007745565,0.0713563387483823,-2.2814004022252217,-1.603496040272439,-2.695904019855869,-0.0445427482668932,0.2536091448851798
ACH-002265,Head and Neck,-0.0274343004554406,-1.1564565595322618,-2.286401780490514,-2.6190772518772367,-2.359942151456983,-0.0619428628944739,0.0663790065383276
ACH-002269,CNS/Brain,0.0555295558520007,-0.2036323675825783,-3.011745915148003,-1.942827316501453,-2.8485103701317365,-0.0195448033174057,0.1870229867404964
ACH-002278,Peripheral Nervous System,-0.0818608014472345,-0.5056951645248158,-2.484676064349176,-2.2134016473023364,-3.13129935354573,-0.2087394102946131,1.287073660103819
ACH-002280,Peripheral Nervous System,-0.2473455447565841,0.2707913895925466,-2.985458197190132,-2.4382499179899826,-2.5772275152305864,-0.2335181727051344,-0.2230828037345157
ACH-002282,Peripheral Nervous System,0.3522891257206669,0.3263086410255219,-2.6133832114950915,-1.660765217621551,-3.062044287552278,-0.6524573018221473,0.7817146748242079
ACH-002283,Peripheral Nervous System,0.242476110222911,-0.2662407181526616,-2.669025390934669,-2.276524473113931,-2.854328646190692,-0.6577680188300415,0.4763621600844844
ACH-002284,Peripheral Nervous System,0.2261225033006459,-0.2591252775219235,-2.0753428267212954,-1.9893949305107657,-3.0619465090945144,-0.1115716001428764,0.1639244196948572
ACH-002285,Peripheral Nervous System,0.2356418543098427,-0.1764565932912468,-3.0333642017963887,-1.4415678692741434,-2.588742302608364,-0.2368647145546785,0.2718445108528109
ACH-002291,Testis,0.1902072606252007,-0.3690365219383958,-3.1744985414651987,-2.002022848523149,-2.249478044208759,-0.2897249457036032,0.5263181437887678
ACH-002294,Head and Neck,0.0074338584417836,-0.37841001409916,-1.861945154272938,-2.0883496243274307,-2.271961910760513,0.1966027354162464,-0.1930172059506683
ACH-002295,Head and Neck,0.019783854302187,-0.186993320850852,-2.877240383283864,-2.722036357979457,-2.7879924075138414,-0.2085188613979314,0.2538928466808741
ACH-002296,Head and Neck,-0.0375255618276463,-0.8970895350987278,-2.7376937472886897,-1.7024565272351455,-1.4576280788571978,-0.0080696549972405,0.0473948859916413
ACH-002297,Head and Neck,0.142962955706407,-0.0576614314543599,-2.933433345874671,-2.119766029735628,-1.5958568516348657,-0.0626428505428782,0.3635540903388616
ACH-002298,Head and Neck,0.4037150277435963,-0.195840879866474,-2.7991688719715024,-2.086134388209328,-2.106781938936761,-0.0149296938425124,0.1720486779453446
ACH-002304,CNS/Brain,0.3585173928400999,-0.0738586486606218,-2.4575098939367708,-1.9980811901580604,-2.718175500585235,-0.2268396078243604,0.0449164867765775
ACH-002305,Head and Neck,0.4490930890774993,-0.3511734485535113,-3.1912469753945016,-2.7414382801055006,-2.5172044530230577,0.0701229700348025,0.0422390532434449
ACH-002399,Breast,0.1944974014458265,-0.1965071528876512,-2.8454536512013564,-2.3055258757794936,-2.6017263080674446,-0.1511707058926114,0.1980569041021687
ACH-002400,Breast,0.0933136789378769,-0.3723487741106022,-2.542502379421648,-2.0597083078572207,-2.512906967341608,-0.2515736266285678,0.6055053023059707
ACH-002401,Breast,0.2630715742534538,-0.0204161432088203,-3.0604594243542493,-2.4205995497193307,-2.207964430738365,-0.0897434790289409,0.2903436088871863
ACH-002446,Esophagus/Stomach,0.109934606144719,-1.3133687148923714,-3.394215809903971,-2.9102483766196867,-2.162875060159373,-0.1785736713245914,0.2610382261742595
ACH-002458,Skin,0.2993344418840938,-0.249943868620125,-1.9958926771611616,-2.154266359835836,-2.68923898013802,-0.2224697395484128,0.960109585678454
ACH-002460,Skin,0.5272827587788311,-0.3353383769236169,-2.4460108341370117,-2.282673615820524,-2.479409394724412,-0.2418200678699681,0.6580121864394053
ACH-002461,Skin,0.1203865439207851,-0.1066019019814603,-3.1824195506688766,-2.574416475422484,-2.328921919226257,-0.146027008194472,0.2512573519180708
ACH-002462,Eye,0.2426256199221143,-1.857111403816288,-2.920449316709707,-2.765758618029925,-3.169123227184368,-0.3204210501603756,1.673741664172393
ACH-002463,Eye,0.2013679831305066,-1.895894685346858,-1.734057346730212,-1.8460617887924988,-2.9381493561726133,0.0530691589594014,1.341455817460923
ACH-002464,Eye,0.1950723508172423,-2.634786884490218,-2.8547880711777704,-2.7361300483004656,-3.3768450827339698,-0.7549618124375425,2.915941243058684
ACH-002465,Eye,0.2056952195627212,-1.0806957652585805,-2.9699311342817936,-2.3032317904339474,-2.6422653125148963,-0.0329809332881885,1.6043588949420122
ACH-002467,Eye,0.3273608943410159,-0.8929466939283617,-2.7082195360121952,-2.2082187763093444,-2.6265485421041967,-0.3889367145057062,1.691122948726891
ACH-002470,Bone,-0.0049339925287721,-0.2651478339620874,-3.1950422526582885,-2.2819534855409107,-2.303749440261543,-1.0387966387355565,0.6961879365804537
ACH-002471,Bone,0.1392284852934253,-0.3637769141412665,-2.620055158941057,-2.644803341953094,-2.274843300147904,0.0132784987686339,0.1484644408457776
ACH-002475,Myeloid,0.0248172568743161,-0.36540419794601,-2.522077201918323,-2.54688613823968,-2.6544054746907157,-0.0598977496283036,0.6337582895730416
ACH-002478,Lymphoid,0.2473130651455032,-0.29354203521313,-2.715387739635882,-2.248290458832981,-2.6655600784489306,-0.1241440100579689,0.2935432998650455
ACH-002485,Lymphoid,0.3519736454397824,-0.3945754657099649,-2.865185199271542,-2.758820627539301,-2.4300977875603804,-0.1216263051667776,0.0068593969255558
ACH-002486,Ovary/Fallopian Tube,0.2160514641355293,-0.9959777748937112,-2.3504074207609515,-1.7932226469161536,-2.326970408299664,-0.1348009837862815,0.2132729414823848
ACH-002490,Lung,0.5115956316007877,-0.3332490106810313,-3.364473064208092,-2.632163004104111,-2.8044490928204064,-0.0203837658961687,0.2840984358300834
ACH-002499,Breast,0.0926423854822343,-0.6197555110431311,-2.626449417095822,-2.8380134095248186,-2.250269636864713,0.3660316449888073,-0.135750267977585
ACH-002500,Lymphoid,0.3229522167994821,-0.3737508925241108,-2.957791220314036,-2.146723562005675,-2.514442460519293,-0.0367019678714193,0.2169030468936743
ACH-002508,Skin,0.1756251235327563,-0.6492492570129625,-2.970546138400406,-1.913263538242497,-2.504111016935516,0.2189435305827583,0.0723617529776389
ACH-002510,Skin,0.0611603882126207,-0.306302409857914,-3.027005272328995,-1.8635100376584584,-2.3604914529122056,0.0359237555932961,1.159490671657815
ACH-002511,Skin,0.0411675630656137,-0.2869341213269736,-2.9965477692289797,-2.92669643758588,-2.1822492073990185,-0.118496105203922,0.5124135736224888
ACH-002512,Skin,0.3356386027054185,-0.5907450881293849,-2.255649263042728,-2.4404323800881293,-2.657784599352933,0.1009683333295565,-0.0718767740557963
ACH-002522,Lung,0.1604794729864063,-0.1848973977886067,-2.5982082653450957,-2.545792123560516,-1.832418307811969,-0.056295462046642,0.2116715203736985
ACH-002523,Liver,0.1120965420810879,-0.1930597107901177,-3.242038913122963,-1.9910656908273652,-2.774417867301747,0.0275853820343817,0.1404978257688866
ACH-002524,Ovary/Fallopian Tube,0.2742251015273554,-0.5376367577978435,-1.9495799035992123,-1.8199147852450743,-2.082733720929871,0.429988703287794,0.1587578124942666
ACH-002526,Lung,0.2557519898901002,-0.3613582095451074,-3.2044167280845497,-2.780341399888824,-1.736692335051052,0.0011138631185691,0.3018381856857882
ACH-002528,Kidney,0.2769006479912832,-0.0393344142004546,-3.0053345081598284,-2.869639146554614,-2.339914245228342,-0.2435478529464873,0.3108227554061467
ACH-002530,Bowel,0.2509080680338617,-0.6664855170727566,-2.878280379851523,-2.418966441154744,-2.196080249934369,0.1996258540579556,0.1882855824135324
ACH-002531,Lung,0.4916077120472342,-1.3790021207794114,-2.08029412233552,-2.4721512071305263,-2.6155521118985057,-0.0422285676494254,1.7495624470693023
ACH-002533,Kidney,0.1196645315774452,-0.1988011993182064,-2.712348019356962,-1.9161253334272,-2.860615360082136,-0.0422075087098252,1.232415109456029
ACH-002535,Bowel,0.1074568656483114,-2.3230136805106567,-3.1501408913361306,-2.387041196262264,-2.0983060426497278,0.0880184052872132,0.2072904286312132
ACH-002538,Bowel,0.1756267235050833,-0.0927234523744113,-1.455285610535458,-2.050550822008104,-2.620153655193408,-0.4655734831633811,-0.0326286586797547
ACH-002544,Esophagus/Stomach,0.1105441916002577,-0.1472578674878553,-2.492828340922672,-2.088377417424187,-2.4673013543122844,-0.4235483675190888,0.2412091906442376
ACH-002647,Biliary Tract,0.4124392673963272,-0.5529391188515402,-2.5785096668967924,-1.9692773826981127,-2.6421940408695974,0.0459553586313959,0.990822093878533
ACH-002650,Lung,0.2287721672212912,-0.0566734015866284,-2.7784662634689505,-1.9626380121927527,-2.5147078952929243,-0.3065209730740994,0.246939258321228
ACH-002654,Bowel,0.1383075897830749,-2.1408669622985514,-3.282150987916841,-2.6775689455431664,-2.230248942914435,0.0094197934124865,0.307646578687932
ACH-002659,Bowel,-0.0179882178884322,-0.1971811497285652,-2.966623763312485,-2.403769556384165,-1.940692353040747,-0.1585325466159678,0.1870271738285427
ACH-002660,Bowel,0.4782899213228248,-1.2199597392354702,-2.956983824607503,-2.610836285882828,-2.175904150823258,-0.339768500666727,0.0809490516329874
ACH-002662,Bowel,0.0604793315245613,-0.7334841437320747,-3.2120789762073807,-2.190088515980789,-2.6197274422393964,-0.0066184451502688,0.2660790281715822
ACH-002664,Bowel,0.0263830243893748,-1.0110978288876562,-3.4860235822494188,-2.0237259183718104,-2.5111638722171965,-0.0643020913191152,-0.5502218699010282
ACH-002669,Bowel,0.1922204577975007,-0.1378961863886662,-3.2168911051084685,-2.725742666713151,-2.132398023193118,0.1257269104673652,0.253411171680569
ACH-002672,Pancreas,0.3380925478593635,-1.8561957336258736,-3.208003383882582,-2.068420285496004,-2.317491293300261,0.1174884164366691,0.1651249484570197
ACH-002677,Lymphoid,0.0504176217255985,-0.1306988477450402,-2.2767068825261108,-1.857601119458676,-2.61824369849551,-0.1040901108149223,0.4719867299222766
ACH-002678,Lymphoid,0.2333769688153963,-0.2671164589484348,-2.7321747761954005,-2.3774157131581264,-2.30856887063054,-0.0465502573144265,0.2333118534757046
ACH-002680,CNS/Brain,0.233120707399521,-0.8950778112400009,-3.3383844053660896,-2.0735018414613235,-2.45827916875975,0.0289033859935806,0.2563301213340857
ACH-002681,CNS/Brain,0.0531742866606388,-0.3771628681246227,-2.2547320990911937,-2.0040141699614997,-2.5675525919688305,-0.0887179584281304,0.342446640896987
ACH-002687,Eye,0.4607473594672808,-0.3498769919041262,-2.9046319605338766,-2.7618153112165933,-2.09802935092171,-0.3242969007621876,1.7156558425856492
ACH-002690,Bone,0.1785370075378404,-0.3329558284873951,-2.5486803029655505,-2.092239833850301,-2.638782337642983,-0.1746102611184099,-0.0018013462423944
ACH-002693,Peripheral Nervous System,0.1914691228024811,-0.3272152052956454,-2.297494531005322,-1.9299241300907612,-2.334745180451315,-0.2821525289893057,0.0100061540780465
ACH-002705,Esophagus/Stomach,0.0329615751101458,-0.4932728986214598,-3.338799766267181,-2.424796088045694,-2.323443303169979,-0.0105079956182826,0.2379621543859973
ACH-002706,Esophagus/Stomach,0.1297050452750169,-1.1829869691975912,-2.2089386675621645,-2.8986730740775437,-2.417321743304868,-0.0984132641962252,0.2579145366188844
ACH-002709,Myeloid,0.2918226348815437,-0.4223415115477986,-2.700795431244286,-2.2818604502186117,-2.814691808793346,0.0575121418494022,0.048361440991544
ACH-002710,Peripheral Nervous System,0.1130935517192781,-0.2641616469748148,-3.3406992621625458,-2.1199228042103977,-2.5552416338441413,-0.1482659159714151,0.3125113805339111
ACH-002711,Head and Neck,0.180284733205088,-0.5611245155116346,-3.5831887139664,-2.752325538298843,-2.854435758240188,-0.5316973603493653,0.2529278238118763
ACH-002778,Bone,0.1591096814049336,-0.3933428532432882,-2.5073314855465507,-2.5342717987387733,-2.294196391950159,-0.13455399111391,-0.047327607412367
ACH-002780,Bone,-0.0773962857682879,-0.5579147307528081,-2.4401851911342187,-2.3015602464197675,-2.261099792526521,-0.0462019049938744,0.189909581766107
ACH-002782,Soft Tissue,0.2225418834818653,-0.4391885982244344,-2.6938069243918825,-2.130071978333473,-2.9113883989836578,-0.0070540107737809,0.1639748296915902
ACH-002784,Soft Tissue,0.2654443155584697,-0.639158125088412,-2.7723495010528447,-2.5118319630563075,-2.4930129223320767,-0.1044825187520445,0.2815205730919581
ACH-002785,Soft Tissue,0.0067952265224134,0.0074756458511439,-2.615898180968716,-2.8842060590475973,-2.847875257665034,-0.1231985804126459,0.4260702231925133
ACH-002792,Soft Tissue,0.2348987658519578,-0.6698090881200657,-2.264452322083979,-2.0844401905157235,-2.7886655780891303,-0.1388655234243908,2.0959488095831995
ACH-002799,Peripheral Nervous System,0.3714857311159586,-0.337690566309655,-2.6681921491147884,-2.6194056797816887,-2.470398259991913,-0.1806336112086452,0.4308587872715102
ACH-002800,Peripheral Nervous System,0.0162635129536491,-0.4493218048869734,-3.2621049513840177,-2.668324076802085,-2.4457619462077536,0.2791153487714222,0.3220348245287515
ACH-002806,CNS/Brain,-0.0232157275815123,-0.1745396928584875,-2.883994174226511,-3.0622209305961707,-2.8210634378228527,-0.1638063846760094,0.2029339110279863
ACH-002834,Bone,0.2690357973581017,-0.5481159671749654,-2.990325980660941,-2.3658815101459445,-2.436108586369594,0.0009047498051988,0.0586873064105929
ACH-002847,Skin,0.2688462939107666,-0.1053773106137995,-2.8325307586222306,-2.3368195557760654,-2.814228803750494,-0.3015105840893997,1.8830249220366948
ACH-002922,Peripheral Nervous System,0.1599912365082182,-0.2789505938247094,-3.096521076289908,-2.1513077356154398,-2.539164905857505,-0.0305114774867213,0.4473782756131331
ACH-002925,Eye,0.6271966604349074,-0.3567137688291926,-1.422653300649239,-2.050089655151505,-2.8423506578934776,-0.0565424583882279,1.2927471633798948
ACH-002926,Eye,0.6875980795521958,-0.3477123856831964,-2.274673617153487,-2.600841586736397,-2.7443395606179326,-0.0977924611898357,1.771296894342253
ACH-002928,Skin,0.0428511093317728,-0.1885653780550137,-3.186690201004483,-2.970889676872359,-2.702282026628606,-0.0833564716823065,1.2716944881011836
ACH-003012,Lung,0.627378485783507,-1.2064068225682802,-2.494114629188686,-2.2473402847893245,-2.417176075524487,0.1149370739506039,1.5396766724057345
ACH-003177,Soft Tissue,0.0994058695965855,-0.8740859396701794,-3.302307847867071,-2.5110329035837435,-2.587928879194592,0.1330409496825501,0.4583128543690544
ACH-003180,Soft Tissue,0.1166045269268385,-0.5373338317766512,-3.218967988623135,-2.456208640494562,-2.973482801884752,0.0967169958098901,0.3862884906619384
