Gene name	Cell line	nTPM	pancreatic
KRAS	143B	113.2	False
KRAS	22Rv1	36.7	False
KRAS	23132/87	34.8	False
KRAS	253J	10.5	False
KRAS	253J-BV	11.8	False
KRAS	42-MG-BA	9.3	False
KRAS	537-mel	17.4	False
KRAS	5637	17.5	False
KRAS	59M	31.9	False
KRAS	624-mel	22.9	False
KRAS	639V	21.6	False
KRAS	647V	21.4	False
KRAS	697	44.8	False
KRAS	769-P	17.0	False
KRAS	786-O	20.9	False
KRAS	8-MG-BA	10.3	False
KRAS	8305C	9.7	False
KRAS	8505C	13.7	False
KRAS	888-mel	37.1	False
KRAS	A-1207	16.9	False
KRAS	A-172	17.5	False
KRAS	A-204	16.3	False
KRAS	A-253	11.7	False
KRAS	A-375	19.9	False
KRAS	A-427	28.4	False
KRAS	A-431	15.0	False
KRAS	A-498	10.4	False
KRAS	A-549	20.2	False
KRAS	A-673	14.2	False
KRAS	A-704	13.6	False
KRAS	A101D	13.8	False
KRAS	A2058	16.3	False
KRAS	A2780	25.7	False
KRAS	A3/Kawakami	50.5	False
KRAS	A4/Fukuda	490.5	False
KRAS	ABC-1	20.6	False
KRAS	ACC-MESO-1	16.1	False
KRAS	ACHN	33.1	False
KRAS	AF22	35.9	False
KRAS	AGS	47.5	False
KRAS	ALL-SIL	44.2	False
KRAS	AM-38	18.7	False
KRAS	AML-193	14.2	False
KRAS	AMO1	67.5	False
KRAS	AN3-CA	13.9	False
KRAS	ASC2telo differentiated	13.1	False
KRAS	ASC52telo	18.6	False
KRAS	AsPC-1	23.7	True
KRAS	AU565	17.6	False
KRAS	B-CPAP	10.6	False
KRAS	BC-3C	13.7	False
KRAS	BCP-1	42.0	False
KRAS	BDCM	7.9	False
KRAS	BEN	340.4	False
KRAS	BEWO	62.3	False
KRAS	BFTC-905	17.9	False
KRAS	BFTC-909	15.7	False
KRAS	BHT-101	12.5	False
KRAS	BHY	15.1	False
KRAS	BICR 10	12.6	False
KRAS	BICR 16	17.7	False
KRAS	BICR 18	19.3	False
KRAS	BICR 22	17.4	False
KRAS	BICR 31	7.7	False
KRAS	BICR 56	31.8	False
KRAS	BICR 6	15.9	False
KRAS	BICR 78	16.2	False
KRAS	BJ [Human fibroblast]	16.4	False
KRAS	BJ hTERT+ SV40 Large T+	16.0	False
KRAS	BJ hTERT+ SV40 Large T+ RasG12V	19.9	False
KRAS	BJ1-hTERT	20.3	False
KRAS	BJAB	26.2	False
KRAS	BL-41	26.6	False
KRAS	BL-70	26.2	False
KRAS	BT-12	19.4	False
KRAS	BT-20	20.0	False
KRAS	BT-474	23.8	False
KRAS	BT-483	19.7	False
KRAS	BT-549	20.7	False
KRAS	BV-173	23.1	False
KRAS	BxPC-3	17.9	True
KRAS	C-33 A	30.4	False
KRAS	C170	24.1	False
KRAS	C2BBe1	60.2	False
KRAS	C32 [Human melanoma]	13.0	False
KRAS	C8166	12.7	False
KRAS	Ca Ski	12.3	False
KRAS	CA46	38.4	False
KRAS	CACO-2	52.8	False
KRAS	CADO-ES1	13.2	False
KRAS	Caki-1	18.7	False
KRAS	Caki-2	14.6	False
KRAS	CAL-120	31.2	False
KRAS	CAL-12T	15.8	False
KRAS	CAL-148	21.3	False
KRAS	CAL-27	18.9	False
KRAS	CAL-29	21.0	False
KRAS	CAL-33	13.0	False
KRAS	CAL-51	23.4	False
KRAS	CAL-54	19.3	False
KRAS	CAL-62	14.5	False
KRAS	CAL-78	24.6	False
KRAS	CAL-85-1	32.9	False
KRAS	Calu-1	27.2	False
KRAS	Calu-3	22.3	False
KRAS	Calu-6	59.2	False
KRAS	CAMA-1	17.9	False
KRAS	Caov-3	13.9	False
KRAS	Caov-4	18.9	False
KRAS	Capan-1	11.4	True
KRAS	CAPAN-2	25.0	True
KRAS	CaR-1	12.9	False
KRAS	CAS-1	16.2	False
KRAS	CCF-STTG1	18.2	False
KRAS	CCK-81	19.2	False
KRAS	CCRF-SB	13.5	False
KRAS	CFPAC-1	30.3	True
KRAS	CH-157MN	18.3	False
KRAS	ChaGo-K-1	5.4	False
KRAS	CHP-126	20.6	False
KRAS	CHP-212	23.2	False
KRAS	Ci-1	25.5	False
KRAS	CJM [Human melanoma]	27.5	False
KRAS	CL-11	18.6	False
KRAS	CL-14	20.1	False
KRAS	CL-34	12.5	False
KRAS	CL-40	32.3	False
KRAS	CMK	15.7	False
KRAS	CML-T1	26.4	False
KRAS	COLO 201	13.7	False
KRAS	COLO 206F	14.4	False
KRAS	COLO 320	23.9	False
KRAS	COLO 320DM	30.3	False
KRAS	COLO 668	18.3	False
KRAS	COLO 678	15.8	False
KRAS	COLO 679	17.5	False
KRAS	COLO 680N	14.3	False
KRAS	COLO 684	9.2	False
KRAS	COLO 699	18.8	False
KRAS	COLO 704	11.6	False
KRAS	COLO 741	12.9	False
KRAS	COLO 783	15.7	False
KRAS	COLO 792	19.9	False
KRAS	COLO 794	16.9	False
KRAS	COLO 800	9.6	False
KRAS	COLO 829	12.1	False
KRAS	COLO 849	15.3	False
KRAS	COR-L105	13.8	False
KRAS	COR-L23	213.0	False
KRAS	COR-L24	9.7	False
KRAS	COR-L26	11.1	False
KRAS	COR-L279	32.8	False
KRAS	COR-L311	16.0	False
KRAS	COR-L47	6.1	False
KRAS	COR-L88	44.7	False
KRAS	COR-L95	16.7	False
KRAS	COV318	11.5	False
KRAS	COV362	12.1	False
KRAS	COV413B	16.8	False
KRAS	COV434	21.3	False
KRAS	COV504	11.6	False
KRAS	COV644	25.8	False
KRAS	CPC-N	13.9	False
KRAS	CW-2	18.2	False
KRAS	D283 Med	19.5	False
KRAS	D341 Med	19.6	False
KRAS	DAN-G	55.0	False
KRAS	Daoy	23.8	False
KRAS	Daudi	32.3	False
KRAS	DB	59.1	False
KRAS	DBTRG-05MG	18.3	False
KRAS	DEL	21.5	False
KRAS	DEOC-1	20.3	False
KRAS	Detroit 562	24.4	False
KRAS	DK-MG	20.4	False
KRAS	DM-3	24.2	False
KRAS	DMS 114	28.0	False
KRAS	DMS 153	24.1	False
KRAS	DMS 273	12.6	False
KRAS	DMS 454	22.2	False
KRAS	DMS 53	150.6	False
KRAS	DMS 79	22.7	False
KRAS	DND-41	25.5	False
KRAS	DoHH2	30.4	False
KRAS	DOK	18.2	False
KRAS	DOV13	17.7	False
KRAS	DU145	50.2	False
KRAS	DU4475	18.3	False
KRAS	DV-90	28.8	False
KRAS	EB1	29.8	False
KRAS	EB2	15.5	False
KRAS	EB3 [Human Burkitt lymphoma]	45.8	False
KRAS	EBC-1	26.0	False
KRAS	EC-GI-10	19.9	False
KRAS	ECC10	13.5	False
KRAS	ECC12	14.1	False
KRAS	EFE-184	17.2	False
KRAS	EFM-19	19.0	False
KRAS	EFM-192A	11.4	False
KRAS	EFO-21	10.4	False
KRAS	EFO-27	19.9	False
KRAS	EHEB	14.7	False
KRAS	EJM	18.0	False
KRAS	EKVX	13.6	False
KRAS	EM-2	11.9	False
KRAS	EN	27.5	False
KRAS	EoL-1	10.9	False
KRAS	EPLC-272H	14.4	False
KRAS	ES-2	20.6	False
KRAS	ESS-1	19.7	False
KRAS	Evsa-T	6.0	False
KRAS	EW-8	20.6	False
KRAS	EWS-502	21.4	False
KRAS	F-36P	16.1	False
KRAS	FaDu	26.8	False
KRAS	Farage	88.3	False
KRAS	fHDF/TERT166	28.9	False
KRAS	FTC-133	7.7	False
KRAS	FTC-238	11.7	False
KRAS	FU-OV-1	40.2	False
KRAS	Fu97	26.7	False
KRAS	G-292 clone A141B1	32.0	False
KRAS	G-361	16.4	False
KRAS	G-401	21.9	False
KRAS	G-402	8.7	False
KRAS	GA-10	28.0	False
KRAS	GAMG	17.1	False
KRAS	GB-1	14.6	False
KRAS	GCIY	24.1	False
KRAS	GCT	11.0	False
KRAS	GDM-1	22.2	False
KRAS	GI-1	14.6	False
KRAS	GMS-10	9.8	False
KRAS	GOS-3	13.0	False
KRAS	GP2d	23.1	False
KRAS	Granta-519	22.6	False
KRAS	GSS	16.1	False
KRAS	GSU	32.9	False
KRAS	GTL-16	23.6	False
KRAS	H4	12.1	False
KRAS	HaCaT	17.3	False
KRAS	HAP1	38.8	False
KRAS	HARA [Human squamous cell lung carcinoma]	25.9	False
KRAS	HBEC3-KT	15.6	False
KRAS	HBF/TERT88	31.3	False
KRAS	HBL-100	16.0	False
KRAS	HCA7	15.2	False
KRAS	HCC-56	17.4	False
KRAS	HCC1011	16.3	False
KRAS	HCC1143	15.4	False
KRAS	HCC1162	12.9	False
KRAS	HCC1171	99.2	False
KRAS	HCC1187	39.5	False
KRAS	HCC1195	11.9	False
KRAS	HCC1263	23.7	False
KRAS	HCC1319	9.4	False
KRAS	HCC1359	13.9	False
KRAS	HCC1395	21.8	False
KRAS	HCC1419	18.9	False
KRAS	HCC1428	14.4	False
KRAS	HCC1438	9.0	False
KRAS	HCC1482	23.7	False
KRAS	HCC1493	22.4	False
KRAS	HCC15	17.6	False
KRAS	HCC1500	40.8	False
KRAS	HCC1534	13.3	False
KRAS	HCC1569	20.4	False
KRAS	HCC1576	17.3	False
KRAS	HCC1588	21.4	False
KRAS	HCC1599	20.5	False
KRAS	HCC1806	27.3	False
KRAS	HCC1833	23.1	False
KRAS	HCC193	26.6	False
KRAS	HCC1937	19.9	False
KRAS	HCC1954	12.0	False
KRAS	HCC202	8.7	False
KRAS	HCC2108	20.7	False
KRAS	HCC2157	13.5	False
KRAS	HCC2218	21.9	False
KRAS	HCC2270	11.0	False
KRAS	HCC2279	15.0	False
KRAS	HCC2302	23.3	False
KRAS	HCC2429	24.4	False
KRAS	HCC2450	6.9	False
KRAS	HCC2688	14.8	False
KRAS	HCC2814	26.9	False
KRAS	HCC2885	11.2	False
KRAS	HCC2911	11.5	False
KRAS	HCC2935	16.0	False
KRAS	HCC33	47.6	False
KRAS	HCC364	23.4	False
KRAS	HCC366	13.5	False
KRAS	HCC38	13.4	False
KRAS	HCC4006	16.9	False
KRAS	HCC4011	15.5	False
KRAS	HCC4017	90.2	False
KRAS	HCC44	10.8	False
KRAS	HCC461	44.7	False
KRAS	HCC515	20.3	False
KRAS	HCC630	638.9	False
KRAS	HCC70	23.9	False
KRAS	HCC78	18.5	False
KRAS	HCC827	23.1	False
KRAS	HCC827 GR5	21.1	False
KRAS	HCC89	12.1	False
KRAS	HCC95	30.1	False
KRAS	HCT 116	22.2	False
KRAS	HCT 15	30.5	False
KRAS	HD-MY-Z	10.7	False
KRAS	HDLM-2	22.0	False
KRAS	HDQ-P1	21.2	False
KRAS	HEC-1-A	13.8	False
KRAS	HEC-1-B	14.7	False
KRAS	HEC-108	8.6	False
KRAS	HEC-151	15.2	False
KRAS	HEC-251	14.3	False
KRAS	HEC-265	18.6	False
KRAS	HEC-50B	27.4	False
KRAS	HEC-59	18.1	False
KRAS	HEC-6	16.1	False
KRAS	HEK TE	18.2	False
KRAS	HEK293	13.4	False
KRAS	HEL	29.0	False
KRAS	HEL 92.1.7	30.5	False
KRAS	HeLa	19.8	False
KRAS	Hep 3B2.1-7	28.8	False
KRAS	Hep-G2	12.9	False
KRAS	HEY	27.5	False
KRAS	HEY A8	30.5	False
KRAS	HGC-27	16.9	False
KRAS	HH [Human lymphoma]	19.3	False
KRAS	HHSteC	14.1	False
KRAS	HL-60	17.1	False
KRAS	HLF	19.8	False
KRAS	HLF-a	15.1	False
KRAS	HMC-1	23.1	False
KRAS	HMC-1-8	40.2	False
KRAS	HMCB	20.5	False
KRAS	HMEL	10.1	False
KRAS	HMY-1	12.7	False
KRAS	HN	9.5	False
KRAS	HNT-34	30.2	False
KRAS	HOP-62	36.0	False
KRAS	HOP-92	10.0	False
KRAS	HOS	29.4	False
KRAS	HPAC	28.7	False
KRAS	HPAF-II	48.4	True
KRAS	HPB-ALL	24.6	False
KRAS	Hs 172.T	32.4	False
KRAS	Hs 229.T	21.0	False
KRAS	Hs 255.T	25.7	False
KRAS	Hs 274.T	26.0	False
KRAS	Hs 281.T	19.1	False
KRAS	Hs 294T	14.9	False
KRAS	Hs 343.T	19.8	False
KRAS	Hs 38.T	14.0	False
KRAS	Hs 578T	13.1	False
KRAS	Hs 600.T	19.9	False
KRAS	Hs 606.T	19.7	False
KRAS	Hs 611.T	15.1	False
KRAS	Hs 616.T	20.3	False
KRAS	Hs 618.T	15.1	False
KRAS	Hs 675.T	16.1	False
KRAS	Hs 683	14.2	False
KRAS	Hs 688(A).T	22.7	False
KRAS	Hs 695T	8.8	False
KRAS	Hs 698.T	16.4	False
KRAS	Hs 706.T	20.3	False
KRAS	Hs 729.T	32.2	False
KRAS	Hs 737.T	19.8	False
KRAS	Hs 739.T	19.8	False
KRAS	Hs 742.T	19.6	False
KRAS	Hs 746.T	24.1	False
KRAS	Hs 751.T	26.0	False
KRAS	Hs 766T	15.3	False
KRAS	Hs 819.T	18.6	False
KRAS	Hs 821.T	22.6	False
KRAS	Hs 822.T	25.1	False
KRAS	Hs 834.T	18.0	False
KRAS	Hs 839.T	22.4	False
KRAS	Hs 840.T	18.3	False
KRAS	Hs 852.T	12.8	False
KRAS	Hs 863.T	28.6	False
KRAS	Hs 870.T	26.4	False
KRAS	Hs 888.T	16.6	False
KRAS	Hs 895.T	23.1	False
KRAS	Hs 934.T	23.1	False
KRAS	Hs 936.T	20.6	False
KRAS	Hs 939.T	11.7	False
KRAS	Hs 940.T	15.9	False
KRAS	Hs 944.T	12.1	False
KRAS	HSC-2	20.7	False
KRAS	HSC-3	25.2	False
KRAS	HSC-4	17.2	False
KRAS	HSkMC	17.4	False
KRAS	HT	27.0	False
KRAS	HT-1080	18.4	False
KRAS	HT-1197	30.4	False
KRAS	HT-1376	11.3	False
KRAS	HT-144	17.0	False
KRAS	HT-29	27.8	False
KRAS	HT-55	18.1	False
KRAS	HT115	27.6	False
KRAS	hTCEpi	22.3	False
KRAS	hTEC/SVTERT24-B	20.1	False
KRAS	hTERT-HME1	18.3	False
KRAS	hTERT-RPE1	30.6	False
KRAS	HuCC-T1	9.5	False
KRAS	HuG1-N	2176.4	False
KRAS	HuH-1	15.3	False
KRAS	HuH-28	9.6	False
KRAS	HuH-6	37.3	False
KRAS	Huh-7	35.4	False
KRAS	HuNS1	6.1	False
KRAS	HuP-T3	17.9	True
KRAS	HuP-T4	20.6	True
KRAS	HuT 102	20.6	False
KRAS	HuT 78	16.8	False
KRAS	HuTu 80	16.0	False
KRAS	HUVEC/TERT2	24.0	False
KRAS	IA-LM	48.2	False
KRAS	IGR-1	23.5	False
KRAS	IGR-37	20.1	False
KRAS	IGR-39	20.4	False
KRAS	IGROV-1	18.1	False
KRAS	IM95	22.4	False
KRAS	IMR-32	30.4	False
KRAS	INA-6	14.0	False
KRAS	IOMM-Lee	12.7	False
KRAS	IPC-298	14.4	False
KRAS	Ishikawa (Heraklio) 02 ER-	23.9	False
KRAS	IST-Mes1	8.3	False
KRAS	IST-Mes2	11.9	False
KRAS	J82	15.2	False
KRAS	JeKo-1	25.3	False
KRAS	JH-EsoAd1	32.9	False
KRAS	JHH-1	21.3	False
KRAS	JHH-2	5.6	False
KRAS	JHH-4	14.5	False
KRAS	JHH-5	15.0	False
KRAS	JHH-6	14.9	False
KRAS	JHH-7	32.3	False
KRAS	JHOC-5	27.7	False
KRAS	JHOM-1	15.3	False
KRAS	JHOM-2B	17.5	False
KRAS	JHOS-2	20.4	False
KRAS	JHOS-4	17.4	False
KRAS	JHUEM-1	19.0	False
KRAS	JHUEM-2	16.3	False
KRAS	JHUEM-3	30.9	False
KRAS	JHUEM-7	18.7	False
KRAS	JIMT-1	16.0	False
KRAS	Jiyoye	18.1	False
KRAS	JJ012	15.3	False
KRAS	JJN-3	28.3	False
KRAS	JK-1	17.4	False
KRAS	JL-1	13.7	False
KRAS	JM-1	75.5	False
KRAS	JMSU-1	30.7	False
KRAS	JURKAT	22.1	False
KRAS	Jurkat E6.1	24.4	False
KRAS	JURL-MK1	21.4	False
KRAS	JVM-2	6.5	False
KRAS	JVM-3	21.8	False
KRAS	K-562	20.8	False
KRAS	K029AX	14.5	False
KRAS	KALS-1	21.5	False
KRAS	Karpas-1106P	43.4	False
KRAS	Karpas-299	32.2	False
KRAS	Karpas-422	23.5	False
KRAS	Karpas-620	38.8	False
KRAS	Karpas-707	15.1	False
KRAS	Kasumi-1	17.3	False
KRAS	Kasumi-2	40.7	False
KRAS	Kasumi-6	9.5	False
KRAS	KATO III	28.6	False
KRAS	KCI-MOH1	41.3	False
KRAS	KCL-22	20.7	False
KRAS	KD [Human abdomen rhabdoid tumor]	13.7	False
KRAS	KE-37	23.1	False
KRAS	KE-39	296.1	False
KRAS	KE-97	60.6	False
KRAS	Kelly	14.8	False
KRAS	KG-1	24.6	False
KRAS	KG-1-C	13.0	False
KRAS	KHM-1B	30.3	False
KRAS	Ki-JK	28.4	False
KRAS	KLE	150.8	False
KRAS	KLM-1	18.9	False
KRAS	KM-H2	14.8	False
KRAS	KM12	17.8	False
KRAS	KMBC-2	19.1	False
KRAS	KMM-1	34.4	False
KRAS	KMRC-1	9.5	False
KRAS	KMRC-2	12.1	False
KRAS	KMRC-20	14.7	False
KRAS	KMRC-3	11.3	False
KRAS	KMS-11	40.7	False
KRAS	KMS-12-BM	27.2	False
KRAS	KMS-18	23.7	False
KRAS	KMS-20	37.7	False
KRAS	KMS-21-BM	13.5	False
KRAS	KMS-26	145.5	False
KRAS	KMS-27	8.8	False
KRAS	KMS-28BM	20.6	False
KRAS	KMS-34	65.9	False
KRAS	KNS-42	15.6	False
KRAS	KNS-60	15.0	False
KRAS	KNS-62	14.3	False
KRAS	KNS-81	18.5	False
KRAS	KO52	18.6	False
KRAS	KOPN-8	23.7	False
KRAS	KP-2	29.7	False
KRAS	KP-3	17.5	False
KRAS	KP-4	24.3	False
KRAS	KP-MRT-RY	91.5	False
KRAS	KP-N-RT-BM-1	18.6	False
KRAS	KP-N-SI9s	12.7	False
KRAS	KP-N-YN	22.0	False
KRAS	KPL-1	12.3	False
KRAS	KPL-4	20.8	False
KRAS	KS-1 [Human glioblastoma]	10.0	False
KRAS	KU-19-19	17.5	False
KRAS	Ku812	10.6	False
KRAS	Kuramochi	300.9	False
KRAS	KYM-1	13.2	False
KRAS	KYO-1	4.9	False
KRAS	KYSE-140	27.9	False
KRAS	KYSE-150	22.5	False
KRAS	KYSE-180	22.6	False
KRAS	KYSE-270	21.5	False
KRAS	KYSE-30	20.6	False
KRAS	KYSE-410	22.4	False
KRAS	KYSE-450	26.6	False
KRAS	KYSE-510	22.5	False
KRAS	KYSE-520	23.5	False
KRAS	KYSE-70	69.8	False
KRAS	L-1236	44.9	False
KRAS	L-363	32.8	False
KRAS	L-428	130.5	False
KRAS	L-540	91.7	False
KRAS	L3.3	23.7	False
KRAS	LAMA-84	17.9	False
KRAS	LC-1F	18.9	False
KRAS	LCLC-103H	13.4	False
KRAS	LCLC-97TM1	38.0	False
KRAS	LHCN-M2	23.4	False
KRAS	Li-7	27.0	False
KRAS	LK-2	38.2	False
KRAS	LMSU	8.0	False
KRAS	LN-18	9.8	False
KRAS	LN-215	11.6	False
KRAS	LN-229	14.9	False
KRAS	LN-235	22.4	False
KRAS	LN-308	19.4	False
KRAS	LN-319	11.2	False
KRAS	LN-340	15.9	False
KRAS	LN-382	12.0	False
KRAS	LN-428	10.9	False
KRAS	LN-443	18.4	False
KRAS	LN-464	15.0	False
KRAS	LNCaP	20.7	False
KRAS	LNCaP clone FGC	16.7	False
KRAS	LOU-NH91	9.6	False
KRAS	Loucy	28.1	False
KRAS	LoVo	28.5	False
KRAS	LOX-IMVI	19.7	False
KRAS	LP-1	51.8	False
KRAS	LS1034	35.6	False
KRAS	LS123	21.4	False
KRAS	LS180	23.4	False
KRAS	LS411N	21.0	False
KRAS	LS513	19.8	False
KRAS	Lu-65	55.4	False
KRAS	Lu-99	51.2	False
KRAS	LUDLU-1	17.1	False
KRAS	LXF 289	16.2	False
KRAS	LXFL 529L	14.9	False
KRAS	M-07e	17.5	False
KRAS	M059K	14.3	False
KRAS	Malme-3M	18.7	False
KRAS	MC116	25.1	False
KRAS	MCAS	24.9	False
KRAS	MCF-10A	19.2	False
KRAS	MCF-7	14.1	False
KRAS	MDA-MB-134-VI	19.0	False
KRAS	MDA-MB-157	12.1	False
KRAS	MDA-MB-175-VII	27.9	False
KRAS	MDA-MB-231	12.7	False
KRAS	MDA-MB-330	29.9	False
KRAS	MDA-MB-361	23.2	False
KRAS	MDA-MB-415	18.9	False
KRAS	MDA-MB-435	9.5	False
KRAS	MDA-MB-435S	8.1	False
KRAS	MDA-MB-436	17.7	False
KRAS	MDA-MB-453	17.1	False
KRAS	MDA-MB-468	16.0	False
KRAS	MDA-PCa-2b	27.1	False
KRAS	MDST8	9.7	False
KRAS	ME-1 [Human leukemia]	13.4	False
KRAS	ME-180	15.4	False
KRAS	MEC-1	12.7	False
KRAS	MEG-01	11.3	False
KRAS	Mel 928	26.2	False
KRAS	Mel Ho	16.6	False
KRAS	Mel JuSo	12.5	False
KRAS	MES-SA	54.2	False
KRAS	MeWo	30.8	False
KRAS	MFE-280	13.1	False
KRAS	MFE-296	21.7	False
KRAS	MFE-319	16.4	False
KRAS	MFM-223	46.4	False
KRAS	MG-63	20.9	False
KRAS	MHH-CALL-2	41.2	False
KRAS	MHH-CALL-3	30.1	False
KRAS	MHH-CALL-4	19.4	False
KRAS	MHH-ES-1	20.5	False
KRAS	MHH-NB-11	20.7	False
KRAS	MHH-PREB-1	46.9	False
KRAS	MIA PaCa-2	18.7	True
KRAS	Mino	36.3	False
KRAS	MJ	6.6	False
KRAS	MKN1	231.4	False
KRAS	MKN45	21.7	False
KRAS	MKN7	15.6	False
KRAS	MKN74	25.3	False
KRAS	ML-1 [Human thyroid carcinoma]	14.5	False
KRAS	ML-2	29.2	False
KRAS	MM1.S	33.0	False
KRAS	MOLM-13	15.1	False
KRAS	MOLM-16	38.1	False
KRAS	MOLM-6	12.9	False
KRAS	MOLP-2	15.6	False
KRAS	MOLP-8	33.5	False
KRAS	MOLT-13	17.2	False
KRAS	MOLT-16	37.5	False
KRAS	MOLT-3	16.8	False
KRAS	MOLT-4	44.1	False
KRAS	MON	15.8	False
KRAS	Mono-Mac-1	17.4	False
KRAS	Mono-Mac-6	16.6	False
KRAS	MOR	28.7	False
KRAS	MOR/CPR	31.8	False
KRAS	MPP 89	11.2	False
KRAS	MS751	21.2	False
KRAS	MSTO-211H	23.2	False
KRAS	MUTZ-3	26.1	False
KRAS	MUTZ-5	19.8	False
KRAS	MV4-11	20.0	False
KRAS	MX-1	12.4	False
KRAS	NALM-1	23.4	False
KRAS	NALM-19	37.5	False
KRAS	NALM-6	34.1	False
KRAS	Namalwa	29.4	False
KRAS	NB1	35.9	False
KRAS	NB4	45.0	False
KRAS	NCC-StC-K140	20.8	False
KRAS	NCE-G 111	32.7	False
KRAS	NCE-G 118	12.2	False
KRAS	NCE-G 120	7.6	False
KRAS	NCE-G 121	12.6	False
KRAS	NCE-G 122	11.5	False
KRAS	NCE-G 124	27.7	False
KRAS	NCE-G 130	17.3	False
KRAS	NCE-G 140	23.3	False
KRAS	NCE-G 22	15.7	False
KRAS	NCE-G 28T	11.5	False
KRAS	NCE-G 44	13.9	False
KRAS	NCE-G 59	10.8	False
KRAS	NCE-G 61	17.6	False
KRAS	NCE-G 84	10.2	False
KRAS	NCI-H1048	20.0	False
KRAS	NCI-H1092	12.6	False
KRAS	NCI-H1105	23.2	False
KRAS	NCI-H1155	15.2	False
KRAS	NCI-H1184	21.3	False
KRAS	NCI-H1299	23.3	False
KRAS	NCI-H1341	18.9	False
KRAS	NCI-H1355	19.3	False
KRAS	NCI-H1373	27.6	False
KRAS	NCI-H1385	157.1	False
KRAS	NCI-H1395	21.2	False
KRAS	NCI-H1435	24.4	False
KRAS	NCI-H1436	18.2	False
KRAS	NCI-H1437	17.0	False
KRAS	NCI-H146	25.8	False
KRAS	NCI-H1563	12.8	False
KRAS	NCI-H1568	18.1	False
KRAS	NCI-H157	31.6	False
KRAS	NCI-H1573	23.4	False
KRAS	NCI-H1581	7.3	False
KRAS	NCI-H1618	19.5	False
KRAS	NCI-H1623	26.8	False
KRAS	NCI-H1648	15.4	False
KRAS	NCI-H1650	12.9	False
KRAS	NCI-H1651	13.4	False
KRAS	NCI-H1666	12.2	False
KRAS	NCI-H1693	12.2	False
KRAS	NCI-H1694	22.2	False
KRAS	NCI-H1703	35.2	False
KRAS	NCI-H1734	41.6	False
KRAS	NCI-H1755	28.4	False
KRAS	NCI-H1770	12.1	False
KRAS	NCI-H1781	20.0	False
KRAS	NCI-H1792	16.6	False
KRAS	NCI-H1793	21.0	False
KRAS	NCI-H1819	7.0	False
KRAS	NCI-H1836	17.0	False
KRAS	NCI-H1838	18.4	False
KRAS	NCI-H1869	24.5	False
KRAS	NCI-H187	26.5	False
KRAS	NCI-H1876	34.0	False
KRAS	NCI-H1882	31.1	False
KRAS	NCI-H1915	12.6	False
KRAS	NCI-H1930	25.9	False
KRAS	NCI-H1944	12.0	False
KRAS	NCI-H196	13.4	False
KRAS	NCI-H1963	13.5	False
KRAS	NCI-H1975	8.0	False
KRAS	NCI-H2004RT	17.6	False
KRAS	NCI-H2009	31.9	False
KRAS	NCI-H2023	19.2	False
KRAS	NCI-H2029	16.0	False
KRAS	NCI-H2030	12.5	False
KRAS	NCI-H2052	16.6	False
KRAS	NCI-H2066	18.9	False
KRAS	NCI-H2073	14.0	False
KRAS	NCI-H2077	14.7	False
KRAS	NCI-H2081	22.8	False
KRAS	NCI-H2085	14.7	False
KRAS	NCI-H2087	12.7	False
KRAS	NCI-H209	16.2	False
KRAS	NCI-H2106	12.6	False
KRAS	NCI-H211	41.7	False
KRAS	NCI-H2110	22.4	False
KRAS	NCI-H2122	15.6	False
KRAS	NCI-H2126	13.1	False
KRAS	NCI-H2135	27.3	False
KRAS	NCI-H2170	29.3	False
KRAS	NCI-H2171	17.1	False
KRAS	NCI-H2172	13.8	False
KRAS	NCI-H2196	43.6	False
KRAS	NCI-H2198	29.1	False
KRAS	NCI-H2227	14.5	False
KRAS	NCI-H2228	15.7	False
KRAS	NCI-H226	15.2	False
KRAS	NCI-H2286	24.1	False
KRAS	NCI-H2291	21.6	False
KRAS	NCI-H23	38.8	False
KRAS	NCI-H2342	8.2	False
KRAS	NCI-H2347	19.6	False
KRAS	NCI-H2369	19.8	False
KRAS	NCI-H2373	8.1	False
KRAS	NCI-H2405	12.7	False
KRAS	NCI-H2444	26.6	False
KRAS	NCI-H2452	22.8	False
KRAS	NCI-H2461	10.5	False
KRAS	NCI-H2595	17.3	False
KRAS	NCI-H2596	17.6	False
KRAS	NCI-H2722	20.1	False
KRAS	NCI-H2795	45.4	False
KRAS	NCI-H28	17.7	False
KRAS	NCI-H2803	15.8	False
KRAS	NCI-H2804	21.7	False
KRAS	NCI-H2810	11.9	False
KRAS	NCI-H2882	17.4	False
KRAS	NCI-H2887	57.4	False
KRAS	NCI-H292	13.4	False
KRAS	NCI-H3122	19.2	False
KRAS	NCI-H322	30.3	False
KRAS	NCI-H3255	18.0	False
KRAS	NCI-H345	24.4	False
KRAS	NCI-H358	43.7	False
KRAS	NCI-H441	52.8	False
KRAS	NCI-H446	16.6	False
KRAS	NCI-H460	15.9	False
KRAS	NCI-H508	16.9	False
KRAS	NCI-H510A	25.0	False
KRAS	NCI-H520	18.3	False
KRAS	NCI-H522	13.5	False
KRAS	NCI-H524	19.4	False
KRAS	NCI-H526	22.4	False
KRAS	NCI-H596	8.1	False
KRAS	NCI-H647	18.1	False
KRAS	NCI-H650	27.0	False
KRAS	NCI-H660	14.2	False
KRAS	NCI-H661	32.6	False
KRAS	NCI-H684	11.0	False
KRAS	NCI-H69	11.5	False
KRAS	NCI-H716	25.2	False
KRAS	NCI-H727	61.0	False
KRAS	NCI-H747	16.2	False
KRAS	NCI-H810	56.9	False
KRAS	NCI-H82	28.0	False
KRAS	NCI-H820	18.1	False
KRAS	NCI-H838	91.1	False
KRAS	NCI-H841	17.2	False
KRAS	NCI-H847	10.9	False
KRAS	NCI-H854	11.6	False
KRAS	NCI-H889	15.3	False
KRAS	NCI-H920	7.4	False
KRAS	NCI-H929	9.0	False
KRAS	NCI-N417	20.0	False
KRAS	NCI-N87	22.2	False
KRAS	NCO2	24.0	False
KRAS	NH-6	23.3	False
KRAS	NHAHTDD	13.5	False
KRAS	NMC-G1	12.6	False
KRAS	NOMO-1	14.1	False
KRAS	NTERA-2	69.1	False
KRAS	NU-DHL-1	43.4	False
KRAS	NU-DUL-1	24.5	False
KRAS	NUGC-2	46.7	False
KRAS	NUGC-3	12.4	False
KRAS	NUGC-4	22.5	False
KRAS	OAW28	55.3	False
KRAS	OAW42	11.4	False
KRAS	OC 314	15.3	False
KRAS	OCI-AML-2	15.7	False
KRAS	OCI-AML-3	12.4	False
KRAS	OCI-AML-5	12.5	False
KRAS	OCI-Ly10	45.3	False
KRAS	OCI-Ly19	30.7	False
KRAS	OCI-Ly3	28.5	False
KRAS	OCI-Ly7	25.8	False
KRAS	OCI-M1	19.2	False
KRAS	OCI-M2	10.7	False
KRAS	OCI-My5	41.2	False
KRAS	OCI-My7	20.4	False
KRAS	OCUM-1	11.6	False
KRAS	OE19	23.5	False
KRAS	OE21	26.2	False
KRAS	OE33	16.8	False
KRAS	OELE	15.9	False
KRAS	Okajima	21.5	False
KRAS	ONCO-DG-1	55.5	False
KRAS	ONS-76	8.4	False
KRAS	OPM-1	55.2	False
KRAS	OPM-2	49.6	False
KRAS	OS-RC-2	18.3	False
KRAS	OUMS-23	36.0	False
KRAS	OV-90	39.7	False
KRAS	OV56	19.3	False
KRAS	OV7	25.3	False
KRAS	OVCA420	18.3	False
KRAS	OVCA432	24.8	False
KRAS	OVCA433	18.4	False
KRAS	OVCAR-3	61.0	False
KRAS	OVCAR-4	21.8	False
KRAS	OVCAR-5	38.1	False
KRAS	OVCAR-8	27.1	False
KRAS	OVISE	15.9	False
KRAS	OVK18	10.8	False
KRAS	OVKATE	30.8	False
KRAS	OVMANA	18.5	False
KRAS	OVSAHO	16.4	False
KRAS	OVTOKO	17.2	False
KRAS	P12-Ichikawa	12.2	False
KRAS	P31/FUJ	19.2	False
KRAS	P3HR-1	68.0	False
KRAS	PA-1	39.5	False
KRAS	Panc 02.03	18.2	True
KRAS	Panc 02.13	9.2	True
KRAS	Panc 03.27	23.4	True
KRAS	Panc 04.03	29.2	True
KRAS	Panc 05.04	23.5	True
KRAS	Panc 08.13	30.9	True
KRAS	Panc 10.05	13.0	True
KRAS	PANC-1	21.6	True
KRAS	PaTu 8902	55.1	True
KRAS	PaTu 8988s	15.2	True
KRAS	PaTu 8988t	11.9	True
KRAS	PC-14	19.9	False
KRAS	PC-3	6.4	False
KRAS	PC-9	12.6	False
KRAS	PE/CA-PJ15	18.1	False
KRAS	PE/CA-PJ34 (clone C12)	18.4	False
KRAS	PE/CA-PJ41 (clone D2)	15.1	False
KRAS	PE/CA-PJ49	14.1	False
KRAS	Peer	19.7	False
KRAS	PEO1	19.1	False
KRAS	PF-382	20.1	False
KRAS	Pfeiffer	19.4	False
KRAS	PK-1	21.1	False
KRAS	PK-45H	15.7	False
KRAS	PK-45P	34.9	False
KRAS	PK-59	38.8	False
KRAS	PK-8	14.2	False
KRAS	PL-21	19.0	False
KRAS	PL45	22.0	True
KRAS	PLB-985	28.3	False
KRAS	PLC/PRF/5	16.7	False
KRAS	PODO/SVTERT152	13.2	False
KRAS	PODO/TERT256	22.9	False
KRAS	PrEC LH	13.1	False
KRAS	PSN1	85.5	False
KRAS	QGP-1	59.7	False
KRAS	Raji	18.5	False
KRAS	Ramos	31.3	False
KRAS	RC-K8	18.3	False
KRAS	RCC10RGB	11.2	False
KRAS	RCH-ACV	34.4	False
KRAS	RCM-1 [Human rectal adenocarcinoma]	22.7	False
KRAS	RD	10.1	False
KRAS	RD-ES	19.2	False
KRAS	REC-1	49.4	False
KRAS	REH	32.9	False
KRAS	RERF-GC-1B	52.2	False
KRAS	RERF-LC-A1	14.8	False
KRAS	RERF-LC-Ad1	63.1	False
KRAS	RERF-LC-Ad2	16.4	False
KRAS	RERF-LC-KJ	23.6	False
KRAS	RERF-LC-MS	13.7	False
KRAS	RERF-LC-OK	12.1	False
KRAS	RERF-LC-Sq1	11.8	False
KRAS	Rh18	10.8	False
KRAS	Rh30	31.9	False
KRAS	Rh41	25.7	False
KRAS	Ri-1	28.4	False
KRAS	RKN	90.6	False
KRAS	RKO	19.4	False
KRAS	RL	55.5	False
KRAS	RL95-2	13.3	False
KRAS	RMG-I	13.4	False
KRAS	RMUG-S	15.9	False
KRAS	RPMI-2650	24.0	False
KRAS	RPMI-7951	9.3	False
KRAS	RPMI-8226	43.9	False
KRAS	RPMI-8402	30.7	False
KRAS	RPTEC/TERT1	23.5	False
KRAS	RS-5	26.5	False
KRAS	RS4;11	9.6	False
KRAS	RT-112	17.6	False
KRAS	RT-4	19.4	False
KRAS	RVH-421	20.7	False
KRAS	S-117	15.5	False
KRAS	SALE	17.1	False
KRAS	SaOS-2	18.4	False
KRAS	SBC-5	15.2	False
KRAS	Sc-1	71.3	False
KRAS	SCaBER	15.2	False
KRAS	SCC-15	14.5	False
KRAS	SCC-25	15.9	False
KRAS	SCC-3	19.7	False
KRAS	SCC-4	17.5	False
KRAS	SCC-9	16.5	False
KRAS	SCLC-21H	9.5	False
KRAS	SCLC-22H	7.2	False
KRAS	SEM	34.9	False
KRAS	SET-2	15.9	False
KRAS	SF126	16.0	False
KRAS	SF172	13.0	False
KRAS	SF268	24.0	False
KRAS	SF295	16.0	False
KRAS	SF539	13.2	False
KRAS	SF767	18.6	False
KRAS	SH-10-TC	90.1	False
KRAS	SH-4	16.0	False
KRAS	SH-SY5Y	29.3	False
KRAS	SHP-77	19.6	False
KRAS	SIG-M5	25.7	False
KRAS	SiHa	15.1	False
KRAS	SiMa	19.5	False
KRAS	SJSA-1	22.5	False
KRAS	SK-BR-3	17.6	False
KRAS	SK-CO-1	49.5	False
KRAS	SK-ES-1	19.5	False
KRAS	SK-HEP-1	19.0	False
KRAS	SK-LMS-1	8.5	False
KRAS	SK-LU-1	21.4	False
KRAS	SK-MEL-1	52.1	False
KRAS	SK-MEL-2	17.9	False
KRAS	SK-MEL-23	27.5	False
KRAS	SK-MEL-24	13.7	False
KRAS	SK-MEL-28	20.8	False
KRAS	SK-MEL-3	12.4	False
KRAS	SK-MEL-30	15.9	False
KRAS	SK-MEL-31	17.7	False
KRAS	SK-MEL-5	14.8	False
KRAS	SK-MES-1	9.0	False
KRAS	SK-MM-2	38.2	False
KRAS	SK-N-AS	18.6	False
KRAS	SK-N-BE(2)	28.7	False
KRAS	SK-N-DZ	32.0	False
KRAS	SK-N-FI	46.3	False
KRAS	SK-N-MC	18.3	False
KRAS	SK-N-SH	22.7	False
KRAS	SK-NEP-1	21.2	False
KRAS	SK-OV-3	33.1	False
KRAS	SK-PN-DW	32.5	False
KRAS	SK-RC-20	11.6	False
KRAS	SK-UT-1	18.4	False
KRAS	SKM-1	11.3	False
KRAS	SKNO-1	22.0	False
KRAS	SLR20	17.7	False
KRAS	SLR21	15.0	False
KRAS	SLR23	10.9	False
KRAS	SLR24	12.6	False
KRAS	SLR25	10.8	False
KRAS	SLR26	12.5	False
KRAS	SNB-75	14.6	False
KRAS	SNG-M	14.7	False
KRAS	SNU-1	48.3	False
KRAS	SNU-1033	18.7	False
KRAS	SNU-1040	21.6	False
KRAS	SNU-1041	14.7	False
KRAS	SNU-1066	15.8	False
KRAS	SNU-1076	21.5	False
KRAS	SNU-1077	12.9	False
KRAS	SNU-1079	83.0	False
KRAS	SNU-1105	12.4	False
KRAS	SNU-119	37.6	False
KRAS	SNU-1196	755.6	False
KRAS	SNU-1197	17.6	False
KRAS	SNU-1214	19.6	False
KRAS	SNU-1272	16.5	False
KRAS	SNU-16	7.4	False
KRAS	SNU-175	46.8	False
KRAS	SNU-182	16.9	False
KRAS	SNU-201	13.4	False
KRAS	SNU-213	26.7	False
KRAS	SNU-216	9.3	False
KRAS	SNU-245	641.4	False
KRAS	SNU-283	23.3	False
KRAS	SNU-308	18.2	False
KRAS	SNU-324	15.8	False
KRAS	SNU-349	9.1	False
KRAS	SNU-387	12.5	False
KRAS	SNU-398	47.2	False
KRAS	SNU-407	14.0	False
KRAS	SNU-410	14.3	False
KRAS	SNU-423	9.4	False
KRAS	SNU-449	14.3	False
KRAS	SNU-46	20.3	False
KRAS	SNU-466	19.3	False
KRAS	SNU-475	19.9	False
KRAS	SNU-478	45.9	False
KRAS	SNU-484	21.8	False
KRAS	SNU-489	12.2	False
KRAS	SNU-5	10.8	False
KRAS	SNU-503	24.1	False
KRAS	SNU-520	14.1	False
KRAS	SNU-601	27.6	False
KRAS	SNU-61	24.3	False
KRAS	SNU-620	21.6	False
KRAS	SNU-626	15.3	False
KRAS	SNU-638	17.1	False
KRAS	SNU-668	9.7	False
KRAS	SNU-685	444.7	False
KRAS	SNU-719	17.6	False
KRAS	SNU-738	12.1	False
KRAS	SNU-761	9.5	False
KRAS	SNU-8	19.6	False
KRAS	SNU-81	26.2	False
KRAS	SNU-840	10.9	False
KRAS	SNU-869	34.4	False
KRAS	SNU-878	17.5	False
KRAS	SNU-886	19.9	False
KRAS	SNU-899	14.9	False
KRAS	SNU-C1	18.0	False
KRAS	SNU-C2A	20.9	False
KRAS	SNU-C4	27.0	False
KRAS	SNU-C5	31.5	False
KRAS	Sq-1	17.9	False
KRAS	SR	45.7	False
KRAS	ST486	39.2	False
KRAS	STM91-01	18.5	False
KRAS	SU-DHL-1	32.4	False
KRAS	SU-DHL-10	19.5	False
KRAS	SU-DHL-16	49.6	False
KRAS	SU-DHL-4	42.8	False
KRAS	SU-DHL-5	55.9	False
KRAS	SU-DHL-6	19.4	False
KRAS	SU-DHL-8	54.3	False
KRAS	SU.86.86	55.9	True
KRAS	SUIT-2	26.5	False
KRAS	SUM1315MO2	17.7	False
KRAS	SUM149PT	36.1	False
KRAS	SUM159PT	25.6	False
KRAS	SUM52PE	9.4	False
KRAS	SUP-B15	29.9	False
KRAS	SUP-M2	28.2	False
KRAS	SUP-T1	45.2	False
KRAS	SUP-T11	13.1	False
KRAS	SuSa	85.4	False
KRAS	SW1088	15.1	False
KRAS	SW1116	25.5	False
KRAS	SW1271	17.0	False
KRAS	SW1353	20.3	False
KRAS	SW1417	8.9	False
KRAS	SW1463	26.6	False
KRAS	SW1573	13.2	False
KRAS	SW1710	14.8	False
KRAS	SW1783	11.5	False
KRAS	SW1990	26.0	False
KRAS	SW403	19.4	False
KRAS	SW48	19.9	False
KRAS	SW480	36.3	False
KRAS	SW579	18.5	False
KRAS	SW620	49.4	False
KRAS	SW780	17.3	False
KRAS	SW837	25.6	False
KRAS	SW900	43.9	False
KRAS	SW948	20.4	False
KRAS	SW982	14.9	False
KRAS	T-47d	20.9	False
KRAS	T.T	74.9	False
KRAS	T1-73	29.3	False
KRAS	T24	19.8	False
KRAS	T3M-10	5.1	False
KRAS	T3M-4	24.9	False
KRAS	T84	29.1	False
KRAS	T98G	14.4	False
KRAS	TALL-1 [Human adult T-ALL]	18.7	False
KRAS	TC-71	19.9	False
KRAS	TCC-Pan2	48.4	False
KRAS	TCCSUP	15.6	False
KRAS	TE 125.T	32.9	False
KRAS	TE 159.T	21.6	False
KRAS	TE 441.T	70.4	False
KRAS	TE 617.T	18.5	False
KRAS	TE-1	16.9	False
KRAS	TE-10	18.9	False
KRAS	TE-11	20.6	False
KRAS	TE-14	15.1	False
KRAS	TE-15	20.5	False
KRAS	TE-4	14.9	False
KRAS	TE-5	14.9	False
KRAS	TE-6	31.8	False
KRAS	TE-8	28.9	False
KRAS	TE-9	17.3	False
KRAS	TEN	15.6	False
KRAS	TF-1	20.8	False
KRAS	TGBC11TKB	49.3	False
KRAS	THP-1	20.0	False
KRAS	TIG-3 TD	19.3	False
KRAS	TIME	26.0	False
KRAS	TK [Human B-cell lymphoma]	61.6	False
KRAS	TK-10	14.8	False
KRAS	TM-31	18.5	False
KRAS	Tm87-16	12.5	False
KRAS	TMD8	28.1	False
KRAS	TO 175.T	31.2	False
KRAS	Toledo	65.5	False
KRAS	TOV-112D	210.5	False
KRAS	TOV-21G	16.1	False
KRAS	TT	18.3	False
KRAS	TT2609-C02	25.5	False
KRAS	TTC-1240	29.2	False
KRAS	TTC-549	22.4	False
KRAS	TTC-642	26.3	False
KRAS	TTC-709	22.8	False
KRAS	TUHR10TKB	12.6	False
KRAS	TUHR14TKB	12.8	False
KRAS	TUHR4TKB	19.2	False
KRAS	TYK-nu	12.2	False
KRAS	U-118MG	16.6	False
KRAS	U-138MG	17.5	False
KRAS	U-178MG	12.4	False
KRAS	U-2197	34.9	False
KRAS	U-251MG	14.8	False
KRAS	U-266/70	14.6	False
KRAS	U-266/84	26.0	False
KRAS	U-2932	39.8	False
KRAS	U-343MGa	10.0	False
KRAS	U-698-M	38.7	False
KRAS	U-87MG ATCC	11.4	False
KRAS	U-937	15.5	False
KRAS	U-BLC1	27.7	False
KRAS	U266B1	25.9	False
KRAS	U2OS	18.8	False
KRAS	UACC-257	14.7	False
KRAS	UACC-62	10.0	False
KRAS	UACC-812	5.5	False
KRAS	UACC-893	31.8	False
KRAS	UCSD-242L	17.3	False
KRAS	UKE-1	21.6	False
KRAS	UM-UC-1	16.2	False
KRAS	UM-UC-3	25.4	False
KRAS	UMC-11	383.0	False
KRAS	UO-31	20.0	False
KRAS	UOK101	20.8	False
KRAS	VCaP	37.0	False
KRAS	VM-CUB-1	22.0	False
KRAS	VMRC-LCD	29.1	False
KRAS	VMRC-RCW	10.8	False
KRAS	VMRC-RCZ	12.9	False
KRAS	WM115	12.2	False
KRAS	WM1799	22.7	False
KRAS	WM266-4	9.8	False
KRAS	WM793	11.8	False
KRAS	WM88	16.8	False
KRAS	WM983B	38.4	False
KRAS	WSU-DLCL2	24.0	False
KRAS	WSU-FSCCL	55.5	False
KRAS	WSU-NHL	47.3	False
KRAS	YAPC	51.7	False
KRAS	YD-10B	27.4	False
KRAS	YD-15	21.7	False
KRAS	YD-38	27.5	False
KRAS	YD-8	18.3	False
KRAS	YH-13	17.1	False
KRAS	YKG-1	15.2	False
KRAS	YMB-1	48.8	False
KRAS	ZR-75-1	53.0	False
KRAS	ZR-75-30	19.6	False
TP53	143B	102.1	False
TP53	22Rv1	17.3	False
TP53	23132/87	90.3	False
TP53	253J	91.9	False
TP53	253J-BV	89.6	False
TP53	42-MG-BA	50.9	False
TP53	537-mel	53.0	False
TP53	5637	104.6	False
TP53	59M	7.1	False
TP53	624-mel	15.5	False
TP53	639V	121.7	False
TP53	647V	105.2	False
TP53	697	167.6	False
TP53	769-P	107.2	False
TP53	786-O	29.0	False
TP53	8-MG-BA	116.6	False
TP53	8305C	107.8	False
TP53	8505C	113.1	False
TP53	888-mel	39.8	False
TP53	A-1207	83.1	False
TP53	A-172	157.3	False
TP53	A-204	88.6	False
TP53	A-253	9.0	False
TP53	A-375	57.6	False
TP53	A-427	24.9	False
TP53	A-431	92.8	False
TP53	A-498	87.2	False
TP53	A-549	88.5	False
TP53	A-673	9.2	False
TP53	A-704	22.0	False
TP53	A101D	30.5	False
TP53	A2058	87.0	False
TP53	A2780	83.8	False
TP53	A3/Kawakami	74.3	False
TP53	A4/Fukuda	84.1	False
TP53	ABC-1	144.7	False
TP53	ACC-MESO-1	1.9	False
TP53	ACHN	79.2	False
TP53	AF22	75.8	False
TP53	AGS	64.7	False
TP53	ALL-SIL	73.5	False
TP53	AM-38	25.8	False
TP53	AML-193	8.9	False
TP53	AMO1	76.4	False
TP53	AN3-CA	50.7	False
TP53	ASC2telo differentiated	34.6	False
TP53	ASC52telo	41.0	False
TP53	AsPC-1	5.6	True
TP53	AU565	49.1	False
TP53	B-CPAP	111.0	False
TP53	BC-3C	130.2	False
TP53	BCP-1	66.5	False
TP53	BDCM	154.0	False
TP53	BEN	35.0	False
TP53	BEWO	78.2	False
TP53	BFTC-905	8.8	False
TP53	BFTC-909	45.6	False
TP53	BHT-101	75.2	False
TP53	BHY	8.7	False
TP53	BICR 10	12.3	False
TP53	BICR 16	10.6	False
TP53	BICR 18	25.9	False
TP53	BICR 22	13.7	False
TP53	BICR 31	95.8	False
TP53	BICR 56	84.6	False
TP53	BICR 6	5.4	False
TP53	BICR 78	94.4	False
TP53	BJ [Human fibroblast]	27.1	False
TP53	BJ hTERT+ SV40 Large T+	72.8	False
TP53	BJ hTERT+ SV40 Large T+ RasG12V	92.6	False
TP53	BJ1-hTERT	61.1	False
TP53	BJAB	78.9	False
TP53	BL-41	41.8	False
TP53	BL-70	282.1	False
TP53	BT-12	52.5	False
TP53	BT-20	206.6	False
TP53	BT-474	130.0	False
TP53	BT-483	44.7	False
TP53	BT-549	233.1	False
TP53	BV-173	122.1	False
TP53	BxPC-3	143.1	True
TP53	C-33 A	79.7	False
TP53	C170	85.7	False
TP53	C2BBe1	3.0	False
TP53	C32 [Human melanoma]	60.6	False
TP53	C8166	220.7	False
TP53	Ca Ski	114.8	False
TP53	CA46	162.9	False
TP53	CACO-2	4.7	False
TP53	CADO-ES1	58.1	False
TP53	Caki-1	42.4	False
TP53	Caki-2	70.9	False
TP53	CAL-120	16.8	False
TP53	CAL-12T	163.7	False
TP53	CAL-148	146.3	False
TP53	CAL-27	155.7	False
TP53	CAL-29	57.9	False
TP53	CAL-33	101.2	False
TP53	CAL-51	102.9	False
TP53	CAL-54	106.8	False
TP53	CAL-62	107.3	False
TP53	CAL-78	43.3	False
TP53	CAL-85-1	120.0	False
TP53	Calu-1	0.7	False
TP53	Calu-3	72.5	False
TP53	Calu-6	8.0	False
TP53	CAMA-1	67.2	False
TP53	Caov-3	4.2	False
TP53	Caov-4	73.0	False
TP53	Capan-1	88.6	True
TP53	CAPAN-2	31.5	True
TP53	CaR-1	125.9	False
TP53	CAS-1	107.0	False
TP53	CCF-STTG1	34.2	False
TP53	CCK-81	170.0	False
TP53	CCRF-SB	125.0	False
TP53	CFPAC-1	49.6	True
TP53	CH-157MN	9.9	False
TP53	ChaGo-K-1	63.5	False
TP53	CHP-126	73.9	False
TP53	CHP-212	130.1	False
TP53	Ci-1	519.5	False
TP53	CJM [Human melanoma]	49.4	False
TP53	CL-11	32.1	False
TP53	CL-14	81.4	False
TP53	CL-34	121.3	False
TP53	CL-40	84.8	False
TP53	CMK	42.9	False
TP53	CML-T1	98.9	False
TP53	COLO 201	54.2	False
TP53	COLO 206F	94.5	False
TP53	COLO 320	66.3	False
TP53	COLO 320DM	64.3	False
TP53	COLO 668	42.9	False
TP53	COLO 678	64.7	False
TP53	COLO 679	33.1	False
TP53	COLO 680N	215.6	False
TP53	COLO 684	1.9	False
TP53	COLO 699	42.5	False
TP53	COLO 704	1.5	False
TP53	COLO 741	12.0	False
TP53	COLO 783	66.0	False
TP53	COLO 792	37.1	False
TP53	COLO 794	104.3	False
TP53	COLO 800	102.5	False
TP53	COLO 829	51.5	False
TP53	COLO 849	60.8	False
TP53	COR-L105	39.5	False
TP53	COR-L23	255.4	False
TP53	COR-L24	31.0	False
TP53	COR-L26	149.0	False
TP53	COR-L279	95.4	False
TP53	COR-L311	52.5	False
TP53	COR-L47	4.7	False
TP53	COR-L88	48.0	False
TP53	COR-L95	25.7	False
TP53	COV318	60.7	False
TP53	COV362	119.2	False
TP53	COV413B	21.8	False
TP53	COV434	53.8	False
TP53	COV504	13.0	False
TP53	COV644	2.6	False
TP53	CPC-N	89.7	False
TP53	CW-2	169.1	False
TP53	D283 Med	84.7	False
TP53	D341 Med	35.4	False
TP53	DAN-G	11.9	False
TP53	Daoy	238.2	False
TP53	Daudi	174.6	False
TP53	DB	232.4	False
TP53	DBTRG-05MG	43.0	False
TP53	DEL	50.6	False
TP53	DEOC-1	75.4	False
TP53	Detroit 562	210.2	False
TP53	DK-MG	43.7	False
TP53	DM-3	20.9	False
TP53	DMS 114	6.9	False
TP53	DMS 153	35.6	False
TP53	DMS 273	67.8	False
TP53	DMS 454	20.8	False
TP53	DMS 53	46.2	False
TP53	DMS 79	35.2	False
TP53	DND-41	106.2	False
TP53	DoHH2	277.5	False
TP53	DOK	223.0	False
TP53	DOV13	130.4	False
TP53	DU145	81.7	False
TP53	DU4475	43.9	False
TP53	DV-90	35.8	False
TP53	EB1	238.6	False
TP53	EB2	132.0	False
TP53	EB3 [Human Burkitt lymphoma]	188.3	False
TP53	EBC-1	4.1	False
TP53	EC-GI-10	111.1	False
TP53	ECC10	25.3	False
TP53	ECC12	29.5	False
TP53	EFE-184	84.8	False
TP53	EFM-19	60.5	False
TP53	EFM-192A	7.6	False
TP53	EFO-21	134.6	False
TP53	EFO-27	111.3	False
TP53	EHEB	100.6	False
TP53	EJM	44.2	False
TP53	EKVX	4.8	False
TP53	EM-2	85.7	False
TP53	EN	58.1	False
TP53	EoL-1	191.9	False
TP53	EPLC-272H	9.9	False
TP53	ES-2	100.8	False
TP53	ESS-1	18.6	False
TP53	Evsa-T	47.7	False
TP53	EW-8	120.7	False
TP53	EWS-502	165.2	False
TP53	F-36P	90.1	False
TP53	FaDu	54.9	False
TP53	Farage	313.6	False
TP53	fHDF/TERT166	54.9	False
TP53	FTC-133	103.0	False
TP53	FTC-238	73.4	False
TP53	FU-OV-1	149.2	False
TP53	Fu97	54.8	False
TP53	G-292 clone A141B1	11.8	False
TP53	G-361	33.6	False
TP53	G-401	75.5	False
TP53	G-402	96.6	False
TP53	GA-10	209.2	False
TP53	GAMG	60.3	False
TP53	GB-1	244.1	False
TP53	GCIY	38.5	False
TP53	GCT	55.2	False
TP53	GDM-1	91.2	False
TP53	GI-1	92.3	False
TP53	GMS-10	104.3	False
TP53	GOS-3	87.5	False
TP53	GP2d	113.0	False
TP53	Granta-519	371.5	False
TP53	GSS	114.2	False
TP53	GSU	145.5	False
TP53	GTL-16	145.7	False
TP53	H4	70.9	False
TP53	HaCaT	165.2	False
TP53	HAP1	109.7	False
TP53	HARA [Human squamous cell lung carcinoma]	62.1	False
TP53	HBEC3-KT	74.3	False
TP53	HBF/TERT88	67.8	False
TP53	HBL-100	144.7	False
TP53	HCA7	76.2	False
TP53	HCC-56	87.0	False
TP53	HCC1011	42.2	False
TP53	HCC1143	237.5	False
TP53	HCC1162	10.7	False
TP53	HCC1171	60.6	False
TP53	HCC1187	181.7	False
TP53	HCC1195	112.2	False
TP53	HCC1263	182.5	False
TP53	HCC1319	47.5	False
TP53	HCC1359	108.3	False
TP53	HCC1395	164.8	False
TP53	HCC1419	25.7	False
TP53	HCC1428	109.8	False
TP53	HCC1438	7.3	False
TP53	HCC1482	192.4	False
TP53	HCC1493	39.2	False
TP53	HCC15	68.1	False
TP53	HCC1500	60.4	False
TP53	HCC1534	93.7	False
TP53	HCC1569	8.7	False
TP53	HCC1576	279.1	False
TP53	HCC1588	152.1	False
TP53	HCC1599	11.9	False
TP53	HCC1806	15.8	False
TP53	HCC1833	42.7	False
TP53	HCC193	45.7	False
TP53	HCC1937	10.7	False
TP53	HCC1954	119.4	False
TP53	HCC202	5.0	False
TP53	HCC2108	46.3	False
TP53	HCC2157	84.3	False
TP53	HCC2218	80.8	False
TP53	HCC2270	6.9	False
TP53	HCC2279	111.4	False
TP53	HCC2302	11.8	False
TP53	HCC2429	67.9	False
TP53	HCC2450	179.4	False
TP53	HCC2688	67.1	False
TP53	HCC2814	7.6	False
TP53	HCC2885	94.4	False
TP53	HCC2911	118.7	False
TP53	HCC2935	146.9	False
TP53	HCC33	106.0	False
TP53	HCC364	24.8	False
TP53	HCC366	54.1	False
TP53	HCC38	52.3	False
TP53	HCC4006	191.8	False
TP53	HCC4011	92.3	False
TP53	HCC4017	49.2	False
TP53	HCC44	7.1	False
TP53	HCC461	4.7	False
TP53	HCC515	49.6	False
TP53	HCC630	32.2	False
TP53	HCC70	95.6	False
TP53	HCC78	31.2	False
TP53	HCC827	98.9	False
TP53	HCC827 GR5	175.5	False
TP53	HCC89	38.7	False
TP53	HCC95	22.4	False
TP53	HCT 116	52.6	False
TP53	HCT 15	65.8	False
TP53	HD-MY-Z	6.0	False
TP53	HDLM-2	60.4	False
TP53	HDQ-P1	23.5	False
TP53	HEC-1-A	122.3	False
TP53	HEC-1-B	132.9	False
TP53	HEC-108	72.2	False
TP53	HEC-151	83.1	False
TP53	HEC-251	36.9	False
TP53	HEC-265	52.2	False
TP53	HEC-50B	12.5	False
TP53	HEC-59	66.9	False
TP53	HEC-6	43.5	False
TP53	HEK TE	128.2	False
TP53	HEK293	71.9	False
TP53	HEL	113.0	False
TP53	HEL 92.1.7	61.1	False
TP53	HeLa	72.3	False
TP53	Hep 3B2.1-7	23.6	False
TP53	Hep-G2	81.0	False
TP53	HEY	77.1	False
TP53	HEY A8	86.5	False
TP53	HGC-27	5.6	False
TP53	HH [Human lymphoma]	7.3	False
TP53	HHSteC	105.3	False
TP53	HL-60	1.6	False
TP53	HLF	61.1	False
TP53	HLF-a	37.4	False
TP53	HMC-1	35.4	False
TP53	HMC-1-8	8.8	False
TP53	HMCB	61.7	False
TP53	HMEL	53.1	False
TP53	HMY-1	60.5	False
TP53	HN	90.3	False
TP53	HNT-34	191.9	False
TP53	HOP-62	6.3	False
TP53	HOP-92	37.0	False
TP53	HOS	154.2	False
TP53	HPAC	17.7	False
TP53	HPAF-II	48.2	True
TP53	HPB-ALL	15.0	False
TP53	Hs 172.T	21.5	False
TP53	Hs 229.T	32.6	False
TP53	Hs 255.T	43.8	False
TP53	Hs 274.T	46.6	False
TP53	Hs 281.T	41.1	False
TP53	Hs 294T	59.9	False
TP53	Hs 343.T	37.3	False
TP53	Hs 38.T	55.3	False
TP53	Hs 578T	94.8	False
TP53	Hs 600.T	45.2	False
TP53	Hs 606.T	64.2	False
TP53	Hs 611.T	114.6	False
TP53	Hs 616.T	57.7	False
TP53	Hs 618.T	31.1	False
TP53	Hs 675.T	42.2	False
TP53	Hs 683	43.9	False
TP53	Hs 688(A).T	33.1	False
TP53	Hs 695T	96.9	False
TP53	Hs 698.T	53.3	False
TP53	Hs 706.T	46.4	False
TP53	Hs 729.T	73.2	False
TP53	Hs 737.T	58.8	False
TP53	Hs 739.T	69.1	False
TP53	Hs 742.T	38.0	False
TP53	Hs 746.T	10.4	False
TP53	Hs 751.T	55.7	False
TP53	Hs 766T	209.3	False
TP53	Hs 819.T	48.3	False
TP53	Hs 821.T	77.3	False
TP53	Hs 822.T	46.6	False
TP53	Hs 834.T	50.6	False
TP53	Hs 839.T	41.0	False
TP53	Hs 840.T	39.5	False
TP53	Hs 852.T	30.1	False
TP53	Hs 863.T	38.1	False
TP53	Hs 870.T	31.5	False
TP53	Hs 888.T	50.9	False
TP53	Hs 895.T	22.8	False
TP53	Hs 934.T	44.9	False
TP53	Hs 936.T	27.4	False
TP53	Hs 939.T	29.2	False
TP53	Hs 940.T	84.0	False
TP53	Hs 944.T	23.2	False
TP53	HSC-2	17.5	False
TP53	HSC-3	7.1	False
TP53	HSC-4	82.3	False
TP53	HSkMC	52.4	False
TP53	HT	219.3	False
TP53	HT-1080	83.3	False
TP53	HT-1197	77.7	False
TP53	HT-1376	145.7	False
TP53	HT-144	83.3	False
TP53	HT-29	118.9	False
TP53	HT-55	132.7	False
TP53	HT115	5.9	False
TP53	hTCEpi	87.6	False
TP53	hTEC/SVTERT24-B	36.0	False
TP53	hTERT-HME1	99.7	False
TP53	hTERT-RPE1	43.9	False
TP53	HuCC-T1	53.2	False
TP53	HuG1-N	100.1	False
TP53	HuH-1	67.9	False
TP53	HuH-28	93.9	False
TP53	HuH-6	53.9	False
TP53	Huh-7	158.3	False
TP53	HuNS1	121.0	False
TP53	HuP-T3	42.7	True
TP53	HuP-T4	122.3	True
TP53	HuT 102	71.4	False
TP53	HuT 78	8.6	False
TP53	HuTu 80	60.8	False
TP53	HUVEC/TERT2	73.3	False
TP53	IA-LM	7.1	False
TP53	IGR-1	14.6	False
TP53	IGR-37	2.9	False
TP53	IGR-39	4.7	False
TP53	IGROV-1	62.0	False
TP53	IM95	68.8	False
TP53	IMR-32	105.8	False
TP53	INA-6	53.8	False
TP53	IOMM-Lee	59.7	False
TP53	IPC-298	5.5	False
TP53	Ishikawa (Heraklio) 02 ER-	29.7	False
TP53	IST-Mes1	159.8	False
TP53	IST-Mes2	55.6	False
TP53	J82	28.2	False
TP53	JeKo-1	14.9	False
TP53	JH-EsoAd1	112.2	False
TP53	JHH-1	84.9	False
TP53	JHH-2	38.5	False
TP53	JHH-4	58.5	False
TP53	JHH-5	110.5	False
TP53	JHH-6	44.3	False
TP53	JHH-7	57.6	False
TP53	JHOC-5	48.7	False
TP53	JHOM-1	39.2	False
TP53	JHOM-2B	65.1	False
TP53	JHOS-2	140.8	False
TP53	JHOS-4	60.4	False
TP53	JHUEM-1	84.9	False
TP53	JHUEM-2	141.8	False
TP53	JHUEM-3	7.1	False
TP53	JHUEM-7	110.2	False
TP53	JIMT-1	139.3	False
TP53	Jiyoye	271.9	False
TP53	JJ012	119.1	False
TP53	JJN-3	1.0	False
TP53	JK-1	99.1	False
TP53	JL-1	124.2	False
TP53	JM-1	169.5	False
TP53	JMSU-1	116.5	False
TP53	JURKAT	32.1	False
TP53	Jurkat E6.1	24.1	False
TP53	JURL-MK1	12.6	False
TP53	JVM-2	84.9	False
TP53	JVM-3	136.8	False
TP53	K-562	7.3	False
TP53	K029AX	36.5	False
TP53	KALS-1	95.3	False
TP53	Karpas-1106P	276.1	False
TP53	Karpas-299	57.1	False
TP53	Karpas-422	21.4	False
TP53	Karpas-620	125.7	False
TP53	Karpas-707	6.7	False
TP53	Kasumi-1	61.0	False
TP53	Kasumi-2	136.8	False
TP53	Kasumi-6	67.2	False
TP53	KATO III	0.6	False
TP53	KCI-MOH1	7.8	False
TP53	KCL-22	15.0	False
TP53	KD [Human abdomen rhabdoid tumor]	123.3	False
TP53	KE-37	139.7	False
TP53	KE-39	82.0	False
TP53	KE-97	133.6	False
TP53	Kelly	58.6	False
TP53	KG-1	8.1	False
TP53	KG-1-C	66.7	False
TP53	KHM-1B	1.1	False
TP53	Ki-JK	47.8	False
TP53	KLE	92.5	False
TP53	KLM-1	5.9	False
TP53	KM-H2	101.6	False
TP53	KM12	67.0	False
TP53	KMBC-2	13.8	False
TP53	KMM-1	27.5	False
TP53	KMRC-1	20.4	False
TP53	KMRC-2	77.0	False
TP53	KMRC-20	4.8	False
TP53	KMRC-3	48.8	False
TP53	KMS-11	6.6	False
TP53	KMS-12-BM	98.0	False
TP53	KMS-18	22.9	False
TP53	KMS-20	9.7	False
TP53	KMS-21-BM	71.5	False
TP53	KMS-26	85.7	False
TP53	KMS-27	124.8	False
TP53	KMS-28BM	67.9	False
TP53	KMS-34	8.3	False
TP53	KNS-42	31.5	False
TP53	KNS-60	108.0	False
TP53	KNS-62	99.5	False
TP53	KNS-81	99.1	False
TP53	KO52	64.3	False
TP53	KOPN-8	422.2	False
TP53	KP-2	88.9	False
TP53	KP-3	9.1	False
TP53	KP-4	1.0	False
TP53	KP-MRT-RY	132.9	False
TP53	KP-N-RT-BM-1	95.3	False
TP53	KP-N-SI9s	71.9	False
TP53	KP-N-YN	76.0	False
TP53	KPL-1	177.0	False
TP53	KPL-4	7.0	False
TP53	KS-1 [Human glioblastoma]	74.3	False
TP53	KU-19-19	30.5	False
TP53	Ku812	143.4	False
TP53	Kuramochi	205.4	False
TP53	KYM-1	61.0	False
TP53	KYO-1	111.9	False
TP53	KYSE-140	137.6	False
TP53	KYSE-150	95.5	False
TP53	KYSE-180	109.1	False
TP53	KYSE-270	8.7	False
TP53	KYSE-30	36.7	False
TP53	KYSE-410	30.6	False
TP53	KYSE-450	190.7	False
TP53	KYSE-510	20.8	False
TP53	KYSE-520	86.8	False
TP53	KYSE-70	59.6	False
TP53	L-1236	49.8	False
TP53	L-363	86.0	False
TP53	L-428	69.0	False
TP53	L-540	99.6	False
TP53	L3.3	7.1	False
TP53	LAMA-84	17.6	False
TP53	LC-1F	67.4	False
TP53	LCLC-103H	56.7	False
TP53	LCLC-97TM1	42.7	False
TP53	LHCN-M2	38.3	False
TP53	Li-7	5.9	False
TP53	LK-2	108.7	False
TP53	LMSU	141.0	False
TP53	LN-18	61.5	False
TP53	LN-215	128.6	False
TP53	LN-229	53.8	False
TP53	LN-235	76.4	False
TP53	LN-308	44.8	False
TP53	LN-319	147.7	False
TP53	LN-340	122.4	False
TP53	LN-382	98.7	False
TP53	LN-428	97.7	False
TP53	LN-443	79.0	False
TP53	LN-464	72.8	False
TP53	LNCaP	105.3	False
TP53	LNCaP clone FGC	102.3	False
TP53	LOU-NH91	63.0	False
TP53	Loucy	137.1	False
TP53	LoVo	60.7	False
TP53	LOX-IMVI	73.3	False
TP53	LP-1	44.5	False
TP53	LS1034	113.7	False
TP53	LS123	123.5	False
TP53	LS180	157.2	False
TP53	LS411N	13.8	False
TP53	LS513	142.0	False
TP53	Lu-65	53.6	False
TP53	Lu-99	28.6	False
TP53	LUDLU-1	63.2	False
TP53	LXF 289	117.9	False
TP53	LXFL 529L	97.6	False
TP53	M-07e	130.6	False
TP53	M059K	99.2	False
TP53	Malme-3M	48.0	False
TP53	MC116	223.3	False
TP53	MCAS	181.5	False
TP53	MCF-10A	85.8	False
TP53	MCF-7	174.8	False
TP53	MDA-MB-134-VI	19.5	False
TP53	MDA-MB-157	6.8	False
TP53	MDA-MB-175-VII	29.6	False
TP53	MDA-MB-231	83.9	False
TP53	MDA-MB-330	66.4	False
TP53	MDA-MB-361	16.8	False
TP53	MDA-MB-415	67.4	False
TP53	MDA-MB-435	224.6	False
TP53	MDA-MB-435S	102.0	False
TP53	MDA-MB-436	18.7	False
TP53	MDA-MB-453	75.9	False
TP53	MDA-MB-468	151.1	False
TP53	MDA-PCa-2b	48.9	False
TP53	MDST8	66.9	False
TP53	ME-1 [Human leukemia]	20.6	False
TP53	ME-180	221.0	False
TP53	MEC-1	28.0	False
TP53	MEG-01	151.2	False
TP53	Mel 928	8.7	False
TP53	Mel Ho	37.3	False
TP53	Mel JuSo	70.9	False
TP53	MES-SA	109.5	False
TP53	MeWo	35.5	False
TP53	MFE-280	22.7	False
TP53	MFE-296	44.0	False
TP53	MFE-319	118.4	False
TP53	MFM-223	83.6	False
TP53	MG-63	0.8	False
TP53	MHH-CALL-2	190.5	False
TP53	MHH-CALL-3	178.8	False
TP53	MHH-CALL-4	192.9	False
TP53	MHH-ES-1	122.1	False
TP53	MHH-NB-11	73.1	False
TP53	MHH-PREB-1	96.4	False
TP53	MIA PaCa-2	169.7	True
TP53	Mino	166.7	False
TP53	MJ	194.3	False
TP53	MKN1	97.8	False
TP53	MKN45	67.7	False
TP53	MKN7	118.7	False
TP53	MKN74	156.6	False
TP53	ML-1 [Human thyroid carcinoma]	4.6	False
TP53	ML-2	185.8	False
TP53	MM1.S	83.7	False
TP53	MOLM-13	120.1	False
TP53	MOLM-16	168.0	False
TP53	MOLM-6	115.4	False
TP53	MOLP-2	66.9	False
TP53	MOLP-8	67.4	False
TP53	MOLT-13	92.9	False
TP53	MOLT-16	150.5	False
TP53	MOLT-3	91.8	False
TP53	MOLT-4	126.5	False
TP53	MON	106.7	False
TP53	Mono-Mac-1	68.0	False
TP53	Mono-Mac-6	93.9	False
TP53	MOR	5.7	False
TP53	MOR/CPR	9.2	False
TP53	MPP 89	1.3	False
TP53	MS751	93.4	False
TP53	MSTO-211H	41.6	False
TP53	MUTZ-3	138.0	False
TP53	MUTZ-5	181.8	False
TP53	MV4-11	125.7	False
TP53	MX-1	84.4	False
TP53	NALM-1	182.3	False
TP53	NALM-19	255.1	False
TP53	NALM-6	137.0	False
TP53	Namalwa	126.9	False
TP53	NB1	93.7	False
TP53	NB4	93.6	False
TP53	NCC-StC-K140	68.1	False
TP53	NCE-G 111	37.3	False
TP53	NCE-G 118	152.5	False
TP53	NCE-G 120	81.2	False
TP53	NCE-G 121	105.5	False
TP53	NCE-G 122	212.8	False
TP53	NCE-G 124	81.9	False
TP53	NCE-G 130	31.7	False
TP53	NCE-G 140	75.0	False
TP53	NCE-G 22	105.5	False
TP53	NCE-G 28T	136.8	False
TP53	NCE-G 44	6.7	False
TP53	NCE-G 59	72.4	False
TP53	NCE-G 61	152.9	False
TP53	NCE-G 84	49.8	False
TP53	NCI-H1048	86.5	False
TP53	NCI-H1092	12.3	False
TP53	NCI-H1105	145.5	False
TP53	NCI-H1155	32.4	False
TP53	NCI-H1184	98.9	False
TP53	NCI-H1299	25.9	False
TP53	NCI-H1341	61.3	False
TP53	NCI-H1355	43.7	False
TP53	NCI-H1373	5.4	False
TP53	NCI-H1385	12.7	False
TP53	NCI-H1395	16.1	False
TP53	NCI-H1435	48.4	False
TP53	NCI-H1436	111.1	False
TP53	NCI-H1437	16.5	False
TP53	NCI-H146	12.8	False
TP53	NCI-H1563	43.1	False
TP53	NCI-H1568	46.5	False
TP53	NCI-H157	15.0	False
TP53	NCI-H1573	39.8	False
TP53	NCI-H1581	4.8	False
TP53	NCI-H1618	65.4	False
TP53	NCI-H1623	51.7	False
TP53	NCI-H1648	24.8	False
TP53	NCI-H1650	8.9	False
TP53	NCI-H1651	100.4	False
TP53	NCI-H1666	75.0	False
TP53	NCI-H1693	14.8	False
TP53	NCI-H1694	100.7	False
TP53	NCI-H1703	24.0	False
TP53	NCI-H1734	78.2	False
TP53	NCI-H1755	31.5	False
TP53	NCI-H1770	55.1	False
TP53	NCI-H1781	181.4	False
TP53	NCI-H1792	3.4	False
TP53	NCI-H1793	29.9	False
TP53	NCI-H1819	6.9	False
TP53	NCI-H1836	100.8	False
TP53	NCI-H1838	131.6	False
TP53	NCI-H1869	66.8	False
TP53	NCI-H187	57.0	False
TP53	NCI-H1876	91.5	False
TP53	NCI-H1882	75.7	False
TP53	NCI-H1915	4.7	False
TP53	NCI-H1930	44.8	False
TP53	NCI-H1944	51.9	False
TP53	NCI-H196	79.8	False
TP53	NCI-H1963	78.8	False
TP53	NCI-H1975	144.3	False
TP53	NCI-H2004RT	134.3	False
TP53	NCI-H2009	97.6	False
TP53	NCI-H2023	34.0	False
TP53	NCI-H2029	43.9	False
TP53	NCI-H2030	88.5	False
TP53	NCI-H2052	47.4	False
TP53	NCI-H2066	132.1	False
TP53	NCI-H2073	84.2	False
TP53	NCI-H2077	7.8	False
TP53	NCI-H2081	0.9	False
TP53	NCI-H2085	144.6	False
TP53	NCI-H2087	194.1	False
TP53	NCI-H209	8.4	False
TP53	NCI-H2106	68.8	False
TP53	NCI-H211	49.1	False
TP53	NCI-H2110	94.1	False
TP53	NCI-H2122	61.9	False
TP53	NCI-H2126	11.2	False
TP53	NCI-H2135	45.1	False
TP53	NCI-H2170	81.4	False
TP53	NCI-H2171	16.6	False
TP53	NCI-H2172	7.0	False
TP53	NCI-H2196	30.7	False
TP53	NCI-H2198	35.5	False
TP53	NCI-H2227	97.4	False
TP53	NCI-H2228	14.6	False
TP53	NCI-H226	193.8	False
TP53	NCI-H2286	5.2	False
TP53	NCI-H2291	40.0	False
TP53	NCI-H23	53.3	False
TP53	NCI-H2342	137.7	False
TP53	NCI-H2347	10.6	False
TP53	NCI-H2369	31.6	False
TP53	NCI-H2373	161.2	False
TP53	NCI-H2405	55.0	False
TP53	NCI-H2444	65.3	False
TP53	NCI-H2452	49.7	False
TP53	NCI-H2461	92.8	False
TP53	NCI-H2595	214.6	False
TP53	NCI-H2596	75.2	False
TP53	NCI-H2722	163.4	False
TP53	NCI-H2795	94.8	False
TP53	NCI-H28	137.3	False
TP53	NCI-H2803	146.5	False
TP53	NCI-H2804	6.4	False
TP53	NCI-H2810	152.6	False
TP53	NCI-H2882	4.3	False
TP53	NCI-H2887	85.7	False
TP53	NCI-H292	128.6	False
TP53	NCI-H3122	93.8	False
TP53	NCI-H322	102.4	False
TP53	NCI-H3255	8.8	False
TP53	NCI-H345	60.2	False
TP53	NCI-H358	6.8	False
TP53	NCI-H441	90.6	False
TP53	NCI-H446	107.8	False
TP53	NCI-H460	68.5	False
TP53	NCI-H508	58.6	False
TP53	NCI-H510A	61.9	False
TP53	NCI-H520	7.5	False
TP53	NCI-H522	2.7	False
TP53	NCI-H524	29.4	False
TP53	NCI-H526	37.0	False
TP53	NCI-H596	113.3	False
TP53	NCI-H647	83.6	False
TP53	NCI-H650	18.5	False
TP53	NCI-H660	42.0	False
TP53	NCI-H661	47.0	False
TP53	NCI-H684	86.6	False
TP53	NCI-H69	6.2	False
TP53	NCI-H716	10.7	False
TP53	NCI-H727	68.2	False
TP53	NCI-H747	95.6	False
TP53	NCI-H810	4.4	False
TP53	NCI-H82	31.7	False
TP53	NCI-H820	28.3	False
TP53	NCI-H838	8.8	False
TP53	NCI-H841	216.3	False
TP53	NCI-H847	95.6	False
TP53	NCI-H854	100.8	False
TP53	NCI-H889	38.3	False
TP53	NCI-H920	3.9	False
TP53	NCI-H929	64.9	False
TP53	NCI-N417	6.6	False
TP53	NCI-N87	71.8	False
TP53	NCO2	151.4	False
TP53	NH-6	47.9	False
TP53	NHAHTDD	84.0	False
TP53	NMC-G1	45.1	False
TP53	NOMO-1	15.1	False
TP53	NTERA-2	92.2	False
TP53	NU-DHL-1	210.9	False
TP53	NU-DUL-1	322.0	False
TP53	NUGC-2	158.3	False
TP53	NUGC-3	183.1	False
TP53	NUGC-4	163.8	False
TP53	OAW28	3.9	False
TP53	OAW42	84.1	False
TP53	OC 314	72.6	False
TP53	OCI-AML-2	163.3	False
TP53	OCI-AML-3	188.2	False
TP53	OCI-AML-5	124.3	False
TP53	OCI-Ly10	204.2	False
TP53	OCI-Ly19	521.0	False
TP53	OCI-Ly3	276.1	False
TP53	OCI-Ly7	149.6	False
TP53	OCI-M1	85.4	False
TP53	OCI-M2	107.0	False
TP53	OCI-My5	19.3	False
TP53	OCI-My7	79.3	False
TP53	OCUM-1	119.2	False
TP53	OE19	14.3	False
TP53	OE21	5.0	False
TP53	OE33	45.4	False
TP53	OELE	74.5	False
TP53	Okajima	33.2	False
TP53	ONCO-DG-1	100.3	False
TP53	ONS-76	51.2	False
TP53	OPM-1	107.8	False
TP53	OPM-2	96.1	False
TP53	OS-RC-2	42.8	False
TP53	OUMS-23	120.7	False
TP53	OV-90	53.4	False
TP53	OV56	6.5	False
TP53	OV7	64.1	False
TP53	OVCA420	46.5	False
TP53	OVCA432	237.1	False
TP53	OVCA433	61.0	False
TP53	OVCAR-3	75.4	False
TP53	OVCAR-4	77.1	False
TP53	OVCAR-5	4.2	False
TP53	OVCAR-8	87.9	False
TP53	OVISE	71.6	False
TP53	OVK18	67.3	False
TP53	OVKATE	38.0	False
TP53	OVMANA	12.3	False
TP53	OVSAHO	16.3	False
TP53	OVTOKO	88.5	False
TP53	P12-Ichikawa	200.3	False
TP53	P31/FUJ	77.4	False
TP53	P3HR-1	88.3	False
TP53	PA-1	73.1	False
TP53	Panc 02.03	66.4	True
TP53	Panc 02.13	33.4	True
TP53	Panc 03.27	28.9	True
TP53	Panc 04.03	64.7	True
TP53	Panc 05.04	67.0	True
TP53	Panc 08.13	136.1	True
TP53	Panc 10.05	40.8	True
TP53	PANC-1	67.1	True
TP53	PaTu 8902	274.7	True
TP53	PaTu 8988s	90.3	True
TP53	PaTu 8988t	206.5	True
TP53	PC-14	183.7	False
TP53	PC-3	3.3	False
TP53	PC-9	114.2	False
TP53	PE/CA-PJ15	114.5	False
TP53	PE/CA-PJ34 (clone C12)	196.2	False
TP53	PE/CA-PJ41 (clone D2)	16.6	False
TP53	PE/CA-PJ49	0.7	False
TP53	Peer	81.8	False
TP53	PEO1	44.4	False
TP53	PF-382	63.1	False
TP53	Pfeiffer	0.9	False
TP53	PK-1	69.0	False
TP53	PK-45H	123.1	False
TP53	PK-45P	36.1	False
TP53	PK-59	12.1	False
TP53	PK-8	6.3	False
TP53	PL-21	50.6	False
TP53	PL45	46.0	True
TP53	PLB-985	1.3	False
TP53	PLC/PRF/5	40.6	False
TP53	PODO/SVTERT152	103.3	False
TP53	PODO/TERT256	73.4	False
TP53	PrEC LH	46.6	False
TP53	PSN1	19.7	False
TP53	QGP-1	10.0	False
TP53	Raji	156.5	False
TP53	Ramos	75.5	False
TP53	RC-K8	287.0	False
TP53	RCC10RGB	80.0	False
TP53	RCH-ACV	247.0	False
TP53	RCM-1 [Human rectal adenocarcinoma]	8.5	False
TP53	RD	60.9	False
TP53	RD-ES	124.6	False
TP53	REC-1	76.6	False
TP53	REH	216.0	False
TP53	RERF-GC-1B	5.8	False
TP53	RERF-LC-A1	10.9	False
TP53	RERF-LC-Ad1	82.2	False
TP53	RERF-LC-Ad2	75.8	False
TP53	RERF-LC-KJ	14.3	False
TP53	RERF-LC-MS	2.9	False
TP53	RERF-LC-OK	79.5	False
TP53	RERF-LC-Sq1	13.2	False
TP53	Rh18	74.9	False
TP53	Rh30	66.4	False
TP53	Rh41	7.8	False
TP53	Ri-1	114.7	False
TP53	RKN	67.0	False
TP53	RKO	23.4	False
TP53	RL	94.0	False
TP53	RL95-2	67.8	False
TP53	RMG-I	23.6	False
TP53	RMUG-S	129.3	False
TP53	RPMI-2650	105.8	False
TP53	RPMI-7951	5.7	False
TP53	RPMI-8226	53.2	False
TP53	RPMI-8402	125.7	False
TP53	RPTEC/TERT1	55.0	False
TP53	RS-5	38.1	False
TP53	RS4;11	104.0	False
TP53	RT-112	67.3	False
TP53	RT-4	81.1	False
TP53	RVH-421	92.0	False
TP53	S-117	6.8	False
TP53	SALE	37.7	False
TP53	SaOS-2	1.1	False
TP53	SBC-5	60.0	False
TP53	Sc-1	14.8	False
TP53	SCaBER	59.5	False
TP53	SCC-15	9.2	False
TP53	SCC-25	5.9	False
TP53	SCC-3	1.1	False
TP53	SCC-4	87.2	False
TP53	SCC-9	7.3	False
TP53	SCLC-21H	40.6	False
TP53	SCLC-22H	50.5	False
TP53	SEM	133.6	False
TP53	SET-2	90.3	False
TP53	SF126	5.0	False
TP53	SF172	87.5	False
TP53	SF268	317.7	False
TP53	SF295	75.9	False
TP53	SF539	23.3	False
TP53	SF767	153.5	False
TP53	SH-10-TC	73.3	False
TP53	SH-4	25.3	False
TP53	SH-SY5Y	76.0	False
TP53	SHP-77	111.1	False
TP53	SIG-M5	98.5	False
TP53	SiHa	87.4	False
TP53	SiMa	46.6	False
TP53	SJSA-1	85.4	False
TP53	SK-BR-3	61.0	False
TP53	SK-CO-1	118.8	False
TP53	SK-ES-1	158.3	False
TP53	SK-HEP-1	103.7	False
TP53	SK-LMS-1	83.0	False
TP53	SK-LU-1	70.8	False
TP53	SK-MEL-1	32.0	False
TP53	SK-MEL-2	27.4	False
TP53	SK-MEL-23	38.9	False
TP53	SK-MEL-24	76.7	False
TP53	SK-MEL-28	39.4	False
TP53	SK-MEL-3	71.1	False
TP53	SK-MEL-30	22.8	False
TP53	SK-MEL-31	38.7	False
TP53	SK-MEL-5	46.3	False
TP53	SK-MES-1	5.4	False
TP53	SK-MM-2	91.9	False
TP53	SK-N-AS	23.8	False
TP53	SK-N-BE(2)	92.1	False
TP53	SK-N-DZ	183.2	False
TP53	SK-N-FI	67.2	False
TP53	SK-N-MC	92.0	False
TP53	SK-N-SH	85.2	False
TP53	SK-NEP-1	260.5	False
TP53	SK-OV-3	3.0	False
TP53	SK-PN-DW	82.4	False
TP53	SK-RC-20	78.4	False
TP53	SK-UT-1	119.3	False
TP53	SKM-1	99.5	False
TP53	SKNO-1	67.7	False
TP53	SLR20	18.9	False
TP53	SLR21	41.7	False
TP53	SLR23	98.9	False
TP53	SLR24	96.3	False
TP53	SLR25	9.7	False
TP53	SLR26	65.4	False
TP53	SNB-75	93.5	False
TP53	SNG-M	119.2	False
TP53	SNU-1	77.6	False
TP53	SNU-1033	97.9	False
TP53	SNU-1040	42.1	False
TP53	SNU-1041	79.8	False
TP53	SNU-1066	6.4	False
TP53	SNU-1076	10.6	False
TP53	SNU-1077	62.3	False
TP53	SNU-1079	97.4	False
TP53	SNU-1105	55.3	False
TP53	SNU-119	41.7	False
TP53	SNU-1196	295.5	False
TP53	SNU-1197	50.2	False
TP53	SNU-1214	56.2	False
TP53	SNU-1272	54.5	False
TP53	SNU-16	126.5	False
TP53	SNU-175	165.5	False
TP53	SNU-182	58.0	False
TP53	SNU-201	139.0	False
TP53	SNU-213	82.0	False
TP53	SNU-216	150.8	False
TP53	SNU-245	131.0	False
TP53	SNU-283	1.9	False
TP53	SNU-308	42.8	False
TP53	SNU-324	43.9	False
TP53	SNU-349	66.1	False
TP53	SNU-387	6.3	False
TP53	SNU-398	11.5	False
TP53	SNU-407	134.5	False
TP53	SNU-410	56.3	False
TP53	SNU-423	131.5	False
TP53	SNU-449	76.1	False
TP53	SNU-46	89.7	False
TP53	SNU-466	77.8	False
TP53	SNU-475	79.0	False
TP53	SNU-478	7.3	False
TP53	SNU-484	58.4	False
TP53	SNU-489	28.7	False
TP53	SNU-5	38.6	False
TP53	SNU-503	67.3	False
TP53	SNU-520	78.4	False
TP53	SNU-601	178.9	False
TP53	SNU-61	121.4	False
TP53	SNU-620	89.3	False
TP53	SNU-626	97.5	False
TP53	SNU-638	104.9	False
TP53	SNU-668	46.0	False
TP53	SNU-685	28.7	False
TP53	SNU-719	95.6	False
TP53	SNU-738	8.0	False
TP53	SNU-761	13.2	False
TP53	SNU-8	6.3	False
TP53	SNU-81	65.2	False
TP53	SNU-840	23.1	False
TP53	SNU-869	27.1	False
TP53	SNU-878	36.9	False
TP53	SNU-886	2.8	False
TP53	SNU-899	79.3	False
TP53	SNU-C1	7.5	False
TP53	SNU-C2A	67.8	False
TP53	SNU-C4	89.5	False
TP53	SNU-C5	65.0	False
TP53	Sq-1	18.9	False
TP53	SR	53.3	False
TP53	ST486	144.4	False
TP53	STM91-01	89.1	False
TP53	SU-DHL-1	110.0	False
TP53	SU-DHL-10	77.2	False
TP53	SU-DHL-16	29.0	False
TP53	SU-DHL-4	149.3	False
TP53	SU-DHL-5	154.6	False
TP53	SU-DHL-6	102.0	False
TP53	SU-DHL-8	465.0	False
TP53	SU.86.86	101.8	True
TP53	SUIT-2	44.8	False
TP53	SUM1315MO2	109.8	False
TP53	SUM149PT	178.0	False
TP53	SUM159PT	48.9	False
TP53	SUM52PE	12.1	False
TP53	SUP-B15	175.4	False
TP53	SUP-M2	115.3	False
TP53	SUP-T1	178.7	False
TP53	SUP-T11	13.2	False
TP53	SuSa	36.3	False
TP53	SW1088	46.9	False
TP53	SW1116	126.3	False
TP53	SW1271	155.1	False
TP53	SW1353	34.5	False
TP53	SW1417	7.7	False
TP53	SW1463	95.6	False
TP53	SW1573	100.3	False
TP53	SW1710	53.7	False
TP53	SW1783	77.3	False
TP53	SW1990	133.1	False
TP53	SW403	18.6	False
TP53	SW48	109.7	False
TP53	SW480	148.8	False
TP53	SW579	101.8	False
TP53	SW620	100.8	False
TP53	SW780	62.4	False
TP53	SW837	81.2	False
TP53	SW900	13.4	False
TP53	SW948	13.8	False
TP53	SW982	117.5	False
TP53	T-47d	93.0	False
TP53	T.T	48.5	False
TP53	T1-73	55.3	False
TP53	T24	9.7	False
TP53	T3M-10	44.5	False
TP53	T3M-4	67.8	False
TP53	T84	14.2	False
TP53	T98G	149.0	False
TP53	TALL-1 [Human adult T-ALL]	157.0	False
TP53	TC-71	7.7	False
TP53	TCC-Pan2	5.7	False
TP53	TCCSUP	34.5	False
TP53	TE 125.T	39.2	False
TP53	TE 159.T	26.3	False
TP53	TE 441.T	73.6	False
TP53	TE 617.T	30.0	False
TP53	TE-1	90.9	False
TP53	TE-10	39.0	False
TP53	TE-11	82.3	False
TP53	TE-14	11.2	False
TP53	TE-15	23.6	False
TP53	TE-4	40.9	False
TP53	TE-5	36.1	False
TP53	TE-6	92.9	False
TP53	TE-8	61.2	False
TP53	TE-9	20.1	False
TP53	TEN	18.1	False
TP53	TF-1	21.4	False
TP53	TGBC11TKB	80.0	False
TP53	THP-1	7.8	False
TP53	TIG-3 TD	82.0	False
TP53	TIME	96.4	False
TP53	TK [Human B-cell lymphoma]	11.2	False
TP53	TK-10	51.8	False
TP53	TM-31	43.4	False
TP53	Tm87-16	86.8	False
TP53	TMD8	108.8	False
TP53	TO 175.T	36.1	False
TP53	Toledo	11.8	False
TP53	TOV-112D	173.4	False
TP53	TOV-21G	70.6	False
TP53	TT	19.5	False
TP53	TT2609-C02	54.1	False
TP53	TTC-1240	151.7	False
TP53	TTC-549	53.8	False
TP53	TTC-642	204.4	False
TP53	TTC-709	100.1	False
TP53	TUHR10TKB	46.6	False
TP53	TUHR14TKB	41.6	False
TP53	TUHR4TKB	47.6	False
TP53	TYK-nu	61.1	False
TP53	U-118MG	37.3	False
TP53	U-138MG	88.0	False
TP53	U-178MG	63.0	False
TP53	U-2197	1.0	False
TP53	U-251MG	89.0	False
TP53	U-266/70	45.0	False
TP53	U-266/84	36.5	False
TP53	U-2932	119.9	False
TP53	U-343MGa	91.3	False
TP53	U-698-M	93.2	False
TP53	U-87MG ATCC	21.5	False
TP53	U-937	10.3	False
TP53	U-BLC1	8.4	False
TP53	U266B1	25.5	False
TP53	U2OS	36.8	False
TP53	UACC-257	40.1	False
TP53	UACC-62	13.9	False
TP53	UACC-812	35.6	False
TP53	UACC-893	13.4	False
TP53	UCSD-242L	47.3	False
TP53	UKE-1	125.8	False
TP53	UM-UC-1	105.9	False
TP53	UM-UC-3	66.2	False
TP53	UMC-11	10.2	False
TP53	UO-31	120.0	False
TP53	UOK101	112.4	False
TP53	VCaP	83.0	False
TP53	VM-CUB-1	106.0	False
TP53	VMRC-LCD	32.9	False
TP53	VMRC-RCW	54.0	False
TP53	VMRC-RCZ	7.3	False
TP53	WM115	73.9	False
TP53	WM1799	56.3	False
TP53	WM266-4	39.8	False
TP53	WM793	37.3	False
TP53	WM88	57.3	False
TP53	WM983B	87.2	False
TP53	WSU-DLCL2	143.4	False
TP53	WSU-FSCCL	202.7	False
TP53	WSU-NHL	95.1	False
TP53	YAPC	93.1	False
TP53	YD-10B	8.9	False
TP53	YD-15	58.2	False
TP53	YD-38	7.6	False
TP53	YD-8	125.9	False
TP53	YH-13	30.1	False
TP53	YKG-1	131.2	False
TP53	YMB-1	28.2	False
TP53	ZR-75-1	20.1	False
TP53	ZR-75-30	46.2	False
SMAD4	143B	10.3	False
SMAD4	22Rv1	8.3	False
SMAD4	23132/87	8.7	False
SMAD4	253J	7.4	False
SMAD4	253J-BV	7.4	False
SMAD4	42-MG-BA	10.2	False
SMAD4	537-mel	4.6	False
SMAD4	5637	11.8	False
SMAD4	59M	3.4	False
SMAD4	624-mel	8.0	False
SMAD4	639V	7.8	False
SMAD4	647V	10.5	False
SMAD4	697	13.0	False
SMAD4	769-P	12.4	False
SMAD4	786-O	10.5	False
SMAD4	8-MG-BA	6.5	False
SMAD4	8305C	17.9	False
SMAD4	8505C	6.7	False
SMAD4	888-mel	11.7	False
SMAD4	A-1207	9.0	False
SMAD4	A-172	6.4	False
SMAD4	A-204	9.5	False
SMAD4	A-253	3.5	False
SMAD4	A-375	17.4	False
SMAD4	A-427	6.9	False
SMAD4	A-431	8.1	False
SMAD4	A-498	7.5	False
SMAD4	A-549	10.6	False
SMAD4	A-673	13.7	False
SMAD4	A-704	7.2	False
SMAD4	A101D	6.2	False
SMAD4	A2058	11.9	False
SMAD4	A2780	13.1	False
SMAD4	A3/Kawakami	6.5	False
SMAD4	A4/Fukuda	13.2	False
SMAD4	ABC-1	9.3	False
SMAD4	ACC-MESO-1	8.8	False
SMAD4	ACHN	10.7	False
SMAD4	AF22	24.1	False
SMAD4	AGS	6.4	False
SMAD4	ALL-SIL	19.3	False
SMAD4	AM-38	7.0	False
SMAD4	AML-193	6.1	False
SMAD4	AMO1	8.6	False
SMAD4	AN3-CA	8.5	False
SMAD4	ASC2telo differentiated	11.7	False
SMAD4	ASC52telo	14.2	False
SMAD4	AsPC-1	4.5	True
SMAD4	AU565	0.7	False
SMAD4	B-CPAP	13.4	False
SMAD4	BC-3C	7.6	False
SMAD4	BCP-1	10.8	False
SMAD4	BDCM	9.1	False
SMAD4	BEN	14.6	False
SMAD4	BEWO	14.9	False
SMAD4	BFTC-905	4.5	False
SMAD4	BFTC-909	11.6	False
SMAD4	BHT-101	11.1	False
SMAD4	BHY	4.3	False
SMAD4	BICR 10	9.2	False
SMAD4	BICR 16	9.7	False
SMAD4	BICR 18	13.7	False
SMAD4	BICR 22	5.7	False
SMAD4	BICR 31	1.0	False
SMAD4	BICR 56	11.6	False
SMAD4	BICR 6	8.1	False
SMAD4	BICR 78	10.5	False
SMAD4	BJ [Human fibroblast]	13.5	False
SMAD4	BJ hTERT+ SV40 Large T+	15.2	False
SMAD4	BJ hTERT+ SV40 Large T+ RasG12V	15.8	False
SMAD4	BJ1-hTERT	10.6	False
SMAD4	BJAB	8.9	False
SMAD4	BL-41	12.0	False
SMAD4	BL-70	10.8	False
SMAD4	BT-12	9.6	False
SMAD4	BT-20	3.2	False
SMAD4	BT-474	14.0	False
SMAD4	BT-483	6.0	False
SMAD4	BT-549	10.8	False
SMAD4	BV-173	13.8	False
SMAD4	BxPC-3	0.0	True
SMAD4	C-33 A	18.4	False
SMAD4	C170	19.9	False
SMAD4	C2BBe1	4.7	False
SMAD4	C32 [Human melanoma]	8.5	False
SMAD4	C8166	7.0	False
SMAD4	Ca Ski	6.0	False
SMAD4	CA46	11.8	False
SMAD4	CACO-2	7.0	False
SMAD4	CADO-ES1	10.7	False
SMAD4	Caki-1	7.3	False
SMAD4	Caki-2	5.1	False
SMAD4	CAL-120	12.2	False
SMAD4	CAL-12T	7.4	False
SMAD4	CAL-148	18.1	False
SMAD4	CAL-27	2.3	False
SMAD4	CAL-29	7.7	False
SMAD4	CAL-33	2.9	False
SMAD4	CAL-51	9.9	False
SMAD4	CAL-54	9.5	False
SMAD4	CAL-62	9.4	False
SMAD4	CAL-78	17.0	False
SMAD4	CAL-85-1	6.8	False
SMAD4	Calu-1	18.2	False
SMAD4	Calu-3	11.1	False
SMAD4	Calu-6	14.6	False
SMAD4	CAMA-1	7.4	False
SMAD4	Caov-3	6.0	False
SMAD4	Caov-4	8.3	False
SMAD4	Capan-1	1.5	True
SMAD4	CAPAN-2	2.3	True
SMAD4	CaR-1	9.1	False
SMAD4	CAS-1	10.3	False
SMAD4	CCF-STTG1	10.7	False
SMAD4	CCK-81	9.1	False
SMAD4	CCRF-SB	6.4	False
SMAD4	CFPAC-1	0.0	True
SMAD4	CH-157MN	4.5	False
SMAD4	ChaGo-K-1	8.2	False
SMAD4	CHP-126	19.0	False
SMAD4	CHP-212	12.8	False
SMAD4	Ci-1	8.5	False
SMAD4	CJM [Human melanoma]	4.4	False
SMAD4	CL-11	5.6	False
SMAD4	CL-14	3.7	False
SMAD4	CL-34	8.8	False
SMAD4	CL-40	10.3	False
SMAD4	CMK	8.3	False
SMAD4	CML-T1	13.9	False
SMAD4	COLO 201	0.5	False
SMAD4	COLO 206F	0.1	False
SMAD4	COLO 320	18.4	False
SMAD4	COLO 320DM	18.8	False
SMAD4	COLO 668	19.9	False
SMAD4	COLO 678	0.5	False
SMAD4	COLO 679	10.5	False
SMAD4	COLO 680N	4.8	False
SMAD4	COLO 684	13.0	False
SMAD4	COLO 699	17.5	False
SMAD4	COLO 704	12.7	False
SMAD4	COLO 741	5.7	False
SMAD4	COLO 783	6.5	False
SMAD4	COLO 792	14.8	False
SMAD4	COLO 794	10.3	False
SMAD4	COLO 800	12.6	False
SMAD4	COLO 829	12.7	False
SMAD4	COLO 849	5.5	False
SMAD4	COR-L105	11.3	False
SMAD4	COR-L23	6.9	False
SMAD4	COR-L24	15.0	False
SMAD4	COR-L26	7.4	False
SMAD4	COR-L279	13.2	False
SMAD4	COR-L311	17.0	False
SMAD4	COR-L47	26.0	False
SMAD4	COR-L88	17.9	False
SMAD4	COR-L95	33.9	False
SMAD4	COV318	7.5	False
SMAD4	COV362	9.1	False
SMAD4	COV413B	6.6	False
SMAD4	COV434	11.2	False
SMAD4	COV504	11.0	False
SMAD4	COV644	3.3	False
SMAD4	CPC-N	11.9	False
SMAD4	CW-2	12.7	False
SMAD4	D283 Med	18.0	False
SMAD4	D341 Med	29.9	False
SMAD4	DAN-G	1.4	False
SMAD4	Daoy	6.4	False
SMAD4	Daudi	12.6	False
SMAD4	DB	12.4	False
SMAD4	DBTRG-05MG	5.9	False
SMAD4	DEL	6.6	False
SMAD4	DEOC-1	6.9	False
SMAD4	Detroit 562	8.0	False
SMAD4	DK-MG	13.2	False
SMAD4	DM-3	11.2	False
SMAD4	DMS 114	9.1	False
SMAD4	DMS 153	15.0	False
SMAD4	DMS 273	9.2	False
SMAD4	DMS 454	18.0	False
SMAD4	DMS 53	14.1	False
SMAD4	DMS 79	16.9	False
SMAD4	DND-41	14.1	False
SMAD4	DoHH2	10.1	False
SMAD4	DOK	6.8	False
SMAD4	DOV13	10.2	False
SMAD4	DU145	6.0	False
SMAD4	DU4475	6.4	False
SMAD4	DV-90	7.6	False
SMAD4	EB1	7.7	False
SMAD4	EB2	7.1	False
SMAD4	EB3 [Human Burkitt lymphoma]	15.2	False
SMAD4	EBC-1	5.1	False
SMAD4	EC-GI-10	3.4	False
SMAD4	ECC10	17.2	False
SMAD4	ECC12	12.8	False
SMAD4	EFE-184	6.8	False
SMAD4	EFM-19	8.7	False
SMAD4	EFM-192A	7.1	False
SMAD4	EFO-21	3.0	False
SMAD4	EFO-27	5.8	False
SMAD4	EHEB	6.6	False
SMAD4	EJM	8.9	False
SMAD4	EKVX	10.1	False
SMAD4	EM-2	10.5	False
SMAD4	EN	8.6	False
SMAD4	EoL-1	12.1	False
SMAD4	EPLC-272H	2.8	False
SMAD4	ES-2	10.3	False
SMAD4	ESS-1	14.8	False
SMAD4	Evsa-T	3.7	False
SMAD4	EW-8	10.8	False
SMAD4	EWS-502	14.8	False
SMAD4	F-36P	12.6	False
SMAD4	FaDu	0.0	False
SMAD4	Farage	6.7	False
SMAD4	fHDF/TERT166	13.1	False
SMAD4	FTC-133	14.1	False
SMAD4	FTC-238	8.9	False
SMAD4	FU-OV-1	8.4	False
SMAD4	Fu97	15.5	False
SMAD4	G-292 clone A141B1	11.0	False
SMAD4	G-361	11.6	False
SMAD4	G-401	9.2	False
SMAD4	G-402	10.5	False
SMAD4	GA-10	13.5	False
SMAD4	GAMG	6.7	False
SMAD4	GB-1	9.9	False
SMAD4	GCIY	10.4	False
SMAD4	GCT	6.6	False
SMAD4	GDM-1	13.9	False
SMAD4	GI-1	7.2	False
SMAD4	GMS-10	11.3	False
SMAD4	GOS-3	7.5	False
SMAD4	GP2d	8.4	False
SMAD4	Granta-519	24.7	False
SMAD4	GSS	0.1	False
SMAD4	GSU	16.0	False
SMAD4	GTL-16	0.0	False
SMAD4	H4	12.3	False
SMAD4	HaCaT	16.7	False
SMAD4	HAP1	10.9	False
SMAD4	HARA [Human squamous cell lung carcinoma]	3.8	False
SMAD4	HBEC3-KT	6.2	False
SMAD4	HBF/TERT88	16.3	False
SMAD4	HBL-100	4.2	False
SMAD4	HCA7	27.2	False
SMAD4	HCC-56	3.9	False
SMAD4	HCC1011	5.4	False
SMAD4	HCC1143	9.5	False
SMAD4	HCC1162	7.3	False
SMAD4	HCC1171	5.5	False
SMAD4	HCC1187	26.4	False
SMAD4	HCC1195	7.3	False
SMAD4	HCC1263	8.3	False
SMAD4	HCC1319	7.3	False
SMAD4	HCC1359	4.7	False
SMAD4	HCC1395	19.2	False
SMAD4	HCC1419	3.3	False
SMAD4	HCC1428	3.9	False
SMAD4	HCC1438	15.6	False
SMAD4	HCC1482	12.6	False
SMAD4	HCC1493	8.9	False
SMAD4	HCC15	4.8	False
SMAD4	HCC1500	13.3	False
SMAD4	HCC1534	6.6	False
SMAD4	HCC1569	11.8	False
SMAD4	HCC1576	6.6	False
SMAD4	HCC1588	10.9	False
SMAD4	HCC1599	17.9	False
SMAD4	HCC1806	6.3	False
SMAD4	HCC1833	17.7	False
SMAD4	HCC193	5.1	False
SMAD4	HCC1937	3.3	False
SMAD4	HCC1954	6.8	False
SMAD4	HCC202	6.8	False
SMAD4	HCC2108	6.7	False
SMAD4	HCC2157	7.7	False
SMAD4	HCC2218	5.1	False
SMAD4	HCC2270	4.3	False
SMAD4	HCC2279	3.5	False
SMAD4	HCC2302	10.5	False
SMAD4	HCC2429	7.2	False
SMAD4	HCC2450	5.6	False
SMAD4	HCC2688	3.6	False
SMAD4	HCC2814	5.8	False
SMAD4	HCC2885	4.7	False
SMAD4	HCC2911	5.8	False
SMAD4	HCC2935	10.4	False
SMAD4	HCC33	24.1	False
SMAD4	HCC364	6.3	False
SMAD4	HCC366	9.5	False
SMAD4	HCC38	4.9	False
SMAD4	HCC4006	5.9	False
SMAD4	HCC4011	1.7	False
SMAD4	HCC4017	6.7	False
SMAD4	HCC44	10.9	False
SMAD4	HCC461	8.0	False
SMAD4	HCC515	8.5	False
SMAD4	HCC630	14.6	False
SMAD4	HCC70	9.0	False
SMAD4	HCC78	9.8	False
SMAD4	HCC827	6.3	False
SMAD4	HCC827 GR5	2.6	False
SMAD4	HCC89	9.7	False
SMAD4	HCC95	10.4	False
SMAD4	HCT 116	8.9	False
SMAD4	HCT 15	12.5	False
SMAD4	HD-MY-Z	8.9	False
SMAD4	HDLM-2	11.1	False
SMAD4	HDQ-P1	7.3	False
SMAD4	HEC-1-A	10.2	False
SMAD4	HEC-1-B	9.5	False
SMAD4	HEC-108	8.4	False
SMAD4	HEC-151	9.2	False
SMAD4	HEC-251	10.4	False
SMAD4	HEC-265	8.5	False
SMAD4	HEC-50B	5.5	False
SMAD4	HEC-59	8.0	False
SMAD4	HEC-6	8.6	False
SMAD4	HEK TE	10.7	False
SMAD4	HEK293	7.7	False
SMAD4	HEL	12.8	False
SMAD4	HEL 92.1.7	10.6	False
SMAD4	HeLa	11.9	False
SMAD4	Hep 3B2.1-7	9.7	False
SMAD4	Hep-G2	12.7	False
SMAD4	HEY	7.9	False
SMAD4	HEY A8	6.4	False
SMAD4	HGC-27	12.7	False
SMAD4	HH [Human lymphoma]	13.0	False
SMAD4	HHSteC	13.7	False
SMAD4	HL-60	15.6	False
SMAD4	HLF	6.9	False
SMAD4	HLF-a	9.9	False
SMAD4	HMC-1	7.0	False
SMAD4	HMC-1-8	0.1	False
SMAD4	HMCB	13.5	False
SMAD4	HMEL	8.2	False
SMAD4	HMY-1	6.3	False
SMAD4	HN	5.1	False
SMAD4	HNT-34	10.8	False
SMAD4	HOP-62	4.9	False
SMAD4	HOP-92	13.3	False
SMAD4	HOS	4.5	False
SMAD4	HPAC	8.5	False
SMAD4	HPAF-II	10.0	True
SMAD4	HPB-ALL	18.1	False
SMAD4	Hs 172.T	10.5	False
SMAD4	Hs 229.T	13.3	False
SMAD4	Hs 255.T	9.0	False
SMAD4	Hs 274.T	13.4	False
SMAD4	Hs 281.T	11.3	False
SMAD4	Hs 294T	9.4	False
SMAD4	Hs 343.T	10.9	False
SMAD4	Hs 38.T	6.3	False
SMAD4	Hs 578T	14.2	False
SMAD4	Hs 600.T	9.2	False
SMAD4	Hs 606.T	13.1	False
SMAD4	Hs 611.T	9.1	False
SMAD4	Hs 616.T	11.3	False
SMAD4	Hs 618.T	8.6	False
SMAD4	Hs 675.T	7.8	False
SMAD4	Hs 683	10.4	False
SMAD4	Hs 688(A).T	14.9	False
SMAD4	Hs 695T	6.3	False
SMAD4	Hs 698.T	11.7	False
SMAD4	Hs 706.T	9.8	False
SMAD4	Hs 729.T	14.6	False
SMAD4	Hs 737.T	7.8	False
SMAD4	Hs 739.T	12.8	False
SMAD4	Hs 742.T	9.6	False
SMAD4	Hs 746.T	11.5	False
SMAD4	Hs 751.T	13.9	False
SMAD4	Hs 766T	0.1	False
SMAD4	Hs 819.T	13.4	False
SMAD4	Hs 821.T	12.2	False
SMAD4	Hs 822.T	10.2	False
SMAD4	Hs 834.T	10.7	False
SMAD4	Hs 839.T	14.2	False
SMAD4	Hs 840.T	11.5	False
SMAD4	Hs 852.T	12.2	False
SMAD4	Hs 863.T	12.2	False
SMAD4	Hs 870.T	12.2	False
SMAD4	Hs 888.T	8.9	False
SMAD4	Hs 895.T	11.5	False
SMAD4	Hs 934.T	9.7	False
SMAD4	Hs 936.T	6.0	False
SMAD4	Hs 939.T	7.6	False
SMAD4	Hs 940.T	12.9	False
SMAD4	Hs 944.T	10.3	False
SMAD4	HSC-2	3.6	False
SMAD4	HSC-3	4.2	False
SMAD4	HSC-4	7.6	False
SMAD4	HSkMC	9.9	False
SMAD4	HT	10.7	False
SMAD4	HT-1080	11.7	False
SMAD4	HT-1197	5.2	False
SMAD4	HT-1376	14.7	False
SMAD4	HT-144	8.7	False
SMAD4	HT-29	2.9	False
SMAD4	HT-55	2.2	False
SMAD4	HT115	14.0	False
SMAD4	hTCEpi	12.0	False
SMAD4	hTEC/SVTERT24-B	8.8	False
SMAD4	hTERT-HME1	10.0	False
SMAD4	hTERT-RPE1	14.9	False
SMAD4	HuCC-T1	7.5	False
SMAD4	HuG1-N	2.6	False
SMAD4	HuH-1	7.7	False
SMAD4	HuH-28	15.5	False
SMAD4	HuH-6	13.4	False
SMAD4	Huh-7	15.4	False
SMAD4	HuNS1	8.9	False
SMAD4	HuP-T3	12.3	True
SMAD4	HuP-T4	8.2	True
SMAD4	HuT 102	6.7	False
SMAD4	HuT 78	5.7	False
SMAD4	HuTu 80	12.4	False
SMAD4	HUVEC/TERT2	10.6	False
SMAD4	IA-LM	10.7	False
SMAD4	IGR-1	6.8	False
SMAD4	IGR-37	10.3	False
SMAD4	IGR-39	6.0	False
SMAD4	IGROV-1	8.7	False
SMAD4	IM95	9.3	False
SMAD4	IMR-32	19.3	False
SMAD4	INA-6	8.4	False
SMAD4	IOMM-Lee	9.5	False
SMAD4	IPC-298	5.8	False
SMAD4	Ishikawa (Heraklio) 02 ER-	6.5	False
SMAD4	IST-Mes1	5.1	False
SMAD4	IST-Mes2	13.9	False
SMAD4	J82	9.6	False
SMAD4	JeKo-1	17.1	False
SMAD4	JH-EsoAd1	3.4	False
SMAD4	JHH-1	8.0	False
SMAD4	JHH-2	8.8	False
SMAD4	JHH-4	10.2	False
SMAD4	JHH-5	8.5	False
SMAD4	JHH-6	6.3	False
SMAD4	JHH-7	8.6	False
SMAD4	JHOC-5	11.3	False
SMAD4	JHOM-1	12.7	False
SMAD4	JHOM-2B	2.9	False
SMAD4	JHOS-2	6.1	False
SMAD4	JHOS-4	14.1	False
SMAD4	JHUEM-1	7.1	False
SMAD4	JHUEM-2	12.9	False
SMAD4	JHUEM-3	7.4	False
SMAD4	JHUEM-7	7.3	False
SMAD4	JIMT-1	4.3	False
SMAD4	Jiyoye	9.5	False
SMAD4	JJ012	4.4	False
SMAD4	JJN-3	12.0	False
SMAD4	JK-1	12.8	False
SMAD4	JL-1	12.4	False
SMAD4	JM-1	14.8	False
SMAD4	JMSU-1	15.9	False
SMAD4	JURKAT	6.8	False
SMAD4	Jurkat E6.1	8.0	False
SMAD4	JURL-MK1	6.0	False
SMAD4	JVM-2	10.0	False
SMAD4	JVM-3	11.1	False
SMAD4	K-562	9.2	False
SMAD4	K029AX	8.6	False
SMAD4	KALS-1	8.3	False
SMAD4	Karpas-1106P	15.6	False
SMAD4	Karpas-299	14.6	False
SMAD4	Karpas-422	8.2	False
SMAD4	Karpas-620	10.5	False
SMAD4	Karpas-707	11.4	False
SMAD4	Kasumi-1	9.8	False
SMAD4	Kasumi-2	10.4	False
SMAD4	Kasumi-6	9.2	False
SMAD4	KATO III	6.9	False
SMAD4	KCI-MOH1	4.6	False
SMAD4	KCL-22	9.5	False
SMAD4	KD [Human abdomen rhabdoid tumor]	9.3	False
SMAD4	KE-37	11.4	False
SMAD4	KE-39	6.4	False
SMAD4	KE-97	8.5	False
SMAD4	Kelly	7.8	False
SMAD4	KG-1	9.5	False
SMAD4	KG-1-C	4.3	False
SMAD4	KHM-1B	8.1	False
SMAD4	Ki-JK	9.0	False
SMAD4	KLE	8.7	False
SMAD4	KLM-1	0.0	False
SMAD4	KM-H2	6.8	False
SMAD4	KM12	5.0	False
SMAD4	KMBC-2	11.9	False
SMAD4	KMM-1	17.2	False
SMAD4	KMRC-1	5.1	False
SMAD4	KMRC-2	15.5	False
SMAD4	KMRC-20	8.1	False
SMAD4	KMRC-3	8.0	False
SMAD4	KMS-11	20.7	False
SMAD4	KMS-12-BM	13.7	False
SMAD4	KMS-18	16.1	False
SMAD4	KMS-20	6.6	False
SMAD4	KMS-21-BM	9.5	False
SMAD4	KMS-26	27.7	False
SMAD4	KMS-27	9.2	False
SMAD4	KMS-28BM	17.3	False
SMAD4	KMS-34	11.7	False
SMAD4	KNS-42	10.0	False
SMAD4	KNS-60	6.6	False
SMAD4	KNS-62	2.9	False
SMAD4	KNS-81	9.7	False
SMAD4	KO52	10.5	False
SMAD4	KOPN-8	10.4	False
SMAD4	KP-2	1.7	False
SMAD4	KP-3	6.8	False
SMAD4	KP-4	0.6	False
SMAD4	KP-MRT-RY	14.0	False
SMAD4	KP-N-RT-BM-1	18.7	False
SMAD4	KP-N-SI9s	3.7	False
SMAD4	KP-N-YN	21.0	False
SMAD4	KPL-1	4.9	False
SMAD4	KPL-4	9.6	False
SMAD4	KS-1 [Human glioblastoma]	12.5	False
SMAD4	KU-19-19	6.1	False
SMAD4	Ku812	9.9	False
SMAD4	Kuramochi	5.2	False
SMAD4	KYM-1	12.9	False
SMAD4	KYO-1	3.6	False
SMAD4	KYSE-140	5.0	False
SMAD4	KYSE-150	2.6	False
SMAD4	KYSE-180	5.0	False
SMAD4	KYSE-270	6.3	False
SMAD4	KYSE-30	6.3	False
SMAD4	KYSE-410	4.4	False
SMAD4	KYSE-450	3.5	False
SMAD4	KYSE-510	4.9	False
SMAD4	KYSE-520	7.6	False
SMAD4	KYSE-70	11.2	False
SMAD4	L-1236	9.2	False
SMAD4	L-363	9.7	False
SMAD4	L-428	12.2	False
SMAD4	L-540	8.4	False
SMAD4	L3.3	4.1	False
SMAD4	LAMA-84	8.1	False
SMAD4	LC-1F	7.9	False
SMAD4	LCLC-103H	10.5	False
SMAD4	LCLC-97TM1	9.6	False
SMAD4	LHCN-M2	6.9	False
SMAD4	Li-7	0.0	False
SMAD4	LK-2	14.0	False
SMAD4	LMSU	13.0	False
SMAD4	LN-18	6.1	False
SMAD4	LN-215	7.3	False
SMAD4	LN-229	15.1	False
SMAD4	LN-235	4.5	False
SMAD4	LN-308	9.1	False
SMAD4	LN-319	7.5	False
SMAD4	LN-340	6.9	False
SMAD4	LN-382	6.5	False
SMAD4	LN-428	5.1	False
SMAD4	LN-443	7.2	False
SMAD4	LN-464	5.8	False
SMAD4	LNCaP	7.2	False
SMAD4	LNCaP clone FGC	7.2	False
SMAD4	LOU-NH91	7.8	False
SMAD4	Loucy	9.9	False
SMAD4	LoVo	13.4	False
SMAD4	LOX-IMVI	10.6	False
SMAD4	LP-1	14.3	False
SMAD4	LS1034	7.3	False
SMAD4	LS123	1.9	False
SMAD4	LS180	8.6	False
SMAD4	LS411N	7.3	False
SMAD4	LS513	9.6	False
SMAD4	Lu-65	5.1	False
SMAD4	Lu-99	11.4	False
SMAD4	LUDLU-1	5.6	False
SMAD4	LXF 289	8.8	False
SMAD4	LXFL 529L	0.2	False
SMAD4	M-07e	9.8	False
SMAD4	M059K	9.6	False
SMAD4	Malme-3M	7.6	False
SMAD4	MC116	9.5	False
SMAD4	MCAS	4.3	False
SMAD4	MCF-10A	14.0	False
SMAD4	MCF-7	5.7	False
SMAD4	MDA-MB-134-VI	8.0	False
SMAD4	MDA-MB-157	7.0	False
SMAD4	MDA-MB-175-VII	3.6	False
SMAD4	MDA-MB-231	8.0	False
SMAD4	MDA-MB-330	0.8	False
SMAD4	MDA-MB-361	5.0	False
SMAD4	MDA-MB-415	4.4	False
SMAD4	MDA-MB-435	8.1	False
SMAD4	MDA-MB-435S	6.5	False
SMAD4	MDA-MB-436	5.1	False
SMAD4	MDA-MB-453	5.3	False
SMAD4	MDA-MB-468	0.0	False
SMAD4	MDA-PCa-2b	9.0	False
SMAD4	MDST8	9.4	False
SMAD4	ME-1 [Human leukemia]	14.2	False
SMAD4	ME-180	7.9	False
SMAD4	MEC-1	8.9	False
SMAD4	MEG-01	9.1	False
SMAD4	Mel 928	9.2	False
SMAD4	Mel Ho	9.2	False
SMAD4	Mel JuSo	8.7	False
SMAD4	MES-SA	11.2	False
SMAD4	MeWo	13.8	False
SMAD4	MFE-280	7.9	False
SMAD4	MFE-296	9.1	False
SMAD4	MFE-319	7.3	False
SMAD4	MFM-223	10.9	False
SMAD4	MG-63	8.9	False
SMAD4	MHH-CALL-2	29.6	False
SMAD4	MHH-CALL-3	14.0	False
SMAD4	MHH-CALL-4	14.7	False
SMAD4	MHH-ES-1	16.8	False
SMAD4	MHH-NB-11	13.2	False
SMAD4	MHH-PREB-1	15.8	False
SMAD4	MIA PaCa-2	12.0	True
SMAD4	Mino	16.5	False
SMAD4	MJ	11.6	False
SMAD4	MKN1	11.0	False
SMAD4	MKN45	0.1	False
SMAD4	MKN7	8.5	False
SMAD4	MKN74	6.8	False
SMAD4	ML-1 [Human thyroid carcinoma]	6.9	False
SMAD4	ML-2	8.9	False
SMAD4	MM1.S	10.2	False
SMAD4	MOLM-13	6.4	False
SMAD4	MOLM-16	5.7	False
SMAD4	MOLM-6	9.3	False
SMAD4	MOLP-2	11.8	False
SMAD4	MOLP-8	12.2	False
SMAD4	MOLT-13	16.8	False
SMAD4	MOLT-16	12.6	False
SMAD4	MOLT-3	14.5	False
SMAD4	MOLT-4	10.2	False
SMAD4	MON	12.2	False
SMAD4	Mono-Mac-1	14.1	False
SMAD4	Mono-Mac-6	12.5	False
SMAD4	MOR	8.9	False
SMAD4	MOR/CPR	10.6	False
SMAD4	MPP 89	11.2	False
SMAD4	MS751	10.7	False
SMAD4	MSTO-211H	12.3	False
SMAD4	MUTZ-3	16.8	False
SMAD4	MUTZ-5	15.4	False
SMAD4	MV4-11	7.3	False
SMAD4	MX-1	10.0	False
SMAD4	NALM-1	14.2	False
SMAD4	NALM-19	16.5	False
SMAD4	NALM-6	14.5	False
SMAD4	Namalwa	20.4	False
SMAD4	NB1	7.9	False
SMAD4	NB4	9.6	False
SMAD4	NCC-StC-K140	4.2	False
SMAD4	NCE-G 111	10.7	False
SMAD4	NCE-G 118	6.8	False
SMAD4	NCE-G 120	8.5	False
SMAD4	NCE-G 121	7.1	False
SMAD4	NCE-G 122	6.0	False
SMAD4	NCE-G 124	7.8	False
SMAD4	NCE-G 130	8.2	False
SMAD4	NCE-G 140	5.7	False
SMAD4	NCE-G 22	6.5	False
SMAD4	NCE-G 28T	7.0	False
SMAD4	NCE-G 44	9.1	False
SMAD4	NCE-G 59	9.3	False
SMAD4	NCE-G 61	7.4	False
SMAD4	NCE-G 84	8.0	False
SMAD4	NCI-H1048	14.7	False
SMAD4	NCI-H1092	19.7	False
SMAD4	NCI-H1105	11.5	False
SMAD4	NCI-H1155	16.4	False
SMAD4	NCI-H1184	20.8	False
SMAD4	NCI-H1299	7.9	False
SMAD4	NCI-H1341	10.1	False
SMAD4	NCI-H1355	14.6	False
SMAD4	NCI-H1373	8.8	False
SMAD4	NCI-H1385	28.7	False
SMAD4	NCI-H1395	4.9	False
SMAD4	NCI-H1435	4.5	False
SMAD4	NCI-H1436	15.3	False
SMAD4	NCI-H1437	9.5	False
SMAD4	NCI-H146	26.2	False
SMAD4	NCI-H1563	13.9	False
SMAD4	NCI-H1568	5.1	False
SMAD4	NCI-H157	10.2	False
SMAD4	NCI-H1573	16.7	False
SMAD4	NCI-H1581	7.9	False
SMAD4	NCI-H1618	20.5	False
SMAD4	NCI-H1623	9.1	False
SMAD4	NCI-H1648	4.3	False
SMAD4	NCI-H1650	4.6	False
SMAD4	NCI-H1651	4.6	False
SMAD4	NCI-H1666	6.8	False
SMAD4	NCI-H1693	6.1	False
SMAD4	NCI-H1694	12.9	False
SMAD4	NCI-H1703	13.7	False
SMAD4	NCI-H1734	8.0	False
SMAD4	NCI-H1755	13.0	False
SMAD4	NCI-H1770	17.8	False
SMAD4	NCI-H1781	9.8	False
SMAD4	NCI-H1792	13.7	False
SMAD4	NCI-H1793	7.8	False
SMAD4	NCI-H1819	3.7	False
SMAD4	NCI-H1836	11.1	False
SMAD4	NCI-H1838	9.0	False
SMAD4	NCI-H1869	5.7	False
SMAD4	NCI-H187	15.6	False
SMAD4	NCI-H1876	20.8	False
SMAD4	NCI-H1882	19.2	False
SMAD4	NCI-H1915	5.5	False
SMAD4	NCI-H1930	21.4	False
SMAD4	NCI-H1944	11.5	False
SMAD4	NCI-H196	11.1	False
SMAD4	NCI-H1963	49.1	False
SMAD4	NCI-H1975	7.6	False
SMAD4	NCI-H2004RT	8.5	False
SMAD4	NCI-H2009	5.7	False
SMAD4	NCI-H2023	7.5	False
SMAD4	NCI-H2029	12.7	False
SMAD4	NCI-H2030	5.8	False
SMAD4	NCI-H2052	8.8	False
SMAD4	NCI-H2066	5.8	False
SMAD4	NCI-H2073	15.0	False
SMAD4	NCI-H2077	12.3	False
SMAD4	NCI-H2081	11.1	False
SMAD4	NCI-H2085	9.6	False
SMAD4	NCI-H2087	3.4	False
SMAD4	NCI-H209	21.8	False
SMAD4	NCI-H2106	13.0	False
SMAD4	NCI-H211	6.2	False
SMAD4	NCI-H2110	3.5	False
SMAD4	NCI-H2122	7.4	False
SMAD4	NCI-H2126	4.1	False
SMAD4	NCI-H2135	9.8	False
SMAD4	NCI-H2170	12.0	False
SMAD4	NCI-H2171	16.1	False
SMAD4	NCI-H2172	12.1	False
SMAD4	NCI-H2196	11.0	False
SMAD4	NCI-H2198	12.1	False
SMAD4	NCI-H2227	15.8	False
SMAD4	NCI-H2228	8.4	False
SMAD4	NCI-H226	9.1	False
SMAD4	NCI-H2286	13.9	False
SMAD4	NCI-H2291	4.8	False
SMAD4	NCI-H23	6.0	False
SMAD4	NCI-H2342	4.9	False
SMAD4	NCI-H2347	10.4	False
SMAD4	NCI-H2369	11.8	False
SMAD4	NCI-H2373	7.0	False
SMAD4	NCI-H2405	0.0	False
SMAD4	NCI-H2444	3.8	False
SMAD4	NCI-H2452	10.4	False
SMAD4	NCI-H2461	14.4	False
SMAD4	NCI-H2595	9.1	False
SMAD4	NCI-H2596	6.0	False
SMAD4	NCI-H2722	21.3	False
SMAD4	NCI-H2795	13.3	False
SMAD4	NCI-H28	8.4	False
SMAD4	NCI-H2803	6.4	False
SMAD4	NCI-H2804	9.1	False
SMAD4	NCI-H2810	4.4	False
SMAD4	NCI-H2882	3.1	False
SMAD4	NCI-H2887	3.7	False
SMAD4	NCI-H292	9.4	False
SMAD4	NCI-H3122	6.2	False
SMAD4	NCI-H322	5.9	False
SMAD4	NCI-H3255	4.8	False
SMAD4	NCI-H345	14.1	False
SMAD4	NCI-H358	7.5	False
SMAD4	NCI-H441	10.0	False
SMAD4	NCI-H446	17.8	False
SMAD4	NCI-H460	8.0	False
SMAD4	NCI-H508	9.1	False
SMAD4	NCI-H510A	9.3	False
SMAD4	NCI-H520	12.6	False
SMAD4	NCI-H522	14.9	False
SMAD4	NCI-H524	12.3	False
SMAD4	NCI-H526	12.5	False
SMAD4	NCI-H596	4.9	False
SMAD4	NCI-H647	10.5	False
SMAD4	NCI-H650	6.9	False
SMAD4	NCI-H660	19.6	False
SMAD4	NCI-H661	7.1	False
SMAD4	NCI-H684	5.4	False
SMAD4	NCI-H69	34.7	False
SMAD4	NCI-H716	11.1	False
SMAD4	NCI-H727	8.2	False
SMAD4	NCI-H747	4.2	False
SMAD4	NCI-H810	12.5	False
SMAD4	NCI-H82	13.3	False
SMAD4	NCI-H820	8.1	False
SMAD4	NCI-H838	8.2	False
SMAD4	NCI-H841	9.1	False
SMAD4	NCI-H847	11.8	False
SMAD4	NCI-H854	21.4	False
SMAD4	NCI-H889	28.1	False
SMAD4	NCI-H920	5.9	False
SMAD4	NCI-H929	9.6	False
SMAD4	NCI-N417	14.0	False
SMAD4	NCI-N87	0.3	False
SMAD4	NCO2	17.7	False
SMAD4	NH-6	20.0	False
SMAD4	NHAHTDD	8.8	False
SMAD4	NMC-G1	8.0	False
SMAD4	NOMO-1	6.8	False
SMAD4	NTERA-2	13.0	False
SMAD4	NU-DHL-1	10.2	False
SMAD4	NU-DUL-1	17.2	False
SMAD4	NUGC-2	10.2	False
SMAD4	NUGC-3	8.3	False
SMAD4	NUGC-4	12.1	False
SMAD4	OAW28	16.6	False
SMAD4	OAW42	5.7	False
SMAD4	OC 314	5.0	False
SMAD4	OCI-AML-2	8.5	False
SMAD4	OCI-AML-3	10.4	False
SMAD4	OCI-AML-5	7.8	False
SMAD4	OCI-Ly10	14.1	False
SMAD4	OCI-Ly19	15.8	False
SMAD4	OCI-Ly3	16.6	False
SMAD4	OCI-Ly7	9.9	False
SMAD4	OCI-M1	8.7	False
SMAD4	OCI-M2	4.9	False
SMAD4	OCI-My5	31.7	False
SMAD4	OCI-My7	14.1	False
SMAD4	OCUM-1	11.3	False
SMAD4	OE19	4.1	False
SMAD4	OE21	4.8	False
SMAD4	OE33	4.3	False
SMAD4	OELE	9.7	False
SMAD4	Okajima	6.7	False
SMAD4	ONCO-DG-1	7.3	False
SMAD4	ONS-76	5.5	False
SMAD4	OPM-1	7.8	False
SMAD4	OPM-2	13.3	False
SMAD4	OS-RC-2	10.0	False
SMAD4	OUMS-23	5.4	False
SMAD4	OV-90	3.2	False
SMAD4	OV56	6.2	False
SMAD4	OV7	12.0	False
SMAD4	OVCA420	6.3	False
SMAD4	OVCA432	7.0	False
SMAD4	OVCA433	8.4	False
SMAD4	OVCAR-3	6.6	False
SMAD4	OVCAR-4	3.0	False
SMAD4	OVCAR-5	6.6	False
SMAD4	OVCAR-8	10.8	False
SMAD4	OVISE	5.8	False
SMAD4	OVK18	12.6	False
SMAD4	OVKATE	3.0	False
SMAD4	OVMANA	3.6	False
SMAD4	OVSAHO	11.3	False
SMAD4	OVTOKO	7.2	False
SMAD4	P12-Ichikawa	19.6	False
SMAD4	P31/FUJ	13.7	False
SMAD4	P3HR-1	11.9	False
SMAD4	PA-1	16.4	False
SMAD4	Panc 02.03	2.6	True
SMAD4	Panc 02.13	2.4	True
SMAD4	Panc 03.27	16.5	True
SMAD4	Panc 04.03	7.9	True
SMAD4	Panc 05.04	0.0	True
SMAD4	Panc 08.13	0.9	True
SMAD4	Panc 10.05	7.7	True
SMAD4	PANC-1	7.2	True
SMAD4	PaTu 8902	5.3	True
SMAD4	PaTu 8988s	0.4	True
SMAD4	PaTu 8988t	0.1	True
SMAD4	PC-14	7.1	False
SMAD4	PC-3	5.6	False
SMAD4	PC-9	7.7	False
SMAD4	PE/CA-PJ15	5.7	False
SMAD4	PE/CA-PJ34 (clone C12)	1.4	False
SMAD4	PE/CA-PJ41 (clone D2)	5.1	False
SMAD4	PE/CA-PJ49	0.1	False
SMAD4	Peer	9.9	False
SMAD4	PEO1	12.4	False
SMAD4	PF-382	15.5	False
SMAD4	Pfeiffer	7.1	False
SMAD4	PK-1	0.0	False
SMAD4	PK-45H	4.6	False
SMAD4	PK-45P	7.0	False
SMAD4	PK-59	10.6	False
SMAD4	PK-8	5.5	False
SMAD4	PL-21	11.5	False
SMAD4	PL45	10.1	True
SMAD4	PLB-985	13.6	False
SMAD4	PLC/PRF/5	8.3	False
SMAD4	PODO/SVTERT152	11.1	False
SMAD4	PODO/TERT256	6.6	False
SMAD4	PrEC LH	6.2	False
SMAD4	PSN1	0.0	False
SMAD4	QGP-1	12.3	False
SMAD4	Raji	11.8	False
SMAD4	Ramos	15.4	False
SMAD4	RC-K8	4.9	False
SMAD4	RCC10RGB	10.1	False
SMAD4	RCH-ACV	12.8	False
SMAD4	RCM-1 [Human rectal adenocarcinoma]	6.3	False
SMAD4	RD	7.3	False
SMAD4	RD-ES	19.8	False
SMAD4	REC-1	12.5	False
SMAD4	REH	13.1	False
SMAD4	RERF-GC-1B	3.6	False
SMAD4	RERF-LC-A1	6.4	False
SMAD4	RERF-LC-Ad1	12.0	False
SMAD4	RERF-LC-Ad2	5.5	False
SMAD4	RERF-LC-KJ	4.8	False
SMAD4	RERF-LC-MS	7.3	False
SMAD4	RERF-LC-OK	7.5	False
SMAD4	RERF-LC-Sq1	7.5	False
SMAD4	Rh18	11.5	False
SMAD4	Rh30	11.3	False
SMAD4	Rh41	12.6	False
SMAD4	Ri-1	30.7	False
SMAD4	RKN	6.7	False
SMAD4	RKO	5.4	False
SMAD4	RL	5.2	False
SMAD4	RL95-2	13.2	False
SMAD4	RMG-I	11.7	False
SMAD4	RMUG-S	0.1	False
SMAD4	RPMI-2650	10.2	False
SMAD4	RPMI-7951	9.1	False
SMAD4	RPMI-8226	13.2	False
SMAD4	RPMI-8402	12.3	False
SMAD4	RPTEC/TERT1	8.4	False
SMAD4	RS-5	10.8	False
SMAD4	RS4;11	9.2	False
SMAD4	RT-112	5.9	False
SMAD4	RT-4	3.0	False
SMAD4	RVH-421	9.0	False
SMAD4	S-117	7.8	False
SMAD4	SALE	6.0	False
SMAD4	SaOS-2	7.7	False
SMAD4	SBC-5	7.5	False
SMAD4	Sc-1	22.3	False
SMAD4	SCaBER	9.1	False
SMAD4	SCC-15	6.0	False
SMAD4	SCC-25	6.6	False
SMAD4	SCC-3	9.7	False
SMAD4	SCC-4	5.3	False
SMAD4	SCC-9	9.2	False
SMAD4	SCLC-21H	22.7	False
SMAD4	SCLC-22H	11.8	False
SMAD4	SEM	12.0	False
SMAD4	SET-2	11.1	False
SMAD4	SF126	14.9	False
SMAD4	SF172	6.4	False
SMAD4	SF268	9.4	False
SMAD4	SF295	7.1	False
SMAD4	SF539	6.4	False
SMAD4	SF767	8.8	False
SMAD4	SH-10-TC	4.7	False
SMAD4	SH-4	8.6	False
SMAD4	SH-SY5Y	11.7	False
SMAD4	SHP-77	10.4	False
SMAD4	SIG-M5	9.0	False
SMAD4	SiHa	9.7	False
SMAD4	SiMa	14.0	False
SMAD4	SJSA-1	12.4	False
SMAD4	SK-BR-3	2.6	False
SMAD4	SK-CO-1	21.4	False
SMAD4	SK-ES-1	16.9	False
SMAD4	SK-HEP-1	8.4	False
SMAD4	SK-LMS-1	10.2	False
SMAD4	SK-LU-1	8.1	False
SMAD4	SK-MEL-1	6.3	False
SMAD4	SK-MEL-2	7.6	False
SMAD4	SK-MEL-23	10.9	False
SMAD4	SK-MEL-24	5.4	False
SMAD4	SK-MEL-28	6.9	False
SMAD4	SK-MEL-3	7.4	False
SMAD4	SK-MEL-30	9.6	False
SMAD4	SK-MEL-31	3.4	False
SMAD4	SK-MEL-5	8.1	False
SMAD4	SK-MES-1	8.4	False
SMAD4	SK-MM-2	26.9	False
SMAD4	SK-N-AS	12.6	False
SMAD4	SK-N-BE(2)	8.5	False
SMAD4	SK-N-DZ	14.5	False
SMAD4	SK-N-FI	12.3	False
SMAD4	SK-N-MC	17.6	False
SMAD4	SK-N-SH	11.3	False
SMAD4	SK-NEP-1	14.1	False
SMAD4	SK-OV-3	16.4	False
SMAD4	SK-PN-DW	8.3	False
SMAD4	SK-RC-20	7.3	False
SMAD4	SK-UT-1	14.5	False
SMAD4	SKM-1	8.7	False
SMAD4	SKNO-1	9.8	False
SMAD4	SLR20	8.3	False
SMAD4	SLR21	7.3	False
SMAD4	SLR23	5.0	False
SMAD4	SLR24	9.4	False
SMAD4	SLR25	3.9	False
SMAD4	SLR26	6.3	False
SMAD4	SNB-75	8.5	False
SMAD4	SNG-M	8.3	False
SMAD4	SNU-1	7.9	False
SMAD4	SNU-1033	1.0	False
SMAD4	SNU-1040	12.9	False
SMAD4	SNU-1041	0.0	False
SMAD4	SNU-1066	5.7	False
SMAD4	SNU-1076	8.8	False
SMAD4	SNU-1077	4.3	False
SMAD4	SNU-1079	8.8	False
SMAD4	SNU-1105	9.9	False
SMAD4	SNU-119	7.9	False
SMAD4	SNU-1196	2.7	False
SMAD4	SNU-1197	6.4	False
SMAD4	SNU-1214	13.5	False
SMAD4	SNU-1272	14.0	False
SMAD4	SNU-16	10.2	False
SMAD4	SNU-175	11.7	False
SMAD4	SNU-182	5.5	False
SMAD4	SNU-201	9.7	False
SMAD4	SNU-213	2.4	False
SMAD4	SNU-216	1.8	False
SMAD4	SNU-245	8.1	False
SMAD4	SNU-283	4.9	False
SMAD4	SNU-308	6.1	False
SMAD4	SNU-324	9.7	False
SMAD4	SNU-349	8.9	False
SMAD4	SNU-387	10.2	False
SMAD4	SNU-398	5.1	False
SMAD4	SNU-407	8.8	False
SMAD4	SNU-410	3.8	False
SMAD4	SNU-423	5.6	False
SMAD4	SNU-449	7.8	False
SMAD4	SNU-46	5.7	False
SMAD4	SNU-466	9.0	False
SMAD4	SNU-475	7.3	False
SMAD4	SNU-478	8.1	False
SMAD4	SNU-484	10.4	False
SMAD4	SNU-489	8.4	False
SMAD4	SNU-5	7.3	False
SMAD4	SNU-503	8.0	False
SMAD4	SNU-520	12.7	False
SMAD4	SNU-601	3.4	False
SMAD4	SNU-61	4.9	False
SMAD4	SNU-620	10.2	False
SMAD4	SNU-626	7.1	False
SMAD4	SNU-638	11.8	False
SMAD4	SNU-668	7.0	False
SMAD4	SNU-685	8.3	False
SMAD4	SNU-719	10.0	False
SMAD4	SNU-738	5.6	False
SMAD4	SNU-761	8.6	False
SMAD4	SNU-8	5.6	False
SMAD4	SNU-81	12.9	False
SMAD4	SNU-840	4.8	False
SMAD4	SNU-869	7.3	False
SMAD4	SNU-878	10.8	False
SMAD4	SNU-886	13.5	False
SMAD4	SNU-899	5.6	False
SMAD4	SNU-C1	6.6	False
SMAD4	SNU-C2A	12.2	False
SMAD4	SNU-C4	13.5	False
SMAD4	SNU-C5	9.6	False
SMAD4	Sq-1	8.3	False
SMAD4	SR	10.1	False
SMAD4	ST486	26.5	False
SMAD4	STM91-01	29.8	False
SMAD4	SU-DHL-1	16.4	False
SMAD4	SU-DHL-10	10.3	False
SMAD4	SU-DHL-16	7.5	False
SMAD4	SU-DHL-4	14.8	False
SMAD4	SU-DHL-5	13.7	False
SMAD4	SU-DHL-6	13.3	False
SMAD4	SU-DHL-8	17.2	False
SMAD4	SU.86.86	3.6	True
SMAD4	SUIT-2	0.6	False
SMAD4	SUM1315MO2	9.8	False
SMAD4	SUM149PT	10.7	False
SMAD4	SUM159PT	8.6	False
SMAD4	SUM52PE	6.8	False
SMAD4	SUP-B15	13.3	False
SMAD4	SUP-M2	7.8	False
SMAD4	SUP-T1	12.3	False
SMAD4	SUP-T11	12.9	False
SMAD4	SuSa	9.4	False
SMAD4	SW1088	7.9	False
SMAD4	SW1116	0.3	False
SMAD4	SW1271	9.5	False
SMAD4	SW1353	10.9	False
SMAD4	SW1417	5.2	False
SMAD4	SW1463	4.3	False
SMAD4	SW1573	0.2	False
SMAD4	SW1710	15.0	False
SMAD4	SW1783	9.0	False
SMAD4	SW1990	5.8	False
SMAD4	SW403	4.1	False
SMAD4	SW48	6.2	False
SMAD4	SW480	0.3	False
SMAD4	SW579	12.4	False
SMAD4	SW620	0.2	False
SMAD4	SW780	8.1	False
SMAD4	SW837	6.9	False
SMAD4	SW900	3.3	False
SMAD4	SW948	8.2	False
SMAD4	SW982	9.7	False
SMAD4	T-47d	7.2	False
SMAD4	T.T	6.9	False
SMAD4	T1-73	10.1	False
SMAD4	T24	10.9	False
SMAD4	T3M-10	8.0	False
SMAD4	T3M-4	3.0	False
SMAD4	T84	2.5	False
SMAD4	T98G	8.1	False
SMAD4	TALL-1 [Human adult T-ALL]	21.4	False
SMAD4	TC-71	10.2	False
SMAD4	TCC-Pan2	1.6	False
SMAD4	TCCSUP	8.6	False
SMAD4	TE 125.T	6.3	False
SMAD4	TE 159.T	8.0	False
SMAD4	TE 441.T	7.6	False
SMAD4	TE 617.T	10.1	False
SMAD4	TE-1	3.4	False
SMAD4	TE-10	4.2	False
SMAD4	TE-11	6.9	False
SMAD4	TE-14	6.1	False
SMAD4	TE-15	8.9	False
SMAD4	TE-4	8.7	False
SMAD4	TE-5	5.0	False
SMAD4	TE-6	7.2	False
SMAD4	TE-8	4.5	False
SMAD4	TE-9	5.2	False
SMAD4	TEN	5.1	False
SMAD4	TF-1	8.2	False
SMAD4	TGBC11TKB	16.6	False
SMAD4	THP-1	9.7	False
SMAD4	TIG-3 TD	9.8	False
SMAD4	TIME	9.5	False
SMAD4	TK [Human B-cell lymphoma]	8.8	False
SMAD4	TK-10	12.2	False
SMAD4	TM-31	15.8	False
SMAD4	Tm87-16	9.5	False
SMAD4	TMD8	10.1	False
SMAD4	TO 175.T	9.4	False
SMAD4	Toledo	24.4	False
SMAD4	TOV-112D	12.7	False
SMAD4	TOV-21G	8.0	False
SMAD4	TT	9.8	False
SMAD4	TT2609-C02	12.2	False
SMAD4	TTC-1240	10.4	False
SMAD4	TTC-549	10.6	False
SMAD4	TTC-642	11.4	False
SMAD4	TTC-709	10.1	False
SMAD4	TUHR10TKB	11.4	False
SMAD4	TUHR14TKB	13.1	False
SMAD4	TUHR4TKB	11.0	False
SMAD4	TYK-nu	8.0	False
SMAD4	U-118MG	11.9	False
SMAD4	U-138MG	12.8	False
SMAD4	U-178MG	5.9	False
SMAD4	U-2197	3.2	False
SMAD4	U-251MG	6.1	False
SMAD4	U-266/70	14.6	False
SMAD4	U-266/84	16.3	False
SMAD4	U-2932	17.8	False
SMAD4	U-343MGa	7.6	False
SMAD4	U-698-M	15.1	False
SMAD4	U-87MG ATCC	11.4	False
SMAD4	U-937	8.6	False
SMAD4	U-BLC1	15.5	False
SMAD4	U266B1	12.0	False
SMAD4	U2OS	6.3	False
SMAD4	UACC-257	6.3	False
SMAD4	UACC-62	3.3	False
SMAD4	UACC-812	5.9	False
SMAD4	UACC-893	2.6	False
SMAD4	UCSD-242L	7.4	False
SMAD4	UKE-1	13.8	False
SMAD4	UM-UC-1	6.2	False
SMAD4	UM-UC-3	8.0	False
SMAD4	UMC-11	7.2	False
SMAD4	UO-31	7.5	False
SMAD4	UOK101	8.1	False
SMAD4	VCaP	15.0	False
SMAD4	VM-CUB-1	11.9	False
SMAD4	VMRC-LCD	4.5	False
SMAD4	VMRC-RCW	10.7	False
SMAD4	VMRC-RCZ	14.9	False
SMAD4	WM115	11.1	False
SMAD4	WM1799	7.0	False
SMAD4	WM266-4	5.4	False
SMAD4	WM793	5.7	False
SMAD4	WM88	8.0	False
SMAD4	WM983B	6.9	False
SMAD4	WSU-DLCL2	9.7	False
SMAD4	WSU-FSCCL	33.9	False
SMAD4	WSU-NHL	12.3	False
SMAD4	YAPC	4.1	False
SMAD4	YD-10B	6.8	False
SMAD4	YD-15	7.0	False
SMAD4	YD-38	1.3	False
SMAD4	YD-8	10.1	False
SMAD4	YH-13	9.2	False
SMAD4	YKG-1	9.3	False
SMAD4	YMB-1	11.7	False
SMAD4	ZR-75-1	11.2	False
SMAD4	ZR-75-30	5.0	False
CDKN2A	143B	0.0	False
CDKN2A	22Rv1	24.6	False
CDKN2A	23132/87	23.1	False
CDKN2A	253J	0.7	False
CDKN2A	253J-BV	0.7	False
CDKN2A	42-MG-BA	0.9	False
CDKN2A	537-mel	8.6	False
CDKN2A	5637	362.8	False
CDKN2A	59M	18.0	False
CDKN2A	624-mel	172.1	False
CDKN2A	639V	363.9	False
CDKN2A	647V	671.6	False
CDKN2A	697	5.7	False
CDKN2A	769-P	2.6	False
CDKN2A	786-O	0.2	False
CDKN2A	8-MG-BA	487.5	False
CDKN2A	8305C	289.5	False
CDKN2A	8505C	140.7	False
CDKN2A	888-mel	52.4	False
CDKN2A	A-1207	0.5	False
CDKN2A	A-172	0.3	False
CDKN2A	A-204	31.0	False
CDKN2A	A-253	85.7	False
CDKN2A	A-375	3.5	False
CDKN2A	A-427	0.5	False
CDKN2A	A-431	7.2	False
CDKN2A	A-498	0.3	False
CDKN2A	A-549	0.1	False
CDKN2A	A-673	0.3	False
CDKN2A	A-704	3.6	False
CDKN2A	A101D	0.6	False
CDKN2A	A2058	189.5	False
CDKN2A	A2780	11.1	False
CDKN2A	A3/Kawakami	0.4	False
CDKN2A	A4/Fukuda	163.6	False
CDKN2A	ABC-1	106.6	False
CDKN2A	ACC-MESO-1	0.7	False
CDKN2A	ACHN	3.5	False
CDKN2A	AF22	1.6	False
CDKN2A	AGS	0.2	False
CDKN2A	ALL-SIL	0.6	False
CDKN2A	AM-38	0.7	False
CDKN2A	AML-193	274.9	False
CDKN2A	AMO1	67.5	False
CDKN2A	AN3-CA	139.2	False
CDKN2A	ASC2telo differentiated	0.8	False
CDKN2A	ASC52telo	0.9	False
CDKN2A	AsPC-1	378.1	True
CDKN2A	AU565	53.3	False
CDKN2A	B-CPAP	112.7	False
CDKN2A	BC-3C	1.8	False
CDKN2A	BCP-1	146.8	False
CDKN2A	BDCM	28.1	False
CDKN2A	BEN	71.5	False
CDKN2A	BEWO	37.2	False
CDKN2A	BFTC-905	0.2	False
CDKN2A	BFTC-909	0.3	False
CDKN2A	BHT-101	279.4	False
CDKN2A	BHY	63.2	False
CDKN2A	BICR 10	0.0	False
CDKN2A	BICR 16	0.8	False
CDKN2A	BICR 18	1.3	False
CDKN2A	BICR 22	8.1	False
CDKN2A	BICR 31	2.9	False
CDKN2A	BICR 56	140.8	False
CDKN2A	BICR 6	11.4	False
CDKN2A	BICR 78	0.1	False
CDKN2A	BJ [Human fibroblast]	15.1	False
CDKN2A	BJ hTERT+ SV40 Large T+	103.7	False
CDKN2A	BJ hTERT+ SV40 Large T+ RasG12V	181.0	False
CDKN2A	BJ1-hTERT	0.0	False
CDKN2A	BJAB	138.3	False
CDKN2A	BL-41	255.9	False
CDKN2A	BL-70	304.8	False
CDKN2A	BT-12	11.3	False
CDKN2A	BT-20	0.5	False
CDKN2A	BT-474	11.6	False
CDKN2A	BT-483	15.9	False
CDKN2A	BT-549	581.7	False
CDKN2A	BV-173	1.8	False
CDKN2A	BxPC-3	0.4	True
CDKN2A	C-33 A	591.8	False
CDKN2A	C170	0.1	False
CDKN2A	C2BBe1	23.1	False
CDKN2A	C32 [Human melanoma]	3.4	False
CDKN2A	C8166	21.6	False
CDKN2A	Ca Ski	601.1	False
CDKN2A	CA46	153.0	False
CDKN2A	CACO-2	48.3	False
CDKN2A	CADO-ES1	1.0	False
CDKN2A	Caki-1	0.3	False
CDKN2A	Caki-2	0.4	False
CDKN2A	CAL-120	279.9	False
CDKN2A	CAL-12T	72.5	False
CDKN2A	CAL-148	45.0	False
CDKN2A	CAL-27	66.9	False
CDKN2A	CAL-29	0.9	False
CDKN2A	CAL-33	75.8	False
CDKN2A	CAL-51	24.5	False
CDKN2A	CAL-54	0.6	False
CDKN2A	CAL-62	0.4	False
CDKN2A	CAL-78	74.0	False
CDKN2A	CAL-85-1	551.6	False
CDKN2A	Calu-1	196.3	False
CDKN2A	Calu-3	388.4	False
CDKN2A	Calu-6	487.9	False
CDKN2A	CAMA-1	72.0	False
CDKN2A	Caov-3	110.5	False
CDKN2A	Caov-4	122.2	False
CDKN2A	Capan-1	0.3	True
CDKN2A	CAPAN-2	430.3	True
CDKN2A	CaR-1	0.0	False
CDKN2A	CAS-1	0.5	False
CDKN2A	CCF-STTG1	212.9	False
CDKN2A	CCK-81	1.4	False
CDKN2A	CCRF-SB	19.9	False
CDKN2A	CFPAC-1	237.0	True
CDKN2A	CH-157MN	0.4	False
CDKN2A	ChaGo-K-1	89.0	False
CDKN2A	CHP-126	7.8	False
CDKN2A	CHP-212	23.1	False
CDKN2A	Ci-1	232.6	False
CDKN2A	CJM [Human melanoma]	250.6	False
CDKN2A	CL-11	200.9	False
CDKN2A	CL-14	38.6	False
CDKN2A	CL-34	43.3	False
CDKN2A	CL-40	55.1	False
CDKN2A	CMK	0.5	False
CDKN2A	CML-T1	0.8	False
CDKN2A	COLO 201	177.7	False
CDKN2A	COLO 206F	185.1	False
CDKN2A	COLO 320	63.3	False
CDKN2A	COLO 320DM	76.2	False
CDKN2A	COLO 668	132.4	False
CDKN2A	COLO 678	0.3	False
CDKN2A	COLO 679	0.5	False
CDKN2A	COLO 680N	0.4	False
CDKN2A	COLO 684	241.1	False
CDKN2A	COLO 699	119.1	False
CDKN2A	COLO 704	198.5	False
CDKN2A	COLO 741	0.3	False
CDKN2A	COLO 783	175.8	False
CDKN2A	COLO 792	61.1	False
CDKN2A	COLO 794	3.2	False
CDKN2A	COLO 800	5.6	False
CDKN2A	COLO 829	1340.3	False
CDKN2A	COLO 849	700.5	False
CDKN2A	COR-L105	29.2	False
CDKN2A	COR-L23	325.0	False
CDKN2A	COR-L24	62.0	False
CDKN2A	COR-L26	29.1	False
CDKN2A	COR-L279	295.9	False
CDKN2A	COR-L311	48.5	False
CDKN2A	COR-L47	396.5	False
CDKN2A	COR-L88	143.1	False
CDKN2A	COR-L95	519.2	False
CDKN2A	COV318	370.4	False
CDKN2A	COV362	354.5	False
CDKN2A	COV413B	51.1	False
CDKN2A	COV434	96.2	False
CDKN2A	COV504	0.0	False
CDKN2A	COV644	206.9	False
CDKN2A	CPC-N	265.1	False
CDKN2A	CW-2	10.4	False
CDKN2A	D283 Med	4.4	False
CDKN2A	D341 Med	13.4	False
CDKN2A	DAN-G	0.1	False
CDKN2A	Daoy	0.1	False
CDKN2A	Daudi	77.6	False
CDKN2A	DB	5.9	False
CDKN2A	DBTRG-05MG	2.2	False
CDKN2A	DEL	97.0	False
CDKN2A	DEOC-1	0.0	False
CDKN2A	Detroit 562	41.6	False
CDKN2A	DK-MG	1.4	False
CDKN2A	DM-3	90.2	False
CDKN2A	DMS 114	49.2	False
CDKN2A	DMS 153	163.9	False
CDKN2A	DMS 273	399.0	False
CDKN2A	DMS 454	117.4	False
CDKN2A	DMS 53	26.4	False
CDKN2A	DMS 79	163.6	False
CDKN2A	DND-41	386.7	False
CDKN2A	DoHH2	0.6	False
CDKN2A	DOK	141.9	False
CDKN2A	DOV13	0.0	False
CDKN2A	DU145	376.4	False
CDKN2A	DU4475	47.7	False
CDKN2A	DV-90	82.3	False
CDKN2A	EB1	159.3	False
CDKN2A	EB2	204.4	False
CDKN2A	EB3 [Human Burkitt lymphoma]	142.8	False
CDKN2A	EBC-1	2.3	False
CDKN2A	EC-GI-10	7.3	False
CDKN2A	ECC10	266.8	False
CDKN2A	ECC12	260.9	False
CDKN2A	EFE-184	229.5	False
CDKN2A	EFM-19	0.4	False
CDKN2A	EFM-192A	35.4	False
CDKN2A	EFO-21	167.1	False
CDKN2A	EFO-27	129.8	False
CDKN2A	EHEB	22.1	False
CDKN2A	EJM	153.9	False
CDKN2A	EKVX	112.8	False
CDKN2A	EM-2	0.4	False
CDKN2A	EN	190.1	False
CDKN2A	EoL-1	0.7	False
CDKN2A	EPLC-272H	128.5	False
CDKN2A	ES-2	498.7	False
CDKN2A	ESS-1	235.9	False
CDKN2A	Evsa-T	19.0	False
CDKN2A	EW-8	95.3	False
CDKN2A	EWS-502	118.4	False
CDKN2A	F-36P	0.7	False
CDKN2A	FaDu	47.4	False
CDKN2A	Farage	100.6	False
CDKN2A	fHDF/TERT166	8.9	False
CDKN2A	FTC-133	545.6	False
CDKN2A	FTC-238	389.1	False
CDKN2A	FU-OV-1	286.8	False
CDKN2A	Fu97	29.5	False
CDKN2A	G-292 clone A141B1	269.2	False
CDKN2A	G-361	4.0	False
CDKN2A	G-401	9.0	False
CDKN2A	G-402	18.1	False
CDKN2A	GA-10	237.9	False
CDKN2A	GAMG	0.7	False
CDKN2A	GB-1	0.7	False
CDKN2A	GCIY	45.9	False
CDKN2A	GCT	209.6	False
CDKN2A	GDM-1	3.5	False
CDKN2A	GI-1	581.1	False
CDKN2A	GMS-10	307.8	False
CDKN2A	GOS-3	0.4	False
CDKN2A	GP2d	0.7	False
CDKN2A	Granta-519	0.3	False
CDKN2A	GSS	146.7	False
CDKN2A	GSU	0.9	False
CDKN2A	GTL-16	0.3	False
CDKN2A	H4	0.8	False
CDKN2A	HaCaT	34.1	False
CDKN2A	HAP1	31.4	False
CDKN2A	HARA [Human squamous cell lung carcinoma]	283.5	False
CDKN2A	HBEC3-KT	195.1	False
CDKN2A	HBF/TERT88	85.0	False
CDKN2A	HBL-100	292.7	False
CDKN2A	HCA7	3.0	False
CDKN2A	HCC-56	10.2	False
CDKN2A	HCC1011	22.6	False
CDKN2A	HCC1143	46.9	False
CDKN2A	HCC1162	389.2	False
CDKN2A	HCC1171	0.6	False
CDKN2A	HCC1187	138.5	False
CDKN2A	HCC1195	14.0	False
CDKN2A	HCC1263	39.1	False
CDKN2A	HCC1319	45.3	False
CDKN2A	HCC1359	0.7	False
CDKN2A	HCC1395	0.7	False
CDKN2A	HCC1419	19.3	False
CDKN2A	HCC1428	65.0	False
CDKN2A	HCC1438	388.5	False
CDKN2A	HCC1482	13.7	False
CDKN2A	HCC1493	0.0	False
CDKN2A	HCC15	0.3	False
CDKN2A	HCC1500	0.3	False
CDKN2A	HCC1534	97.1	False
CDKN2A	HCC1569	426.9	False
CDKN2A	HCC1576	0.2	False
CDKN2A	HCC1588	1.1	False
CDKN2A	HCC1599	264.2	False
CDKN2A	HCC1806	0.6	False
CDKN2A	HCC1833	38.3	False
CDKN2A	HCC193	19.5	False
CDKN2A	HCC1937	309.2	False
CDKN2A	HCC1954	71.3	False
CDKN2A	HCC202	157.0	False
CDKN2A	HCC2108	243.2	False
CDKN2A	HCC2157	348.9	False
CDKN2A	HCC2218	21.2	False
CDKN2A	HCC2270	0.1	False
CDKN2A	HCC2279	3.9	False
CDKN2A	HCC2302	80.0	False
CDKN2A	HCC2429	23.1	False
CDKN2A	HCC2450	574.5	False
CDKN2A	HCC2688	0.2	False
CDKN2A	HCC2814	112.3	False
CDKN2A	HCC2885	0.4	False
CDKN2A	HCC2911	0.1	False
CDKN2A	HCC2935	0.1	False
CDKN2A	HCC33	154.1	False
CDKN2A	HCC364	398.6	False
CDKN2A	HCC366	190.0	False
CDKN2A	HCC38	0.1	False
CDKN2A	HCC4006	0.1	False
CDKN2A	HCC4011	0.0	False
CDKN2A	HCC4017	0.2	False
CDKN2A	HCC44	452.9	False
CDKN2A	HCC461	148.3	False
CDKN2A	HCC515	209.8	False
CDKN2A	HCC630	7.5	False
CDKN2A	HCC70	804.7	False
CDKN2A	HCC78	58.6	False
CDKN2A	HCC827	508.0	False
CDKN2A	HCC827 GR5	685.6	False
CDKN2A	HCC89	0.5	False
CDKN2A	HCC95	0.1	False
CDKN2A	HCT 116	61.0	False
CDKN2A	HCT 15	1.0	False
CDKN2A	HD-MY-Z	0.5	False
CDKN2A	HDLM-2	197.3	False
CDKN2A	HDQ-P1	321.6	False
CDKN2A	HEC-1-A	94.2	False
CDKN2A	HEC-1-B	81.3	False
CDKN2A	HEC-108	8.2	False
CDKN2A	HEC-151	8.6	False
CDKN2A	HEC-251	355.8	False
CDKN2A	HEC-265	6.9	False
CDKN2A	HEC-50B	0.6	False
CDKN2A	HEC-59	31.3	False
CDKN2A	HEC-6	1.2	False
CDKN2A	HEK TE	631.1	False
CDKN2A	HEK293	366.4	False
CDKN2A	HEL	0.1	False
CDKN2A	HEL 92.1.7	0.1	False
CDKN2A	HeLa	869.9	False
CDKN2A	Hep 3B2.1-7	404.0	False
CDKN2A	Hep-G2	16.8	False
CDKN2A	HEY	0.0	False
CDKN2A	HEY A8	2.0	False
CDKN2A	HGC-27	293.5	False
CDKN2A	HH [Human lymphoma]	149.6	False
CDKN2A	HHSteC	8.3	False
CDKN2A	HL-60	41.2	False
CDKN2A	HLF	133.7	False
CDKN2A	HLF-a	78.0	False
CDKN2A	HMC-1	16.6	False
CDKN2A	HMC-1-8	0.3	False
CDKN2A	HMCB	58.8	False
CDKN2A	HMEL	71.5	False
CDKN2A	HMY-1	52.4	False
CDKN2A	HN	0.0	False
CDKN2A	HNT-34	27.7	False
CDKN2A	HOP-62	5.5	False
CDKN2A	HOP-92	72.1	False
CDKN2A	HOS	0.1	False
CDKN2A	HPAC	142.8	False
CDKN2A	HPAF-II	624.5	True
CDKN2A	HPB-ALL	254.1	False
CDKN2A	Hs 172.T	10.8	False
CDKN2A	Hs 229.T	53.0	False
CDKN2A	Hs 255.T	74.5	False
CDKN2A	Hs 274.T	21.7	False
CDKN2A	Hs 281.T	50.1	False
CDKN2A	Hs 294T	0.2	False
CDKN2A	Hs 343.T	47.2	False
CDKN2A	Hs 38.T	25.1	False
CDKN2A	Hs 578T	2.6	False
CDKN2A	Hs 600.T	39.8	False
CDKN2A	Hs 606.T	50.0	False
CDKN2A	Hs 611.T	17.3	False
CDKN2A	Hs 616.T	56.7	False
CDKN2A	Hs 618.T	63.5	False
CDKN2A	Hs 675.T	20.1	False
CDKN2A	Hs 683	0.4	False
CDKN2A	Hs 688(A).T	28.7	False
CDKN2A	Hs 695T	7.6	False
CDKN2A	Hs 698.T	18.8	False
CDKN2A	Hs 706.T	8.6	False
CDKN2A	Hs 729.T	228.1	False
CDKN2A	Hs 737.T	82.1	False
CDKN2A	Hs 739.T	81.0	False
CDKN2A	Hs 742.T	60.0	False
CDKN2A	Hs 746.T	82.3	False
CDKN2A	Hs 751.T	20.8	False
CDKN2A	Hs 766T	355.6	False
CDKN2A	Hs 819.T	42.4	False
CDKN2A	Hs 821.T	27.1	False
CDKN2A	Hs 822.T	39.6	False
CDKN2A	Hs 834.T	33.5	False
CDKN2A	Hs 839.T	33.1	False
CDKN2A	Hs 840.T	69.3	False
CDKN2A	Hs 852.T	59.3	False
CDKN2A	Hs 863.T	21.8	False
CDKN2A	Hs 870.T	43.8	False
CDKN2A	Hs 888.T	85.7	False
CDKN2A	Hs 895.T	96.6	False
CDKN2A	Hs 934.T	33.8	False
CDKN2A	Hs 936.T	124.7	False
CDKN2A	Hs 939.T	39.3	False
CDKN2A	Hs 940.T	12.2	False
CDKN2A	Hs 944.T	274.3	False
CDKN2A	HSC-2	355.4	False
CDKN2A	HSC-3	43.7	False
CDKN2A	HSC-4	117.2	False
CDKN2A	HSkMC	19.9	False
CDKN2A	HT	109.6	False
CDKN2A	HT-1080	0.1	False
CDKN2A	HT-1197	33.1	False
CDKN2A	HT-1376	198.0	False
CDKN2A	HT-144	0.1	False
CDKN2A	HT-29	232.2	False
CDKN2A	HT-55	3.7	False
CDKN2A	HT115	100.8	False
CDKN2A	hTCEpi	0.0	False
CDKN2A	hTEC/SVTERT24-B	103.8	False
CDKN2A	hTERT-HME1	58.0	False
CDKN2A	hTERT-RPE1	227.8	False
CDKN2A	HuCC-T1	466.2	False
CDKN2A	HuG1-N	0.1	False
CDKN2A	HuH-1	86.2	False
CDKN2A	HuH-28	400.8	False
CDKN2A	HuH-6	45.0	False
CDKN2A	Huh-7	106.2	False
CDKN2A	HuNS1	35.6	False
CDKN2A	HuP-T3	0.1	True
CDKN2A	HuP-T4	1.2	True
CDKN2A	HuT 102	24.3	False
CDKN2A	HuT 78	0.3	False
CDKN2A	HuTu 80	72.7	False
CDKN2A	HUVEC/TERT2	10.8	False
CDKN2A	IA-LM	386.6	False
CDKN2A	IGR-1	0.2	False
CDKN2A	IGR-37	2.1	False
CDKN2A	IGR-39	6.4	False
CDKN2A	IGROV-1	13.3	False
CDKN2A	IM95	0.7	False
CDKN2A	IMR-32	0.6	False
CDKN2A	INA-6	152.9	False
CDKN2A	IOMM-Lee	0.5	False
CDKN2A	IPC-298	327.1	False
CDKN2A	Ishikawa (Heraklio) 02 ER-	227.3	False
CDKN2A	IST-Mes1	0.3	False
CDKN2A	IST-Mes2	0.4	False
CDKN2A	J82	528.7	False
CDKN2A	JeKo-1	276.2	False
CDKN2A	JH-EsoAd1	0.3	False
CDKN2A	JHH-1	89.2	False
CDKN2A	JHH-2	270.2	False
CDKN2A	JHH-4	249.5	False
CDKN2A	JHH-5	186.4	False
CDKN2A	JHH-6	149.9	False
CDKN2A	JHH-7	125.5	False
CDKN2A	JHOC-5	1.0	False
CDKN2A	JHOM-1	0.9	False
CDKN2A	JHOM-2B	259.4	False
CDKN2A	JHOS-2	0.3	False
CDKN2A	JHOS-4	1.0	False
CDKN2A	JHUEM-1	27.5	False
CDKN2A	JHUEM-2	43.6	False
CDKN2A	JHUEM-3	0.7	False
CDKN2A	JHUEM-7	289.2	False
CDKN2A	JIMT-1	256.1	False
CDKN2A	Jiyoye	208.0	False
CDKN2A	JJ012	0.2	False
CDKN2A	JJN-3	86.5	False
CDKN2A	JK-1	9.8	False
CDKN2A	JL-1	0.3	False
CDKN2A	JM-1	0.3	False
CDKN2A	JMSU-1	944.2	False
CDKN2A	JURKAT	0.1	False
CDKN2A	Jurkat E6.1	0.0	False
CDKN2A	JURL-MK1	0.4	False
CDKN2A	JVM-2	30.9	False
CDKN2A	JVM-3	39.5	False
CDKN2A	K-562	0.6	False
CDKN2A	K029AX	110.2	False
CDKN2A	KALS-1	749.0	False
CDKN2A	Karpas-1106P	0.1	False
CDKN2A	Karpas-299	138.5	False
CDKN2A	Karpas-422	141.3	False
CDKN2A	Karpas-620	93.9	False
CDKN2A	Karpas-707	178.8	False
CDKN2A	Kasumi-1	13.8	False
CDKN2A	Kasumi-2	20.9	False
CDKN2A	Kasumi-6	50.2	False
CDKN2A	KATO III	0.2	False
CDKN2A	KCI-MOH1	92.1	False
CDKN2A	KCL-22	23.7	False
CDKN2A	KD [Human abdomen rhabdoid tumor]	0.9	False
CDKN2A	KE-37	9.3	False
CDKN2A	KE-39	132.5	False
CDKN2A	KE-97	27.1	False
CDKN2A	Kelly	111.1	False
CDKN2A	KG-1	32.1	False
CDKN2A	KG-1-C	0.5	False
CDKN2A	KHM-1B	90.2	False
CDKN2A	Ki-JK	61.8	False
CDKN2A	KLE	309.8	False
CDKN2A	KLM-1	0.0	False
CDKN2A	KM-H2	0.3	False
CDKN2A	KM12	293.4	False
CDKN2A	KMBC-2	216.3	False
CDKN2A	KMM-1	167.9	False
CDKN2A	KMRC-1	0.5	False
CDKN2A	KMRC-2	53.2	False
CDKN2A	KMRC-20	0.5	False
CDKN2A	KMRC-3	77.4	False
CDKN2A	KMS-11	206.2	False
CDKN2A	KMS-12-BM	217.0	False
CDKN2A	KMS-18	225.4	False
CDKN2A	KMS-20	106.8	False
CDKN2A	KMS-21-BM	61.5	False
CDKN2A	KMS-26	380.3	False
CDKN2A	KMS-27	145.8	False
CDKN2A	KMS-28BM	232.9	False
CDKN2A	KMS-34	358.2	False
CDKN2A	KNS-42	123.8	False
CDKN2A	KNS-60	0.2	False
CDKN2A	KNS-62	209.2	False
CDKN2A	KNS-81	0.8	False
CDKN2A	KO52	22.1	False
CDKN2A	KOPN-8	293.3	False
CDKN2A	KP-2	0.3	False
CDKN2A	KP-3	344.9	False
CDKN2A	KP-4	0.2	False
CDKN2A	KP-MRT-RY	12.5	False
CDKN2A	KP-N-RT-BM-1	2.7	False
CDKN2A	KP-N-SI9s	15.6	False
CDKN2A	KP-N-YN	1.8	False
CDKN2A	KPL-1	2.4	False
CDKN2A	KPL-4	53.7	False
CDKN2A	KS-1 [Human glioblastoma]	0.5	False
CDKN2A	KU-19-19	0.2	False
CDKN2A	Ku812	19.3	False
CDKN2A	Kuramochi	268.3	False
CDKN2A	KYM-1	0.7	False
CDKN2A	KYO-1	0.4	False
CDKN2A	KYSE-140	0.1	False
CDKN2A	KYSE-150	202.6	False
CDKN2A	KYSE-180	0.2	False
CDKN2A	KYSE-270	114.0	False
CDKN2A	KYSE-30	56.3	False
CDKN2A	KYSE-410	120.6	False
CDKN2A	KYSE-450	1.4	False
CDKN2A	KYSE-510	0.1	False
CDKN2A	KYSE-520	88.1	False
CDKN2A	KYSE-70	0.1	False
CDKN2A	L-1236	350.6	False
CDKN2A	L-363	76.2	False
CDKN2A	L-428	133.3	False
CDKN2A	L-540	0.5	False
CDKN2A	L3.3	231.1	False
CDKN2A	LAMA-84	0.5	False
CDKN2A	LC-1F	0.5	False
CDKN2A	LCLC-103H	0.3	False
CDKN2A	LCLC-97TM1	0.1	False
CDKN2A	LHCN-M2	97.2	False
CDKN2A	Li-7	0.3	False
CDKN2A	LK-2	526.5	False
CDKN2A	LMSU	2.7	False
CDKN2A	LN-18	0.3	False
CDKN2A	LN-215	199.2	False
CDKN2A	LN-229	0.5	False
CDKN2A	LN-235	376.7	False
CDKN2A	LN-308	329.6	False
CDKN2A	LN-319	418.7	False
CDKN2A	LN-340	0.2	False
CDKN2A	LN-382	0.7	False
CDKN2A	LN-428	0.4	False
CDKN2A	LN-443	0.4	False
CDKN2A	LN-464	370.0	False
CDKN2A	LNCaP	28.3	False
CDKN2A	LNCaP clone FGC	30.4	False
CDKN2A	LOU-NH91	0.3	False
CDKN2A	Loucy	65.3	False
CDKN2A	LoVo	15.3	False
CDKN2A	LOX-IMVI	0.1	False
CDKN2A	LP-1	137.9	False
CDKN2A	LS1034	1.6	False
CDKN2A	LS123	64.2	False
CDKN2A	LS180	0.7	False
CDKN2A	LS411N	16.6	False
CDKN2A	LS513	0.3	False
CDKN2A	Lu-65	419.1	False
CDKN2A	Lu-99	0.1	False
CDKN2A	LUDLU-1	0.5	False
CDKN2A	LXF 289	153.4	False
CDKN2A	LXFL 529L	144.2	False
CDKN2A	M-07e	57.7	False
CDKN2A	M059K	346.3	False
CDKN2A	Malme-3M	0.0	False
CDKN2A	MC116	257.5	False
CDKN2A	MCAS	42.1	False
CDKN2A	MCF-10A	0.2	False
CDKN2A	MCF-7	1.0	False
CDKN2A	MDA-MB-134-VI	37.2	False
CDKN2A	MDA-MB-157	299.0	False
CDKN2A	MDA-MB-175-VII	12.9	False
CDKN2A	MDA-MB-231	0.9	False
CDKN2A	MDA-MB-330	70.6	False
CDKN2A	MDA-MB-361	17.3	False
CDKN2A	MDA-MB-415	114.6	False
CDKN2A	MDA-MB-435	251.9	False
CDKN2A	MDA-MB-435S	310.7	False
CDKN2A	MDA-MB-436	174.3	False
CDKN2A	MDA-MB-453	28.4	False
CDKN2A	MDA-MB-468	150.1	False
CDKN2A	MDA-PCa-2b	1.5	False
CDKN2A	MDST8	37.5	False
CDKN2A	ME-1 [Human leukemia]	92.9	False
CDKN2A	ME-180	626.2	False
CDKN2A	MEC-1	52.0	False
CDKN2A	MEG-01	587.2	False
CDKN2A	Mel 928	117.2	False
CDKN2A	Mel Ho	22.1	False
CDKN2A	Mel JuSo	0.3	False
CDKN2A	MES-SA	0.4	False
CDKN2A	MeWo	35.8	False
CDKN2A	MFE-280	275.6	False
CDKN2A	MFE-296	57.8	False
CDKN2A	MFE-319	245.7	False
CDKN2A	MFM-223	40.8	False
CDKN2A	MG-63	0.4	False
CDKN2A	MHH-CALL-2	0.6	False
CDKN2A	MHH-CALL-3	0.8	False
CDKN2A	MHH-CALL-4	0.4	False
CDKN2A	MHH-ES-1	32.4	False
CDKN2A	MHH-NB-11	0.3	False
CDKN2A	MHH-PREB-1	151.8	False
CDKN2A	MIA PaCa-2	0.8	True
CDKN2A	Mino	249.7	False
CDKN2A	MJ	31.7	False
CDKN2A	MKN1	164.7	False
CDKN2A	MKN45	1.2	False
CDKN2A	MKN7	175.6	False
CDKN2A	MKN74	41.2	False
CDKN2A	ML-1 [Human thyroid carcinoma]	115.2	False
CDKN2A	ML-2	2.3	False
CDKN2A	MM1.S	1.1	False
CDKN2A	MOLM-13	1.3	False
CDKN2A	MOLM-16	868.0	False
CDKN2A	MOLM-6	25.6	False
CDKN2A	MOLP-2	71.7	False
CDKN2A	MOLP-8	0.5	False
CDKN2A	MOLT-13	0.8	False
CDKN2A	MOLT-16	0.5	False
CDKN2A	MOLT-3	3.5	False
CDKN2A	MOLT-4	2.1	False
CDKN2A	MON	12.5	False
CDKN2A	Mono-Mac-1	656.7	False
CDKN2A	Mono-Mac-6	467.7	False
CDKN2A	MOR	56.3	False
CDKN2A	MOR/CPR	76.0	False
CDKN2A	MPP 89	599.6	False
CDKN2A	MS751	431.8	False
CDKN2A	MSTO-211H	3.6	False
CDKN2A	MUTZ-3	15.9	False
CDKN2A	MUTZ-5	0.6	False
CDKN2A	MV4-11	200.5	False
CDKN2A	MX-1	120.3	False
CDKN2A	NALM-1	0.5	False
CDKN2A	NALM-19	0.5	False
CDKN2A	NALM-6	0.4	False
CDKN2A	Namalwa	213.3	False
CDKN2A	NB1	3.1	False
CDKN2A	NB4	0.6	False
CDKN2A	NCC-StC-K140	0.6	False
CDKN2A	NCE-G 111	0.5	False
CDKN2A	NCE-G 118	485.0	False
CDKN2A	NCE-G 120	0.4	False
CDKN2A	NCE-G 121	0.4	False
CDKN2A	NCE-G 122	423.7	False
CDKN2A	NCE-G 124	0.7	False
CDKN2A	NCE-G 130	601.0	False
CDKN2A	NCE-G 140	0.6	False
CDKN2A	NCE-G 22	616.6	False
CDKN2A	NCE-G 28T	0.7	False
CDKN2A	NCE-G 44	0.3	False
CDKN2A	NCE-G 59	347.8	False
CDKN2A	NCE-G 61	0.6	False
CDKN2A	NCE-G 84	0.0	False
CDKN2A	NCI-H1048	327.1	False
CDKN2A	NCI-H1092	200.9	False
CDKN2A	NCI-H1105	89.6	False
CDKN2A	NCI-H1155	265.1	False
CDKN2A	NCI-H1184	264.1	False
CDKN2A	NCI-H1299	177.4	False
CDKN2A	NCI-H1341	365.0	False
CDKN2A	NCI-H1355	126.8	False
CDKN2A	NCI-H1373	162.8	False
CDKN2A	NCI-H1385	1.4	False
CDKN2A	NCI-H1395	15.8	False
CDKN2A	NCI-H1435	90.7	False
CDKN2A	NCI-H1436	247.6	False
CDKN2A	NCI-H1437	0.8	False
CDKN2A	NCI-H146	316.2	False
CDKN2A	NCI-H1563	0.4	False
CDKN2A	NCI-H1568	31.1	False
CDKN2A	NCI-H157	51.5	False
CDKN2A	NCI-H1573	99.8	False
CDKN2A	NCI-H1581	144.4	False
CDKN2A	NCI-H1618	129.9	False
CDKN2A	NCI-H1623	29.5	False
CDKN2A	NCI-H1648	0.2	False
CDKN2A	NCI-H1650	0.9	False
CDKN2A	NCI-H1651	0.4	False
CDKN2A	NCI-H1666	0.7	False
CDKN2A	NCI-H1693	182.5	False
CDKN2A	NCI-H1694	207.6	False
CDKN2A	NCI-H1703	223.6	False
CDKN2A	NCI-H1734	326.4	False
CDKN2A	NCI-H1755	0.4	False
CDKN2A	NCI-H1770	346.2	False
CDKN2A	NCI-H1781	357.8	False
CDKN2A	NCI-H1792	257.5	False
CDKN2A	NCI-H1793	0.8	False
CDKN2A	NCI-H1819	179.4	False
CDKN2A	NCI-H1836	380.1	False
CDKN2A	NCI-H1838	0.2	False
CDKN2A	NCI-H1869	5.5	False
CDKN2A	NCI-H187	182.3	False
CDKN2A	NCI-H1876	495.3	False
CDKN2A	NCI-H1882	441.2	False
CDKN2A	NCI-H1915	252.4	False
CDKN2A	NCI-H1930	181.0	False
CDKN2A	NCI-H1944	0.4	False
CDKN2A	NCI-H196	348.5	False
CDKN2A	NCI-H1963	279.2	False
CDKN2A	NCI-H1975	41.9	False
CDKN2A	NCI-H2004RT	104.2	False
CDKN2A	NCI-H2009	414.1	False
CDKN2A	NCI-H2023	1.6	False
CDKN2A	NCI-H2029	148.7	False
CDKN2A	NCI-H2030	97.6	False
CDKN2A	NCI-H2052	2.1	False
CDKN2A	NCI-H2066	110.4	False
CDKN2A	NCI-H2073	329.7	False
CDKN2A	NCI-H2077	154.4	False
CDKN2A	NCI-H2081	262.3	False
CDKN2A	NCI-H2085	140.0	False
CDKN2A	NCI-H2087	183.8	False
CDKN2A	NCI-H209	169.3	False
CDKN2A	NCI-H2106	107.8	False
CDKN2A	NCI-H211	57.8	False
CDKN2A	NCI-H2110	303.9	False
CDKN2A	NCI-H2122	0.1	False
CDKN2A	NCI-H2126	0.2	False
CDKN2A	NCI-H2135	115.1	False
CDKN2A	NCI-H2170	1.4	False
CDKN2A	NCI-H2171	131.6	False
CDKN2A	NCI-H2172	231.2	False
CDKN2A	NCI-H2196	204.2	False
CDKN2A	NCI-H2198	286.3	False
CDKN2A	NCI-H2227	126.1	False
CDKN2A	NCI-H2228	0.2	False
CDKN2A	NCI-H226	3.3	False
CDKN2A	NCI-H2286	128.3	False
CDKN2A	NCI-H2291	185.4	False
CDKN2A	NCI-H23	49.0	False
CDKN2A	NCI-H2342	53.3	False
CDKN2A	NCI-H2347	168.0	False
CDKN2A	NCI-H2369	0.1	False
CDKN2A	NCI-H2373	0.0	False
CDKN2A	NCI-H2405	0.5	False
CDKN2A	NCI-H2444	159.4	False
CDKN2A	NCI-H2452	0.4	False
CDKN2A	NCI-H2461	0.0	False
CDKN2A	NCI-H2595	0.0	False
CDKN2A	NCI-H2596	0.0	False
CDKN2A	NCI-H2722	0.0	False
CDKN2A	NCI-H2795	0.0	False
CDKN2A	NCI-H28	0.2	False
CDKN2A	NCI-H2803	2.7	False
CDKN2A	NCI-H2804	47.9	False
CDKN2A	NCI-H2810	0.0	False
CDKN2A	NCI-H2882	0.3	False
CDKN2A	NCI-H2887	500.2	False
CDKN2A	NCI-H292	0.3	False
CDKN2A	NCI-H3122	0.3	False
CDKN2A	NCI-H322	0.4	False
CDKN2A	NCI-H3255	0.3	False
CDKN2A	NCI-H345	99.8	False
CDKN2A	NCI-H358	142.5	False
CDKN2A	NCI-H441	38.1	False
CDKN2A	NCI-H446	337.3	False
CDKN2A	NCI-H460	0.1	False
CDKN2A	NCI-H508	57.9	False
CDKN2A	NCI-H510A	80.6	False
CDKN2A	NCI-H520	124.8	False
CDKN2A	NCI-H522	398.3	False
CDKN2A	NCI-H524	263.0	False
CDKN2A	NCI-H526	245.2	False
CDKN2A	NCI-H596	308.4	False
CDKN2A	NCI-H647	0.5	False
CDKN2A	NCI-H650	134.3	False
CDKN2A	NCI-H660	148.9	False
CDKN2A	NCI-H661	175.6	False
CDKN2A	NCI-H684	90.6	False
CDKN2A	NCI-H69	209.7	False
CDKN2A	NCI-H716	126.8	False
CDKN2A	NCI-H727	67.0	False
CDKN2A	NCI-H747	195.6	False
CDKN2A	NCI-H810	218.9	False
CDKN2A	NCI-H82	239.0	False
CDKN2A	NCI-H820	433.5	False
CDKN2A	NCI-H838	0.4	False
CDKN2A	NCI-H841	247.0	False
CDKN2A	NCI-H847	110.2	False
CDKN2A	NCI-H854	135.3	False
CDKN2A	NCI-H889	317.8	False
CDKN2A	NCI-H920	713.8	False
CDKN2A	NCI-H929	92.0	False
CDKN2A	NCI-N417	299.9	False
CDKN2A	NCI-N87	241.1	False
CDKN2A	NCO2	669.5	False
CDKN2A	NH-6	7.0	False
CDKN2A	NHAHTDD	169.5	False
CDKN2A	NMC-G1	6.8	False
CDKN2A	NOMO-1	0.7	False
CDKN2A	NTERA-2	3.1	False
CDKN2A	NU-DHL-1	0.5	False
CDKN2A	NU-DUL-1	345.0	False
CDKN2A	NUGC-2	0.6	False
CDKN2A	NUGC-3	142.8	False
CDKN2A	NUGC-4	0.4	False
CDKN2A	OAW28	249.3	False
CDKN2A	OAW42	66.6	False
CDKN2A	OC 314	212.3	False
CDKN2A	OCI-AML-2	137.6	False
CDKN2A	OCI-AML-3	15.5	False
CDKN2A	OCI-AML-5	59.2	False
CDKN2A	OCI-Ly10	0.2	False
CDKN2A	OCI-Ly19	0.2	False
CDKN2A	OCI-Ly3	0.3	False
CDKN2A	OCI-Ly7	324.7	False
CDKN2A	OCI-M1	410.1	False
CDKN2A	OCI-M2	565.1	False
CDKN2A	OCI-My5	258.3	False
CDKN2A	OCI-My7	52.4	False
CDKN2A	OCUM-1	28.3	False
CDKN2A	OE19	35.8	False
CDKN2A	OE21	1.1	False
CDKN2A	OE33	468.2	False
CDKN2A	OELE	269.4	False
CDKN2A	Okajima	350.1	False
CDKN2A	ONCO-DG-1	285.6	False
CDKN2A	ONS-76	3.3	False
CDKN2A	OPM-1	368.0	False
CDKN2A	OPM-2	274.5	False
CDKN2A	OS-RC-2	0.4	False
CDKN2A	OUMS-23	154.2	False
CDKN2A	OV-90	192.6	False
CDKN2A	OV56	542.0	False
CDKN2A	OV7	646.8	False
CDKN2A	OVCA420	410.2	False
CDKN2A	OVCA432	131.7	False
CDKN2A	OVCA433	0.2	False
CDKN2A	OVCAR-3	402.6	False
CDKN2A	OVCAR-4	239.5	False
CDKN2A	OVCAR-5	0.7	False
CDKN2A	OVCAR-8	325.1	False
CDKN2A	OVISE	213.3	False
CDKN2A	OVK18	17.5	False
CDKN2A	OVKATE	69.0	False
CDKN2A	OVMANA	232.7	False
CDKN2A	OVSAHO	272.7	False
CDKN2A	OVTOKO	0.5	False
CDKN2A	P12-Ichikawa	4.9	False
CDKN2A	P31/FUJ	256.4	False
CDKN2A	P3HR-1	95.1	False
CDKN2A	PA-1	33.5	False
CDKN2A	Panc 02.03	149.0	True
CDKN2A	Panc 02.13	0.4	True
CDKN2A	Panc 03.27	0.3	True
CDKN2A	Panc 04.03	166.8	True
CDKN2A	Panc 05.04	0.7	True
CDKN2A	Panc 08.13	1.0	True
CDKN2A	Panc 10.05	269.9	True
CDKN2A	PANC-1	0.4	True
CDKN2A	PaTu 8902	198.4	True
CDKN2A	PaTu 8988s	57.1	True
CDKN2A	PaTu 8988t	122.1	True
CDKN2A	PC-14	309.1	False
CDKN2A	PC-3	125.3	False
CDKN2A	PC-9	271.8	False
CDKN2A	PE/CA-PJ15	0.5	False
CDKN2A	PE/CA-PJ34 (clone C12)	0.7	False
CDKN2A	PE/CA-PJ41 (clone D2)	29.9	False
CDKN2A	PE/CA-PJ49	146.1	False
CDKN2A	Peer	2.8	False
CDKN2A	PEO1	0.4	False
CDKN2A	PF-382	1.5	False
CDKN2A	Pfeiffer	67.4	False
CDKN2A	PK-1	0.3	False
CDKN2A	PK-45H	0.5	False
CDKN2A	PK-45P	0.0	False
CDKN2A	PK-59	142.9	False
CDKN2A	PK-8	0.3	False
CDKN2A	PL-21	484.0	False
CDKN2A	PL45	192.7	True
CDKN2A	PLB-985	38.5	False
CDKN2A	PLC/PRF/5	88.2	False
CDKN2A	PODO/SVTERT152	256.8	False
CDKN2A	PODO/TERT256	56.9	False
CDKN2A	PrEC LH	170.6	False
CDKN2A	PSN1	3.1	False
CDKN2A	QGP-1	96.2	False
CDKN2A	Raji	206.4	False
CDKN2A	Ramos	276.6	False
CDKN2A	RC-K8	24.4	False
CDKN2A	RCC10RGB	1.0	False
CDKN2A	RCH-ACV	15.0	False
CDKN2A	RCM-1 [Human rectal adenocarcinoma]	108.5	False
CDKN2A	RD	137.4	False
CDKN2A	RD-ES	81.5	False
CDKN2A	REC-1	0.4	False
CDKN2A	REH	0.4	False
CDKN2A	RERF-GC-1B	56.6	False
CDKN2A	RERF-LC-A1	95.0	False
CDKN2A	RERF-LC-Ad1	0.5	False
CDKN2A	RERF-LC-Ad2	158.7	False
CDKN2A	RERF-LC-KJ	144.6	False
CDKN2A	RERF-LC-MS	201.1	False
CDKN2A	RERF-LC-OK	0.3	False
CDKN2A	RERF-LC-Sq1	0.6	False
CDKN2A	Rh18	188.6	False
CDKN2A	Rh30	196.3	False
CDKN2A	Rh41	172.0	False
CDKN2A	Ri-1	313.3	False
CDKN2A	RKN	0.5	False
CDKN2A	RKO	0.7	False
CDKN2A	RL	164.0	False
CDKN2A	RL95-2	145.2	False
CDKN2A	RMG-I	2.8	False
CDKN2A	RMUG-S	10.9	False
CDKN2A	RPMI-2650	9.6	False
CDKN2A	RPMI-7951	533.6	False
CDKN2A	RPMI-8226	207.1	False
CDKN2A	RPMI-8402	0.5	False
CDKN2A	RPTEC/TERT1	21.8	False
CDKN2A	RS-5	49.1	False
CDKN2A	RS4;11	1.2	False
CDKN2A	RT-112	0.3	False
CDKN2A	RT-4	0.1	False
CDKN2A	RVH-421	4.4	False
CDKN2A	S-117	0.6	False
CDKN2A	SALE	223.3	False
CDKN2A	SaOS-2	376.3	False
CDKN2A	SBC-5	268.4	False
CDKN2A	Sc-1	214.7	False
CDKN2A	SCaBER	204.0	False
CDKN2A	SCC-15	180.5	False
CDKN2A	SCC-25	2.3	False
CDKN2A	SCC-3	212.8	False
CDKN2A	SCC-4	54.5	False
CDKN2A	SCC-9	0.6	False
CDKN2A	SCLC-21H	223.1	False
CDKN2A	SCLC-22H	420.8	False
CDKN2A	SEM	359.5	False
CDKN2A	SET-2	0.0	False
CDKN2A	SF126	0.4	False
CDKN2A	SF172	2.7	False
CDKN2A	SF268	1.1	False
CDKN2A	SF295	0.2	False
CDKN2A	SF539	386.8	False
CDKN2A	SF767	515.4	False
CDKN2A	SH-10-TC	131.2	False
CDKN2A	SH-4	0.6	False
CDKN2A	SH-SY5Y	13.2	False
CDKN2A	SHP-77	90.0	False
CDKN2A	SIG-M5	142.6	False
CDKN2A	SiHa	327.7	False
CDKN2A	SiMa	12.1	False
CDKN2A	SJSA-1	190.9	False
CDKN2A	SK-BR-3	72.3	False
CDKN2A	SK-CO-1	7.5	False
CDKN2A	SK-ES-1	101.2	False
CDKN2A	SK-HEP-1	0.7	False
CDKN2A	SK-LMS-1	74.3	False
CDKN2A	SK-LU-1	1.0	False
CDKN2A	SK-MEL-1	100.5	False
CDKN2A	SK-MEL-2	67.6	False
CDKN2A	SK-MEL-23	0.0	False
CDKN2A	SK-MEL-24	10.1	False
CDKN2A	SK-MEL-28	213.7	False
CDKN2A	SK-MEL-3	37.9	False
CDKN2A	SK-MEL-30	210.4	False
CDKN2A	SK-MEL-31	4.8	False
CDKN2A	SK-MEL-5	0.4	False
CDKN2A	SK-MES-1	0.4	False
CDKN2A	SK-MM-2	75.0	False
CDKN2A	SK-N-AS	17.7	False
CDKN2A	SK-N-BE(2)	17.9	False
CDKN2A	SK-N-DZ	42.9	False
CDKN2A	SK-N-FI	1.5	False
CDKN2A	SK-N-MC	212.6	False
CDKN2A	SK-N-SH	13.1	False
CDKN2A	SK-NEP-1	0.0	False
CDKN2A	SK-OV-3	0.1	False
CDKN2A	SK-PN-DW	148.6	False
CDKN2A	SK-RC-20	2.0	False
CDKN2A	SK-UT-1	501.1	False
CDKN2A	SKM-1	170.3	False
CDKN2A	SKNO-1	9.4	False
CDKN2A	SLR20	186.7	False
CDKN2A	SLR21	0.3	False
CDKN2A	SLR23	4.2	False
CDKN2A	SLR24	0.5	False
CDKN2A	SLR25	61.9	False
CDKN2A	SLR26	0.5	False
CDKN2A	SNB-75	261.4	False
CDKN2A	SNG-M	69.4	False
CDKN2A	SNU-1	38.0	False
CDKN2A	SNU-1033	672.1	False
CDKN2A	SNU-1040	9.8	False
CDKN2A	SNU-1041	0.4	False
CDKN2A	SNU-1066	295.0	False
CDKN2A	SNU-1076	274.2	False
CDKN2A	SNU-1077	286.8	False
CDKN2A	SNU-1079	0.7	False
CDKN2A	SNU-1105	0.4	False
CDKN2A	SNU-119	673.0	False
CDKN2A	SNU-1196	0.6	False
CDKN2A	SNU-1197	233.5	False
CDKN2A	SNU-1214	50.4	False
CDKN2A	SNU-1272	77.1	False
CDKN2A	SNU-16	0.1	False
CDKN2A	SNU-175	9.5	False
CDKN2A	SNU-182	341.9	False
CDKN2A	SNU-201	0.3	False
CDKN2A	SNU-213	251.8	False
CDKN2A	SNU-216	142.7	False
CDKN2A	SNU-245	4.0	False
CDKN2A	SNU-283	76.5	False
CDKN2A	SNU-308	232.5	False
CDKN2A	SNU-324	214.9	False
CDKN2A	SNU-349	109.2	False
CDKN2A	SNU-387	0.3	False
CDKN2A	SNU-398	111.8	False
CDKN2A	SNU-407	7.8	False
CDKN2A	SNU-410	0.4	False
CDKN2A	SNU-423	168.7	False
CDKN2A	SNU-449	0.1	False
CDKN2A	SNU-46	292.5	False
CDKN2A	SNU-466	0.4	False
CDKN2A	SNU-475	123.5	False
CDKN2A	SNU-478	1.0	False
CDKN2A	SNU-484	199.3	False
CDKN2A	SNU-489	0.7	False
CDKN2A	SNU-5	51.4	False
CDKN2A	SNU-503	318.1	False
CDKN2A	SNU-520	44.5	False
CDKN2A	SNU-601	0.4	False
CDKN2A	SNU-61	87.4	False
CDKN2A	SNU-620	35.6	False
CDKN2A	SNU-626	368.3	False
CDKN2A	SNU-638	147.4	False
CDKN2A	SNU-668	0.3	False
CDKN2A	SNU-685	452.2	False
CDKN2A	SNU-719	0.4	False
CDKN2A	SNU-738	0.5	False
CDKN2A	SNU-761	124.3	False
CDKN2A	SNU-8	559.6	False
CDKN2A	SNU-81	72.9	False
CDKN2A	SNU-840	0.8	False
CDKN2A	SNU-869	95.9	False
CDKN2A	SNU-878	203.9	False
CDKN2A	SNU-886	151.1	False
CDKN2A	SNU-899	378.3	False
CDKN2A	SNU-C1	5.5	False
CDKN2A	SNU-C2A	85.1	False
CDKN2A	SNU-C4	1.7	False
CDKN2A	SNU-C5	71.4	False
CDKN2A	Sq-1	54.8	False
CDKN2A	SR	18.2	False
CDKN2A	ST486	169.2	False
CDKN2A	STM91-01	44.4	False
CDKN2A	SU-DHL-1	157.8	False
CDKN2A	SU-DHL-10	235.0	False
CDKN2A	SU-DHL-16	150.2	False
CDKN2A	SU-DHL-4	150.6	False
CDKN2A	SU-DHL-5	95.8	False
CDKN2A	SU-DHL-6	186.9	False
CDKN2A	SU-DHL-8	447.5	False
CDKN2A	SU.86.86	0.2	True
CDKN2A	SUIT-2	28.8	False
CDKN2A	SUM1315MO2	0.0	False
CDKN2A	SUM149PT	0.0	False
CDKN2A	SUM159PT	0.0	False
CDKN2A	SUM52PE	46.9	False
CDKN2A	SUP-B15	1.3	False
CDKN2A	SUP-M2	70.6	False
CDKN2A	SUP-T1	1.1	False
CDKN2A	SUP-T11	119.0	False
CDKN2A	SuSa	8.7	False
CDKN2A	SW1088	4.0	False
CDKN2A	SW1116	132.1	False
CDKN2A	SW1271	0.6	False
CDKN2A	SW1353	27.8	False
CDKN2A	SW1417	16.1	False
CDKN2A	SW1463	96.8	False
CDKN2A	SW1573	1.4	False
CDKN2A	SW1710	3.4	False
CDKN2A	SW1783	578.0	False
CDKN2A	SW1990	0.4	False
CDKN2A	SW403	6.4	False
CDKN2A	SW48	4.7	False
CDKN2A	SW480	103.7	False
CDKN2A	SW579	0.5	False
CDKN2A	SW620	195.7	False
CDKN2A	SW780	1.1	False
CDKN2A	SW837	130.4	False
CDKN2A	SW900	0.3	False
CDKN2A	SW948	108.2	False
CDKN2A	SW982	1.0	False
CDKN2A	T-47d	45.5	False
CDKN2A	T.T	104.8	False
CDKN2A	T1-73	60.9	False
CDKN2A	T24	115.2	False
CDKN2A	T3M-10	772.9	False
CDKN2A	T3M-4	63.1	False
CDKN2A	T84	46.5	False
CDKN2A	T98G	3.2	False
CDKN2A	TALL-1 [Human adult T-ALL]	57.4	False
CDKN2A	TC-71	1.0	False
CDKN2A	TCC-Pan2	1.3	False
CDKN2A	TCCSUP	577.0	False
CDKN2A	TE 125.T	38.9	False
CDKN2A	TE 159.T	32.9	False
CDKN2A	TE 441.T	21.2	False
CDKN2A	TE 617.T	86.2	False
CDKN2A	TE-1	162.7	False
CDKN2A	TE-10	4.2	False
CDKN2A	TE-11	0.8	False
CDKN2A	TE-14	3.0	False
CDKN2A	TE-15	1.0	False
CDKN2A	TE-4	55.8	False
CDKN2A	TE-5	6.9	False
CDKN2A	TE-6	2.4	False
CDKN2A	TE-8	3.3	False
CDKN2A	TE-9	0.7	False
CDKN2A	TEN	325.3	False
CDKN2A	TF-1	554.5	False
CDKN2A	TGBC11TKB	94.2	False
CDKN2A	THP-1	0.4	False
CDKN2A	TIG-3 TD	89.9	False
CDKN2A	TIME	37.8	False
CDKN2A	TK [Human B-cell lymphoma]	189.6	False
CDKN2A	TK-10	276.4	False
CDKN2A	TM-31	1.1	False
CDKN2A	Tm87-16	12.9	False
CDKN2A	TMD8	0.6	False
CDKN2A	TO 175.T	20.4	False
CDKN2A	Toledo	74.6	False
CDKN2A	TOV-112D	221.4	False
CDKN2A	TOV-21G	12.0	False
CDKN2A	TT	2.2	False
CDKN2A	TT2609-C02	137.1	False
CDKN2A	TTC-1240	3.2	False
CDKN2A	TTC-549	82.5	False
CDKN2A	TTC-642	2.0	False
CDKN2A	TTC-709	14.1	False
CDKN2A	TUHR10TKB	1.1	False
CDKN2A	TUHR14TKB	1.9	False
CDKN2A	TUHR4TKB	21.4	False
CDKN2A	TYK-nu	0.1	False
CDKN2A	U-118MG	0.3	False
CDKN2A	U-138MG	0.8	False
CDKN2A	U-178MG	0.4	False
CDKN2A	U-2197	0.3	False
CDKN2A	U-251MG	0.3	False
CDKN2A	U-266/70	79.8	False
CDKN2A	U-266/84	48.0	False
CDKN2A	U-2932	286.5	False
CDKN2A	U-343MGa	0.6	False
CDKN2A	U-698-M	233.6	False
CDKN2A	U-87MG ATCC	0.3	False
CDKN2A	U-937	130.4	False
CDKN2A	U-BLC1	166.9	False
CDKN2A	U266B1	65.8	False
CDKN2A	U2OS	1.0	False
CDKN2A	UACC-257	144.8	False
CDKN2A	UACC-62	1.7	False
CDKN2A	UACC-812	10.6	False
CDKN2A	UACC-893	24.4	False
CDKN2A	UCSD-242L	6.8	False
CDKN2A	UKE-1	1.9	False
CDKN2A	UM-UC-1	4.2	False
CDKN2A	UM-UC-3	0.5	False
CDKN2A	UMC-11	0.2	False
CDKN2A	UO-31	4.8	False
CDKN2A	UOK101	0.9	False
CDKN2A	VCaP	3.8	False
CDKN2A	VM-CUB-1	224.9	False
CDKN2A	VMRC-LCD	0.0	False
CDKN2A	VMRC-RCW	325.0	False
CDKN2A	VMRC-RCZ	1.6	False
CDKN2A	WM115	0.8	False
CDKN2A	WM1799	4.4	False
CDKN2A	WM266-4	4.0	False
CDKN2A	WM793	135.9	False
CDKN2A	WM88	4.2	False
CDKN2A	WM983B	118.7	False
CDKN2A	WSU-DLCL2	158.0	False
CDKN2A	WSU-FSCCL	0.0	False
CDKN2A	WSU-NHL	17.2	False
CDKN2A	YAPC	1.2	False
CDKN2A	YD-10B	117.3	False
CDKN2A	YD-15	80.1	False
CDKN2A	YD-38	259.6	False
CDKN2A	YD-8	219.5	False
CDKN2A	YH-13	4.9	False
CDKN2A	YKG-1	0.2	False
CDKN2A	YMB-1	19.9	False
CDKN2A	ZR-75-1	18.3	False
CDKN2A	ZR-75-30	6.4	False
